Workbook
Name TeamList: Teams!$C$2:$C$17

Sheet README
A1: 12 ORE BOSARO 2026 — Tournament Manager
A3: Uso rapido: 1) risultati gironi in Matches e playoff in Knockout; 2) marcatori in Goals o KnockoutGoals; 3) classifiche ed Export si aggiornano automaticamente.
A5: Punti vittoria | B5: 3
A6: Punti vittoria ai rigori | B6: 2
A7: Punti sconfitta ai rigori | B7: 1
A8: Punti sconfitta | B8: 0
A9: Ordinamento classifica | B9: Punti, H2H manuale, differenza reti, gol fatti
A10: Autogol | B10: Non associato ad alcun giocatore e non conteggiato nei marcatori
A11: Fonte rose | B11: Squadre_iscritte(1).pdf
A12: Fonte calendario | B12: calendario_partite.pdf / gironi.pdf / fase_finale.pdf
A14: Modifiche v4 | B14: Export include anche marcatori aggregati per partita e tabella normalizzata match_goals.
A15: PenaltyWinner | B15: Nel foglio Matches il vincitore ai rigori è vincolato a squadra casa/trasferta della riga.
A16: GoalType | B16: Nel foglio Goals il tipo è Goal di default; cambia in Autogol solo se serve e lascia Player vuoto.
A17: Export sito: standings, top_scorers, matches, knockout e match_goals (gironi + knockout). | B17: Usa sezione matches per risultati + marcatori aggregati, oppure match_goals per dati normalizzati.
A18: ROSE: modifica numeri, giocatori e capitani soltanto nel foglio Rosters; Players e Validation sono viste automatiche.

Sheet Settings
A1: Setting | B1: Value
A2: WinPoints | B2: 3
A3: PenaltyWinPoints | B3: 2
A4: PenaltyLossPoints | B4: 1
A5: LossPoints | B5: 0
A6: MaxGoalSlotsPerMatch | B6: 12
A7: LiveReferenceDate | B7: 2026-06-28

Sheet Teams
A1: TeamID | B1: Group | C1: TeamName | D1: Players
A2: T01 | B2: A | C2: Fatine FC | D2: =COUNTIF(Players!$B$2:$B$481,A2) -> 10
A3: T02 | B3: A | C3: FC Internazionale Rovigo | D3: =COUNTIF(Players!$B$2:$B$481,A3) -> 10
A4: T03 | B4: A | C4: Moviola Utd | D4: =COUNTIF(Players!$B$2:$B$481,A4) -> 13
A5: T04 | B5: A | C5: Astolfi Impianti Elettrici | D5: =COUNTIF(Players!$B$2:$B$481,A5) -> 9
A6: T05 | B6: B | C6: Totani | D6: =COUNTIF(Players!$B$2:$B$481,A6) -> 9
A7: T06 | B7: B | C7: Vecchie Glorie Rovigo | D7: =COUNTIF(Players!$B$2:$B$481,A7) -> 11
A8: T07 | B8: B | C8: AS Bancatore | D8: =COUNTIF(Players!$B$2:$B$481,A8) -> 11
A9: T08 | B9: B | C9: Beverton | D9: =COUNTIF(Players!$B$2:$B$481,A9) -> 6
A10: T09 | B10: C | C10: Leoni di Ricky | D10: =COUNTIF(Players!$B$2:$B$481,A10) -> 9
A11: T10 | B11: C | C11: Pink 5ive | D11: =COUNTIF(Players!$B$2:$B$481,A11) -> 10
A12: T11 | B12: C | C12: Barrio Boys | D12: =COUNTIF(Players!$B$2:$B$481,A12) -> 10
A13: T12 | B13: C | C13: Cani | D13: =COUNTIF(Players!$B$2:$B$481,A13) -> 10
... A17: T16 | B17: D | C17: Piadineria la Salsiccia | D17: =COUNTIF(Players!$B$2:$B$481,A17) -> 11

Sheet Rosters
A1: Fatine FC · Girone A | D1: FC Internazionale Rovigo · Girone A | G1: Moviola Utd · Girone A | J1: Astolfi Impianti Elettrici · Girone A | M1: Totani · Girone B | P1: Vecchie Glorie Rovigo · Girone B | S1: AS Bancatore · Girone B | V1: Beverton · Girone B | Y1: Leoni di Ricky · Girone C | AB1: Pink 5ive · Girone C | AE1: Barrio Boys · Girone C | AH1: Cani · Girone C | AK1: All Blacks · Girone D | AN1: Boldò Glimt · Girone D | AQ1: Coca Juniors · Girone D | AT1: Piadineria la Salsiccia · Girone D
A2: Numero | B2: Giocatore | C2: Capitano | D2: Numero | E2: Giocatore | F2: Capitano | G2: Numero | H2: Giocatore | I2: Capitano | J2: Numero | K2: Giocatore | L2: Capitano | M2: Numero | N2: Giocatore | O2: Capitano | P2: Numero | Q2: Giocatore | R2: Capitano | S2: Numero | T2: Giocatore | U2: Capitano | V2: Numero | W2: Giocatore | X2: Capitano | Y2: Numero | Z2: Giocatore | AA2: Capitano | AB2: Numero | AC2: Giocatore | AD2: Capitano | AE2: Numero | AF2: Giocatore | AG2: Capitano | AH2: Numero | AI2: Giocatore | AJ2: Capitano | AK2: Numero | AL2: Giocatore | AM2: Capitano | AN2: Numero | AO2: Giocatore | AP2: Capitano | AQ2: Numero | AR2: Giocatore | AS2: Capitano | AT2: Numero | AU2: Giocatore | AV2: Capitano
A3: 1 | B3: PIETRO SEGATO | C3: No | E3: BOGDAN ATAMANYUK | F3: No | H3: MATTIA MERLO | I3: No | J3: 1 | K3: NICOLAS ANDRIOTTO | L3: No | M3: 5 | N3: DANIEL TARGA | O3: No | P3: 10 | Q3: DAVIDE ZAGHI | R3: Yes | S3: 1 | T3: RICCARDO BROGLIO | U3: No | V3: 4 | W3: SAMUEL MATTIELLO | X3: No | Y3: 1 | Z3: ANDREA DEGAN | AA3: No | AB3: 4 | AC3: LORENZO BOSCOLO | AD3: No | AE3: 1 | AF3: NICCOLÒ LIMAJ | AG3: No | AH3: 4 | AI3: MANUEL IMPELLICCIERI | AJ3: No | AK3: 1 | AL3: GIACOMO DE SIMONE | AM3: No | AN3: 1 | AO3: MATTIA BELLUCCO | AP3: No | AQ3: 1 | AR3: LUCA CAVALLARO | AS3: No | AT3: 1 | AU3: KEVIN CASTELLAN | AV3: No
A4: 99 | B4: GIOVANNI BALLO | C4: No | E4: IVAN DENIS SHEVERAK | F4: No | H4: MICHAEL STRENGHETTO | I4: Yes | J4: 4 | K4: GIANLUCA PAVAN | L4: No | M4: 6 | N4: RICCARDO DAVÌ | O4: No | P4: 5 | Q4: JACOPO VOLTOLINA | R4: No | S4: 2 | T4: NICOLÒ MARANGONI | U4: No | V4: 10 | W4: SAMUEL BONSU | X4: Yes | Y4: 3 | Z4: LEONARDO MAGGIO | AA4: No | AB4: 7 | AC4: ELIA SICCHIERO | AD4: No | AE4: 2 | AF4: LUCA NONNATO | AG4: No | AH4: 5 | AI4: MOURAD ECHCHARI | AJ4: No | AK4: 3 | AL4: MARTINO GRANFO | AM4: No | AN4: 2 | AO4: NICOLÒ BERTIPAGLIA | AP4: No | AQ4: 3 | AR4: KEVIN DOBROZI | AS4: No | AT4: 2 | AU4: SOUFIANE KHECHAB | AV4: No
A5: 5 | B5: DANIELE MARZOLLA | C5: No | E5: MOHAMED IAICH | F5: No | H5: LUCA BACCO | I5: No | J5: 6 | K5: NICOLA CAVALLIERI | L5: No | M5: 7 | N5: RICCARDO SANTARATO | O5: No | P5: 3 | Q5: MATTEO ZAMBERLAN | R5: No | S5: 5 | T5: MATTEO LONGO | U5: No | V5: 11 | W5: FILIPPO VENDRAMIN | X5: No | Y5: 4 | Z5: AMIN MASSAGHRI | AA5: Yes | AB5: 9 | AC5: GIOVANNI VERONESE | AD5: No | AE5: 7 | AF5: FRANCESCO BERARDI | AG5: No | AH5: 7 | AI5: OTMAN SOUATI | AJ5: No | AK5: 4 | AL5: STEFANO BRAGHIN | AM5: No | AN5: 4 | AO5: FRANCESCO CUCCATO | AP5: No | AQ5: 4 | AR5: ANDREA PAVAN | AS5: No | AT5: 3 | AU5: GABRIELE BARBIERATO | AV5: No
A6: 7 | B6: NICHOLAS MILAN | C6: No | E6: DANIIL YAKIMENKO | F6: No | H6: FILIPPO SCARANELLO | I6: No | J6: 7 | K6: ALBAN AHMATI | L6: No | M6: 9 | N6: RICCARDO STIEVANO | O6: No | P6: 20 | Q6: MATTEO DALL'ARA | R6: No | S6: 7 | T6: MATTIA ZAGO | U6: No | V6: 14 | W6: MARCO GREGGIO | X6: No | Y6: 5 | Z6: PIETRO VIOLATO | AA6: No | AB6: 10 | AC6: NICCOLO' PALTANIN | AD6: No | AE6: 8 | AF6: FRANCESCO MARANGON | AG6: No | AH6: 8 | AI6: ALEX MENEGHELLO | AJ6: No | AK6: 5 | AL6: NICOLA BRESCIANI | AM6: No | AN6: 7 | AO6: ANGELO REDI | AP6: No | AQ6: 5 | AR6: TOMMASO PAVAN | AS6: No | AT6: 4 | AU6: DAVIDE DELLA VOLPE | AV6: Yes
A7: 8 | B7: ALESSIO MILAN | C7: No | E7: AHMED ZOUZAF | F7: No | H7: EDDY MAZZETTO | I7: No | J7: 8 | K7: MARCO PREVIATO | L7: No | M7: 10 | N7: LUCA CHERUBIN | O7: Yes | P7: 8 | Q7: LEONARDO FUSCO | R7: No | S7: 8 | T7: MATTEO SAVIOLI | U7: Yes | V7: 19 | W7: CHRISTIAN ZUCCATO | X7: No | Y7: 6 | Z7: MARCO THOMPSON | AA7: No | AB7: 15 | AC7: LUCA CAVALLARO | AD7: No | AE7: 9 | AF7: GIMMY MANARI | AG7: No | AH7: 10 | AI7: ALESSIO GHIRARDELLO | AJ7: Yes | AK7: 6 | AL7: DAVIDE BEDESCHI | AM7: No | AN7: 8 | AO7: MATTEO VERZA | AP7: No | AQ7: 7 | AR7: GIAN MARCO MARANGONI | AS7: No | AT7: 5 | AU7: LUCA CEDRINO | AV7: No
A8: 10 | B8: LUCA MARINI | C8: No | E8: YOUSSEF IAICH | F8: No | H8: MATTIA BORGATO | I8: No | J8: 9 | K8: LUCA SIMEONE | L8: No | M8: 12 | N8: FILIPPO CREPALDI | O8: No | P8: 7 | Q8: DENIS TIMPANARO | R8: No | S8: 9 | T8: IGNAZIO BADALÌ | U8: No | V8: 21 | W8: MATTEO BARTOLOMEI | X8: No | Y8: 8 | Z8: GIACOMO BORTOLIERO | AA8: No | AB8: 19 | AC8: MATTEO CAMPION | AD8: No | AE8: 10 | AF8: CRISTIAN MICUCCI | AG8: Yes | AH8: 11 | AI8: ISMAIL ECHCHARI | AJ8: No | AK8: 7 | AL8: NICHOLAS MOSCHINI | AM8: No | AN8: 9 | AO8: MARCO NEODO | AP8: No | AQ8: 9 | AR8: ANDREA GREGGIO | AS8: No | AT8: 6 | AU8: ALLAL SABIL | AV8: No
A9: 11 | B9: SAMUELE DURRA | C9: No | E9: HAMZA AGRIBI | F9: Yes | H9: MARCO CASAROTTI | I9: No | J9: 10 | K9: ELIA NAGLIERI | L9: No | M9: 15 | N9: LUCA PAPARELLA | O9: No | P9: 1 | Q9: MATTEO TOSETTI | R9: No | S9: 10 | T9: GIANLUCA FREZZATI | U9: No | Y9: 10 | Z9: ANDREI BARZAGHIDEANU | AA9: No | AB9: 21 | AC9: LEONARDO BEDENDO | AD9: No | AE9: 11 | AF9: RICCARDO ALESSIO | AG9: No | AH9: 19 | AI9: LORENZO REZZAGHI | AJ9: No | AK9: 8 | AL9: DAVIDE GIRARDELLO | AM9: No | AN9: 10 | AO9: ALEX BERTIPAGLIA | AP9: Yes | AQ9: 10 | AR9: GIACOMO DOLCE | AS9: Yes | AT9: 8 | AU9: MATTIA AYRTON MARIOTTO | AV9: No
A10: 23 | B10: NICOLA MARINI | C10: Yes | E10: KHALID BENNOUNE | F10: No | H10: MATTEO NATALI | I10: No | J10: 11 | K10: FILIPPO ZANINI | L10: Yes | M10: 18 | N10: LUCA POLATO | O10: No | P10: 4 | Q10: MATTEO AMBROSINI | R10: No | S10: 11 | T10: FEDERICO MASCELLANI | U10: No | Y10: 14 | Z10: VLAD GABRIEL DUMINICA | AA10: No | AB10: 29 | AC10: LUCA BERNARDINELLO | AD10: No | AE10: 14 | AF10: EDOARDO CAVALLARI | AG10: No | AH10: 22 | AI10: TOMMASO CALZAVARINI | AJ10: No | AK10: 9 | AL10: NICOLÒ BERGANTIN | AM10: No | AN10: 14 | AO10: FABIO FERRARI | AP10: No | AQ10: 11 | AR10: CRISTIAN CAPUZZO | AS10: No | AT10: 9 | AU10: ANDREA BALDON | AV10: No
A11: 69 | B11: LUCA ROSSETTO | C11: No | E11: YASSINE SOHAYB | F11: No | H11: FRANCESCO DADDATO | I11: No | J11: 14 | K11: ALBERTO MUNERATO | L11: No | M11: 71 | N11: DANIELE SECCO | O11: No | P11: 6 | Q11: ANDREA BONIN | R11: No | S11: 13 | T11: ALBERTO OSTI | U11: No | Y11: 20 | Z11: TOMMASO ZANGIROLAMI | AA11: No | AB11: 63 | AC11: LEONARDO VERONESE | AD11: Yes | AE11: 18 | AF11: MATTEO FERRO | AG11: No | AH11: 45 | AI11: LEONARDO BULGARI | AJ11: No | AK11: 10 | AL11: FILIPPO CLEMENTE | AM11: No | AN11: 17 | AO11: NICOLA MORIN | AP11: No | AQ11: 23 | AR11: EMANUELE VERONESE | AS11: No | AT11: 10 | AU11: RAFFAELE GAROFALO | AV11: No
A12: 90 | B12: MATTEO COL | C12: No | E12: ABDESSAMAD BAGHROUCH | F12: No | H12: NICHOLAS LANZONI | I12: No | P12: 17 | Q12: DOMENICO IACOVINO | R12: No | S12: 14 | T12: LUCA ROSSI | U12: No | AB12: 95 | AC12: MATTIA COLTRO | AD12: No | AE12: 20 | AF12: ANDREA ANZOLETTI | AG12: No | AH12: 67 | AI12: RICCARDO TOGNOLO | AJ12: No | AK12: 11 | AL12: ALBERTO LORENZETTI | AM12: Yes | AN12: 21 | AO12: LUCA CECCONELLO | AP12: No | AQ12: 28 | AR12: NICOLA DOBROZI | AS12: No | AT12: 11 | AU12: ALEX BERGO | AV12: No
H13: NICOLÒ POLITI | I13: No | P13: 16 | Q13: GIACOMO PROTTI | R13: No | S13: 17 | T13: NICOLA BARONI | U13: No | AK13: 18 | AL13: MATTIA BIOLCATI | AM13: No | AT13: 7 | AU13: MATTEO BOLZANI | AV13: No
H14: MATTEO SENO | I14: No
H15: NICO PAVANI

Sheet Players
A1: PlayerID | B1: TeamID | C1: TeamName | D1: ShirtNumber | E1: PlayerName | F1: Captain | G1: DisplayName
A2: =IF(E2="","","P"&TEXT(ROW()-1,"000")) -> P001 | B2: =IF(E2="","",Teams!A2) -> T01 | C2: =IF(E2="","",Teams!C2) -> Fatine FC | D2: =IF(E2="","",Rosters!A3) -> 1 | E2: =IF(Rosters!B3="","",Rosters!B3) -> PIETRO SEGATO | F2: =IF(E2="","",Rosters!C3) -> No | G2: =IF(E2="","",IF(D2="","",D2&" - ")&E2&IF(F2="Yes"," (C)","")) -> 1 - PIETRO SEGATO
A3: =IF(E3="","","P"&TEXT(ROW()-1,"000")) -> P002 | B3: =IF(E3="","",Teams!A2) -> T01 | C3: =IF(E3="","",Teams!C2) -> Fatine FC | D3: =IF(E3="","",Rosters!A4) -> 99 | E3: =IF(Rosters!B4="","",Rosters!B4) -> GIOVANNI BALLO | F3: =IF(E3="","",Rosters!C4) -> No | G3: =IF(E3="","",IF(D3="","",D3&" - ")&E3&IF(F3="Yes"," (C)","")) -> 99 - GIOVANNI BALLO
A4: =IF(E4="","","P"&TEXT(ROW()-1,"000")) -> P003 | B4: =IF(E4="","",Teams!A2) -> T01 | C4: =IF(E4="","",Teams!C2) -> Fatine FC | D4: =IF(E4="","",Rosters!A5) -> 5 | E4: =IF(Rosters!B5="","",Rosters!B5) -> DANIELE MARZOLLA | F4: =IF(E4="","",Rosters!C5) -> No | G4: =IF(E4="","",IF(D4="","",D4&" - ")&E4&IF(F4="Yes"," (C)","")) -> 5 - DANIELE MARZOLLA
A5: =IF(E5="","","P"&TEXT(ROW()-1,"000")) -> P004 | B5: =IF(E5="","",Teams!A2) -> T01 | C5: =IF(E5="","",Teams!C2) -> Fatine FC | D5: =IF(E5="","",Rosters!A6) -> 7 | E5: =IF(Rosters!B6="","",Rosters!B6) -> NICHOLAS MILAN | F5: =IF(E5="","",Rosters!C6) -> No | G5: =IF(E5="","",IF(D5="","",D5&" - ")&E5&IF(F5="Yes"," (C)","")) -> 7 - NICHOLAS MILAN
A6: =IF(E6="","","P"&TEXT(ROW()-1,"000")) -> P005 | B6: =IF(E6="","",Teams!A2) -> T01 | C6: =IF(E6="","",Teams!C2) -> Fatine FC | D6: =IF(E6="","",Rosters!A7) -> 8 | E6: =IF(Rosters!B7="","",Rosters!B7) -> ALESSIO MILAN | F6: =IF(E6="","",Rosters!C7) -> No | G6: =IF(E6="","",IF(D6="","",D6&" - ")&E6&IF(F6="Yes"," (C)","")) -> 8 - ALESSIO MILAN
A7: =IF(E7="","","P"&TEXT(ROW()-1,"000")) -> P006 | B7: =IF(E7="","",Teams!A2) -> T01 | C7: =IF(E7="","",Teams!C2) -> Fatine FC | D7: =IF(E7="","",Rosters!A8) -> 10 | E7: =IF(Rosters!B8="","",Rosters!B8) -> LUCA MARINI | F7: =IF(E7="","",Rosters!C8) -> No | G7: =IF(E7="","",IF(D7="","",D7&" - ")&E7&IF(F7="Yes"," (C)","")) -> 10 - LUCA MARINI
A8: =IF(E8="","","P"&TEXT(ROW()-1,"000")) -> P007 | B8: =IF(E8="","",Teams!A2) -> T01 | C8: =IF(E8="","",Teams!C2) -> Fatine FC | D8: =IF(E8="","",Rosters!A9) -> 11 | E8: =IF(Rosters!B9="","",Rosters!B9) -> SAMUELE DURRA | F8: =IF(E8="","",Rosters!C9) -> No | G8: =IF(E8="","",IF(D8="","",D8&" - ")&E8&IF(F8="Yes"," (C)","")) -> 11 - SAMUELE DURRA
A9: =IF(E9="","","P"&TEXT(ROW()-1,"000")) -> P008 | B9: =IF(E9="","",Teams!A2) -> T01 | C9: =IF(E9="","",Teams!C2) -> Fatine FC | D9: =IF(E9="","",Rosters!A10) -> 23 | E9: =IF(Rosters!B10="","",Rosters!B10) -> NICOLA MARINI | F9: =IF(E9="","",Rosters!C10) -> Yes | G9: =IF(E9="","",IF(D9="","",D9&" - ")&E9&IF(F9="Yes"," (C)","")) -> 23 - NICOLA MARINI (C)
A10: =IF(E10="","","P"&TEXT(ROW()-1,"000")) -> P009 | B10: =IF(E10="","",Teams!A2) -> T01 | C10: =IF(E10="","",Teams!C2) -> Fatine FC | D10: =IF(E10="","",Rosters!A11) -> 69 | E10: =IF(Rosters!B11="","",Rosters!B11) -> LUCA ROSSETTO | F10: =IF(E10="","",Rosters!C11) -> No | G10: =IF(E10="","",IF(D10="","",D10&" - ")&E10&IF(F10="Yes"," (C)","")) -> 69 - LUCA ROSSETTO
A11: =IF(E11="","","P"&TEXT(ROW()-1,"000")) -> P010 | B11: =IF(E11="","",Teams!A2) -> T01 | C11: =IF(E11="","",Teams!C2) -> Fatine FC | D11: =IF(E11="","",Rosters!A12) -> 90 | E11: =IF(Rosters!B12="","",Rosters!B12) -> MATTEO COL | F11: =IF(E11="","",Rosters!C12) -> No | G11: =IF(E11="","",IF(D11="","",D11&" - ")&E11&IF(F11="Yes"," (C)","")) -> 90 - MATTEO COL
A12: =IF(E12="","","P"&TEXT(ROW()-1,"000")) | B12: =IF(E12="","",Teams!A2) | C12: =IF(E12="","",Teams!C2) | D12: =IF(E12="","",Rosters!A13) | E12: =IF(Rosters!B13="","",Rosters!B13) | F12: =IF(E12="","",Rosters!C13) | G12: =IF(E12="","",IF(D12="","",D12&" - ")&E12&IF(F12="Yes"," (C)",""))
A13: =IF(E13="","","P"&TEXT(ROW()-1,"000")) | B13: =IF(E13="","",Teams!A2) | C13: =IF(E13="","",Teams!C2) | D13: =IF(E13="","",Rosters!A14) | E13: =IF(Rosters!B14="","",Rosters!B14) | F13: =IF(E13="","",Rosters!C14) | G13: =IF(E13="","",IF(D13="","",D13&" - ")&E13&IF(F13="Yes"," (C)",""))
A14: =IF(E14="","","P"&TEXT(ROW()-1,"000")) | B14: =IF(E14="","",Teams!A2) | C14: =IF(E14="","",Teams!C2) | D14: =IF(E14="","",Rosters!A15) | E14: =IF(Rosters!B15="","",Rosters!B15) | F14: =IF(E14="","",Rosters!C15) | G14: =IF(E14="","",IF(D14="","",D14&" - ")&E14&IF(F14="Yes"," (C)",""))
A15: =IF(E15="","","P"&TEXT(ROW()-1,"000")) | B15: =IF(E15="","",Teams!A2) | C15: =IF(E15="","",Teams!C2) | D15: =IF(E15="","",Rosters!A16) | E15: =IF(Rosters!B16="","",Rosters!B16) | F15: =IF(E15="","",Rosters!C16) | G15: =IF(E15="","",IF(D15="","",D15&" - ")&E15&IF(F15="Yes"," (C)",""))
A16: =IF(E16="","","P"&TEXT(ROW()-1,"000")) | B16: =IF(E16="","",Teams!A2) | C16: =IF(E16="","",Teams!C2) | D16: =IF(E16="","",Rosters!A17) | E16: =IF(Rosters!B17="","",Rosters!B17) | F16: =IF(E16="","",Rosters!C17) | G16: =IF(E16="","",IF(D16="","",D16&" - ")&E16&IF(F16="Yes"," (C)",""))
A17: =IF(E17="","","P"&TEXT(ROW()-1,"000")) | B17: =IF(E17="","",Teams!A2) | C17: =IF(E17="","",Teams!C2) | D17: =IF(E17="","",Rosters!A18) | E17: =IF(Rosters!B18="","",Rosters!B18) | F17: =IF(E17="","",Rosters!C18) | G17: =IF(E17="","",IF(D17="","",D17&" - ")&E17&IF(F17="Yes"," (C)",""))
A18: =IF(E18="","","P"&TEXT(ROW()-1,"000")) | B18: =IF(E18="","",Teams!A2) | C18: =IF(E18="","",Teams!C2) | D18: =IF(E18="","",Rosters!A19) | E18: =IF(Rosters!B19="","",Rosters!B19) | F18: =IF(E18="","",Rosters!C19) | G18: =IF(E18="","",IF(D18="","",D18&" - ")&E18&IF(F18="Yes"," (C)",""))
A19: =IF(E19="","","P"&TEXT(ROW()-1,"000")) | B19: =IF(E19="","",Teams!A2) | C19: =IF(E19="","",Teams!C2) | D19: =IF(E19="","",Rosters!A20) | E19: =IF(Rosters!B20="","",Rosters!B20) | F19: =IF(E19="","",Rosters!C20) | G19: =IF(E19="","",IF(D19="","",D19&" - ")&E19&IF(F19="Yes"," (C)",""))
A20: =IF(E20="","","P"&TEXT(ROW()-1,"000")) | B20: =IF(E20="","",Teams!A2) | C20: =IF(E20="","",Teams!C2) | D20: =IF(E20="","",Rosters!A21) | E20: =IF(Rosters!B21="","",Rosters!B21) | F20: =IF(E20="","",Rosters!C21) | G20: =IF(E20="","",IF(D20="","",D20&" - ")&E20&IF(F20="Yes"," (C)",""))
A21: =IF(E21="","","P"&TEXT(ROW()-1,"000")) | B21: =IF(E21="","",Teams!A2) | C21: =IF(E21="","",Teams!C2) | D21: =IF(E21="","",Rosters!A22) | E21: =IF(Rosters!B22="","",Rosters!B22) | F21: =IF(E21="","",Rosters!C22) | G21: =IF(E21="","",IF(D21="","",D21&" - ")&E21&IF(F21="Yes"," (C)",""))
A22: =IF(E22="","","P"&TEXT(ROW()-1,"000")) | B22: =IF(E22="","",Teams!A2) | C22: =IF(E22="","",Teams!C2) | D22: =IF(E22="","",Rosters!A23) | E22: =IF(Rosters!B23="","",Rosters!B23) | F22: =IF(E22="","",Rosters!C23) | G22: =IF(E22="","",IF(D22="","",D22&" - ")&E22&IF(F22="Yes"," (C)",""))
A23: =IF(E23="","","P"&TEXT(ROW()-1,"000")) | B23: =IF(E23="","",Teams!A2) | C23: =IF(E23="","",Teams!C2) | D23: =IF(E23="","",Rosters!A24) | E23: =IF(Rosters!B24="","",Rosters!B24) | F23: =IF(E23="","",Rosters!C24) | G23: =IF(E23="","",IF(D23="","",D23&" - ")&E23&IF(F23="Yes"," (C)",""))
A24: =IF(E24="","","P"&TEXT(ROW()-1,"000")) | B24: =IF(E24="","",Teams!A2) | C24: =IF(E24="","",Teams!C2) | D24: =IF(E24="","",Rosters!A25) | E24: =IF(Rosters!B25="","",Rosters!B25) | F24: =IF(E24="","",Rosters!C25) | G24: =IF(E24="","",IF(D24="","",D24&" - ")&E24&IF(F24="Yes"," (C)",""))
A25: =IF(E25="","","P"&TEXT(ROW()-1,"000")) | B25: =IF(E25="","",Teams!A2) | C25: =IF(E25="","",Teams!C2) | D25: =IF(E25="","",Rosters!A26) | E25: =IF(Rosters!B26="","",Rosters!B26) | F25: =IF(E25="","",Rosters!C26) | G25: =IF(E25="","",IF(D25="","",D25&" - ")&E25&IF(F25="Yes"," (C)",""))
A26: =IF(E26="","","P"&TEXT(ROW()-1,"000")) | B26: =IF(E26="","",Teams!A2) | C26: =IF(E26="","",Teams!C2) | D26: =IF(E26="","",Rosters!A27) | E26: =IF(Rosters!B27="","",Rosters!B27) | F26: =IF(E26="","",Rosters!C27) | G26: =IF(E26="","",IF(D26="","",D26&" - ")&E26&IF(F26="Yes"," (C)",""))
A27: =IF(E27="","","P"&TEXT(ROW()-1,"000")) | B27: =IF(E27="","",Teams!A2) | C27: =IF(E27="","",Teams!C2) | D27: =IF(E27="","",Rosters!A28) | E27: =IF(Rosters!B28="","",Rosters!B28) | F27: =IF(E27="","",Rosters!C28) | G27: =IF(E27="","",IF(D27="","",D27&" - ")&E27&IF(F27="Yes"," (C)",""))
A28: =IF(E28="","","P"&TEXT(ROW()-1,"000")) | B28: =IF(E28="","",Teams!A2) | C28: =IF(E28="","",Teams!C2) | D28: =IF(E28="","",Rosters!A29) | E28: =IF(Rosters!B29="","",Rosters!B29) | F28: =IF(E28="","",Rosters!C29) | G28: =IF(E28="","",IF(D28="","",D28&" - ")&E28&IF(F28="Yes"," (C)",""))
A29: =IF(E29="","","P"&TEXT(ROW()-1,"000")) | B29: =IF(E29="","",Teams!A2) | C29: =IF(E29="","",Teams!C2) | D29: =IF(E29="","",Rosters!A30) | E29: =IF(Rosters!B30="","",Rosters!B30) | F29: =IF(E29="","",Rosters!C30) | G29: =IF(E29="","",IF(D29="","",D29&" - ")&E29&IF(F29="Yes"," (C)",""))
A30: =IF(E30="","","P"&TEXT(ROW()-1,"000")) | B30: =IF(E30="","",Teams!A2) | C30: =IF(E30="","",Teams!C2) | D30: =IF(E30="","",Rosters!A31) | E30: =IF(Rosters!B31="","",Rosters!B31) | F30: =IF(E30="","",Rosters!C31) | G30: =IF(E30="","",IF(D30="","",D30&" - ")&E30&IF(F30="Yes"," (C)",""))
A31: =IF(E31="","","P"&TEXT(ROW()-1,"000")) | B31: =IF(E31="","",Teams!A2) | C31: =IF(E31="","",Teams!C2) | D31: =IF(E31="","",Rosters!A32) | E31: =IF(Rosters!B32="","",Rosters!B32) | F31: =IF(E31="","",Rosters!C32) | G31: =IF(E31="","",IF(D31="","",D31&" - ")&E31&IF(F31="Yes"," (C)",""))
A32: =IF(E32="","","P"&TEXT(ROW()-1,"000")) -> P031 | B32: =IF(E32="","",Teams!A3) -> T02 | C32: =IF(E32="","",Teams!C3) -> FC Internazionale Rovigo | D32: =IF(E32="","",Rosters!D3) -> 0 | E32: =IF(Rosters!E3="","",Rosters!E3) -> BOGDAN ATAMANYUK | F32: =IF(E32="","",Rosters!F3) -> No | G32: =IF(E32="","",IF(D32="","",D32&" - ")&E32&IF(F32="Yes"," (C)","")) -> 0 - BOGDAN ATAMANYUK
A33: =IF(E33="","","P"&TEXT(ROW()-1,"000")) -> P032 | B33: =IF(E33="","",Teams!A3) -> T02 | C33: =IF(E33="","",Teams!C3) -> FC Internazionale Rovigo | D33: =IF(E33="","",Rosters!D4) -> 0 | E33: =IF(Rosters!E4="","",Rosters!E4) -> IVAN DENIS SHEVERAK | F33: =IF(E33="","",Rosters!F4) -> No | G33: =IF(E33="","",IF(D33="","",D33&" - ")&E33&IF(F33="Yes"," (C)","")) -> 0 - IVAN DENIS SHEVERAK
A34: =IF(E34="","","P"&TEXT(ROW()-1,"000")) -> P033 | B34: =IF(E34="","",Teams!A3) -> T02 | C34: =IF(E34="","",Teams!C3) -> FC Internazionale Rovigo | D34: =IF(E34="","",Rosters!D5) -> 0 | E34: =IF(Rosters!E5="","",Rosters!E5) -> MOHAMED IAICH | F34: =IF(E34="","",Rosters!F5) -> No | G34: =IF(E34="","",IF(D34="","",D34&" - ")&E34&IF(F34="Yes"," (C)","")) -> 0 - MOHAMED IAICH
A35: =IF(E35="","","P"&TEXT(ROW()-1,"000")) -> P034 | B35: =IF(E35="","",Teams!A3) -> T02 | C35: =IF(E35="","",Teams!C3) -> FC Internazionale Rovigo | D35: =IF(E35="","",Rosters!D6) -> 0 | E35: =IF(Rosters!E6="","",Rosters!E6) -> DANIIL YAKIMENKO | F35: =IF(E35="","",Rosters!F6) -> No | G35: =IF(E35="","",IF(D35="","",D35&" - ")&E35&IF(F35="Yes"," (C)","")) -> 0 - DANIIL YAKIMENKO
A36: =IF(E36="","","P"&TEXT(ROW()-1,"000")) -> P035 | B36: =IF(E36="","",Teams!A3) -> T02 | C36: =IF(E36="","",Teams!C3) -> FC Internazionale Rovigo | D36: =IF(E36="","",Rosters!D7) -> 0 | E36: =IF(Rosters!E7="","",Rosters!E7) -> AHMED ZOUZAF | F36: =IF(E36="","",Rosters!F7) -> No | G36: =IF(E36="","",IF(D36="","",D36&" - ")&E36&IF(F36="Yes"," (C)","")) -> 0 - AHMED ZOUZAF
A37: =IF(E37="","","P"&TEXT(ROW()-1,"000")) -> P036 | B37: =IF(E37="","",Teams!A3) -> T02 | C37: =IF(E37="","",Teams!C3) -> FC Internazionale Rovigo | D37: =IF(E37="","",Rosters!D8) -> 0 | E37: =IF(Rosters!E8="","",Rosters!E8) -> YOUSSEF IAICH | F37: =IF(E37="","",Rosters!F8) -> No | G37: =IF(E37="","",IF(D37="","",D37&" - ")&E37&IF(F37="Yes"," (C)","")) -> 0 - YOUSSEF IAICH
A38: =IF(E38="","","P"&TEXT(ROW()-1,"000")) -> P037 | B38: =IF(E38="","",Teams!A3) -> T02 | C38: =IF(E38="","",Teams!C3) -> FC Internazionale Rovigo | D38: =IF(E38="","",Rosters!D9) -> 0 | E38: =IF(Rosters!E9="","",Rosters!E9) -> HAMZA AGRIBI | F38: =IF(E38="","",Rosters!F9) -> Yes | G38: =IF(E38="","",IF(D38="","",D38&" - ")&E38&IF(F38="Yes"," (C)","")) -> 0 - HAMZA AGRIBI (C)
A39: =IF(E39="","","P"&TEXT(ROW()-1,"000")) -> P038 | B39: =IF(E39="","",Teams!A3) -> T02 | C39: =IF(E39="","",Teams!C3) -> FC Internazionale Rovigo | D39: =IF(E39="","",Rosters!D10) -> 0 | E39: =IF(Rosters!E10="","",Rosters!E10) -> KHALID BENNOUNE | F39: =IF(E39="","",Rosters!F10) -> No | G39: =IF(E39="","",IF(D39="","",D39&" - ")&E39&IF(F39="Yes"," (C)","")) -> 0 - KHALID BENNOUNE
A40: =IF(E40="","","P"&TEXT(ROW()-1,"000")) -> P039 | B40: =IF(E40="","",Teams!A3) -> T02 | C40: =IF(E40="","",Teams!C3) -> FC Internazionale Rovigo | D40: =IF(E40="","",Rosters!D11) -> 0 | E40: =IF(Rosters!E11="","",Rosters!E11) -> YASSINE SOHAYB | F40: =IF(E40="","",Rosters!F11) -> No | G40: =IF(E40="","",IF(D40="","",D40&" - ")&E40&IF(F40="Yes"," (C)","")) -> 0 - YASSINE SOHAYB
A41: =IF(E41="","","P"&TEXT(ROW()-1,"000")) -> P040 | B41: =IF(E41="","",Teams!A3) -> T02 | C41: =IF(E41="","",Teams!C3) -> FC Internazionale Rovigo | D41: =IF(E41="","",Rosters!D12) -> 0 | E41: =IF(Rosters!E12="","",Rosters!E12) -> ABDESSAMAD BAGHROUCH | F41: =IF(E41="","",Rosters!F12) -> No | G41: =IF(E41="","",IF(D41="","",D41&" - ")&E41&IF(F41="Yes"," (C)","")) -> 0 - ABDESSAMAD BAGHROUCH
A42: =IF(E42="","","P"&TEXT(ROW()-1,"000")) | B42: =IF(E42="","",Teams!A3) | C42: =IF(E42="","",Teams!C3) | D42: =IF(E42="","",Rosters!D13) | E42: =IF(Rosters!E13="","",Rosters!E13) | F42: =IF(E42="","",Rosters!F13) | G42: =IF(E42="","",IF(D42="","",D42&" - ")&E42&IF(F42="Yes"," (C)",""))
A43: =IF(E43="","","P"&TEXT(ROW()-1,"000")) | B43: =IF(E43="","",Teams!A3) | C43: =IF(E43="","",Teams!C3) | D43: =IF(E43="","",Rosters!D14) | E43: =IF(Rosters!E14="","",Rosters!E14) | F43: =IF(E43="","",Rosters!F14) | G43: =IF(E43="","",IF(D43="","",D43&" - ")&E43&IF(F43="Yes"," (C)",""))
A44: =IF(E44="","","P"&TEXT(ROW()-1,"000")) | B44: =IF(E44="","",Teams!A3) | C44: =IF(E44="","",Teams!C3) | D44: =IF(E44="","",Rosters!D15) | E44: =IF(Rosters!E15="","",Rosters!E15) | F44: =IF(E44="","",Rosters!F15) | G44: =IF(E44="","",IF(D44="","",D44&" - ")&E44&IF(F44="Yes"," (C)",""))
A45: =IF(E45="","","P"&TEXT(ROW()-1,"000")) | B45: =IF(E45="","",Teams!A3) | C45: =IF(E45="","",Teams!C3) | D45: =IF(E45="","",Rosters!D16) | E45: =IF(Rosters!E16="","",Rosters!E16) | F45: =IF(E45="","",Rosters!F16) | G45: =IF(E45="","",IF(D45="","",D45&" - ")&E45&IF(F45="Yes"," (C)",""))
A46: =IF(E46="","","P"&TEXT(ROW()-1,"000")) | B46: =IF(E46="","",Teams!A3) | C46: =IF(E46="","",Teams!C3) | D46: =IF(E46="","",Rosters!D17) | E46: =IF(Rosters!E17="","",Rosters!E17) | F46: =IF(E46="","",Rosters!F17) | G46: =IF(E46="","",IF(D46="","",D46&" - ")&E46&IF(F46="Yes"," (C)",""))
A47: =IF(E47="","","P"&TEXT(ROW()-1,"000")) | B47: =IF(E47="","",Teams!A3) | C47: =IF(E47="","",Teams!C3) | D47: =IF(E47="","",Rosters!D18) | E47: =IF(Rosters!E18="","",Rosters!E18) | F47: =IF(E47="","",Rosters!F18) | G47: =IF(E47="","",IF(D47="","",D47&" - ")&E47&IF(F47="Yes"," (C)",""))
A48: =IF(E48="","","P"&TEXT(ROW()-1,"000")) | B48: =IF(E48="","",Teams!A3) | C48: =IF(E48="","",Teams!C3) | D48: =IF(E48="","",Rosters!D19) | E48: =IF(Rosters!E19="","",Rosters!E19) | F48: =IF(E48="","",Rosters!F19) | G48: =IF(E48="","",IF(D48="","",D48&" - ")&E48&IF(F48="Yes"," (C)",""))
A49: =IF(E49="","","P"&TEXT(ROW()-1,"000")) | B49: =IF(E49="","",Teams!A3) | C49: =IF(E49="","",Teams!C3) | D49: =IF(E49="","",Rosters!D20) | E49: =IF(Rosters!E20="","",Rosters!E20) | F49: =IF(E49="","",Rosters!F20) | G49: =IF(E49="","",IF(D49="","",D49&" - ")&E49&IF(F49="Yes"," (C)",""))
A50: =IF(E50="","","P"&TEXT(ROW()-1,"000")) | B50: =IF(E50="","",Teams!A3) | C50: =IF(E50="","",Teams!C3) | D50: =IF(E50="","",Rosters!D21) | E50: =IF(Rosters!E21="","",Rosters!E21) | F50: =IF(E50="","",Rosters!F21) | G50: =IF(E50="","",IF(D50="","",D50&" - ")&E50&IF(F50="Yes"," (C)",""))
A51: =IF(E51="","","P"&TEXT(ROW()-1,"000")) | B51: =IF(E51="","",Teams!A3) | C51: =IF(E51="","",Teams!C3) | D51: =IF(E51="","",Rosters!D22) | E51: =IF(Rosters!E22="","",Rosters!E22) | F51: =IF(E51="","",Rosters!F22) | G51: =IF(E51="","",IF(D51="","",D51&" - ")&E51&IF(F51="Yes"," (C)",""))
A52: =IF(E52="","","P"&TEXT(ROW()-1,"000")) | B52: =IF(E52="","",Teams!A3) | C52: =IF(E52="","",Teams!C3) | D52: =IF(E52="","",Rosters!D23) | E52: =IF(Rosters!E23="","",Rosters!E23) | F52: =IF(E52="","",Rosters!F23) | G52: =IF(E52="","",IF(D52="","",D52&" - ")&E52&IF(F52="Yes"," (C)",""))
A53: =IF(E53="","","P"&TEXT(ROW()-1,"000")) | B53: =IF(E53="","",Teams!A3) | C53: =IF(E53="","",Teams!C3) | D53: =IF(E53="","",Rosters!D24) | E53: =IF(Rosters!E24="","",Rosters!E24) | F53: =IF(E53="","",Rosters!F24) | G53: =IF(E53="","",IF(D53="","",D53&" - ")&E53&IF(F53="Yes"," (C)",""))
A54: =IF(E54="","","P"&TEXT(ROW()-1,"000")) | B54: =IF(E54="","",Teams!A3) | C54: =IF(E54="","",Teams!C3) | D54: =IF(E54="","",Rosters!D25) | E54: =IF(Rosters!E25="","",Rosters!E25) | F54: =IF(E54="","",Rosters!F25) | G54: =IF(E54="","",IF(D54="","",D54&" - ")&E54&IF(F54="Yes"," (C)",""))
A55: =IF(E55="","","P"&TEXT(ROW()-1,"000")) | B55: =IF(E55="","",Teams!A3) | C55: =IF(E55="","",Teams!C3) | D55: =IF(E55="","",Rosters!D26) | E55: =IF(Rosters!E26="","",Rosters!E26) | F55: =IF(E55="","",Rosters!F26) | G55: =IF(E55="","",IF(D55="","",D55&" - ")&E55&IF(F55="Yes"," (C)",""))
A56: =IF(E56="","","P"&TEXT(ROW()-1,"000")) | B56: =IF(E56="","",Teams!A3) | C56: =IF(E56="","",Teams!C3) | D56: =IF(E56="","",Rosters!D27) | E56: =IF(Rosters!E27="","",Rosters!E27) | F56: =IF(E56="","",Rosters!F27) | G56: =IF(E56="","",IF(D56="","",D56&" - ")&E56&IF(F56="Yes"," (C)",""))
A57: =IF(E57="","","P"&TEXT(ROW()-1,"000")) | B57: =IF(E57="","",Teams!A3) | C57: =IF(E57="","",Teams!C3) | D57: =IF(E57="","",Rosters!D28) | E57: =IF(Rosters!E28="","",Rosters!E28) | F57: =IF(E57="","",Rosters!F28) | G57: =IF(E57="","",IF(D57="","",D57&" - ")&E57&IF(F57="Yes"," (C)",""))
A58: =IF(E58="","","P"&TEXT(ROW()-1,"000")) | B58: =IF(E58="","",Teams!A3) | C58: =IF(E58="","",Teams!C3) | D58: =IF(E58="","",Rosters!D29) | E58: =IF(Rosters!E29="","",Rosters!E29) | F58: =IF(E58="","",Rosters!F29) | G58: =IF(E58="","",IF(D58="","",D58&" - ")&E58&IF(F58="Yes"," (C)",""))
A59: =IF(E59="","","P"&TEXT(ROW()-1,"000")) | B59: =IF(E59="","",Teams!A3) | C59: =IF(E59="","",Teams!C3) | D59: =IF(E59="","",Rosters!D30) | E59: =IF(Rosters!E30="","",Rosters!E30) | F59: =IF(E59="","",Rosters!F30) | G59: =IF(E59="","",IF(D59="","",D59&" - ")&E59&IF(F59="Yes"," (C)",""))
A60: =IF(E60="","","P"&TEXT(ROW()-1,"000")) | B60: =IF(E60="","",Teams!A3) | C60: =IF(E60="","",Teams!C3) | D60: =IF(E60="","",Rosters!D31) | E60: =IF(Rosters!E31="","",Rosters!E31) | F60: =IF(E60="","",Rosters!F31) | G60: =IF(E60="","",IF(D60="","",D60&" - ")&E60&IF(F60="Yes"," (C)",""))
A61: =IF(E61="","","P"&TEXT(ROW()-1,"000")) | B61: =IF(E61="","",Teams!A3) | C61: =IF(E61="","",Teams!C3) | D61: =IF(E61="","",Rosters!D32) | E61: =IF(Rosters!E32="","",Rosters!E32) | F61: =IF(E61="","",Rosters!F32) | G61: =IF(E61="","",IF(D61="","",D61&" - ")&E61&IF(F61="Yes"," (C)",""))
A62: =IF(E62="","","P"&TEXT(ROW()-1,"000")) -> P061 | B62: =IF(E62="","",Teams!A4) -> T03 | C62: =IF(E62="","",Teams!C4) -> Moviola Utd | D62: =IF(E62="","",Rosters!G3) -> 0 | E62: =IF(Rosters!H3="","",Rosters!H3) -> MATTIA MERLO | F62: =IF(E62="","",Rosters!I3) -> No | G62: =IF(E62="","",IF(D62="","",D62&" - ")&E62&IF(F62="Yes"," (C)","")) -> 0 - MATTIA MERLO
A63: =IF(E63="","","P"&TEXT(ROW()-1,"000")) -> P062 | B63: =IF(E63="","",Teams!A4) -> T03 | C63: =IF(E63="","",Teams!C4) -> Moviola Utd | D63: =IF(E63="","",Rosters!G4) -> 0 | E63: =IF(Rosters!H4="","",Rosters!H4) -> MICHAEL STRENGHETTO | F63: =IF(E63="","",Rosters!I4) -> Yes | G63: =IF(E63="","",IF(D63="","",D63&" - ")&E63&IF(F63="Yes"," (C)","")) -> 0 - MICHAEL STRENGHETTO (C)
A64: =IF(E64="","","P"&TEXT(ROW()-1,"000")) -> P063 | B64: =IF(E64="","",Teams!A4) -> T03 | C64: =IF(E64="","",Teams!C4) -> Moviola Utd | D64: =IF(E64="","",Rosters!G5) -> 0 | E64: =IF(Rosters!H5="","",Rosters!H5) -> LUCA BACCO | F64: =IF(E64="","",Rosters!I5) -> No | G64: =IF(E64="","",IF(D64="","",D64&" - ")&E64&IF(F64="Yes"," (C)","")) -> 0 - LUCA BACCO
A65: =IF(E65="","","P"&TEXT(ROW()-1,"000")) -> P064 | B65: =IF(E65="","",Teams!A4) -> T03 | C65: =IF(E65="","",Teams!C4) -> Moviola Utd | D65: =IF(E65="","",Rosters!G6) -> 0 | E65: =IF(Rosters!H6="","",Rosters!H6) -> FILIPPO SCARANELLO | F65: =IF(E65="","",Rosters!I6) -> No | G65: =IF(E65="","",IF(D65="","",D65&" - ")&E65&IF(F65="Yes"," (C)","")) -> 0 - FILIPPO SCARANELLO
A66: =IF(E66="","","P"&TEXT(ROW()-1,"000")) -> P065 | B66: =IF(E66="","",Teams!A4) -> T03 | C66: =IF(E66="","",Teams!C4) -> Moviola Utd | D66: =IF(E66="","",Rosters!G7) -> 0 | E66: =IF(Rosters!H7="","",Rosters!H7) -> EDDY MAZZETTO | F66: =IF(E66="","",Rosters!I7) -> No | G66: =IF(E66="","",IF(D66="","",D66&" - ")&E66&IF(F66="Yes"," (C)","")) -> 0 - EDDY MAZZETTO
A67: =IF(E67="","","P"&TEXT(ROW()-1,"000")) -> P066 | B67: =IF(E67="","",Teams!A4) -> T03 | C67: =IF(E67="","",Teams!C4) -> Moviola Utd | D67: =IF(E67="","",Rosters!G8) -> 0 | E67: =IF(Rosters!H8="","",Rosters!H8) -> MATTIA BORGATO | F67: =IF(E67="","",Rosters!I8) -> No | G67: =IF(E67="","",IF(D67="","",D67&" - ")&E67&IF(F67="Yes"," (C)","")) -> 0 - MATTIA BORGATO
A68: =IF(E68="","","P"&TEXT(ROW()-1,"000")) -> P067 | B68: =IF(E68="","",Teams!A4) -> T03 | C68: =IF(E68="","",Teams!C4) -> Moviola Utd | D68: =IF(E68="","",Rosters!G9) -> 0 | E68: =IF(Rosters!H9="","",Rosters!H9) -> MARCO CASAROTTI | F68: =IF(E68="","",Rosters!I9) -> No | G68: =IF(E68="","",IF(D68="","",D68&" - ")&E68&IF(F68="Yes"," (C)","")) -> 0 - MARCO CASAROTTI
A69: =IF(E69="","","P"&TEXT(ROW()-1,"000")) -> P068 | B69: =IF(E69="","",Teams!A4) -> T03 | C69: =IF(E69="","",Teams!C4) -> Moviola Utd | D69: =IF(E69="","",Rosters!G10) -> 0 | E69: =IF(Rosters!H10="","",Rosters!H10) -> MATTEO NATALI | F69: =IF(E69="","",Rosters!I10) -> No | G69: =IF(E69="","",IF(D69="","",D69&" - ")&E69&IF(F69="Yes"," (C)","")) -> 0 - MATTEO NATALI
A70: =IF(E70="","","P"&TEXT(ROW()-1,"000")) -> P069 | B70: =IF(E70="","",Teams!A4) -> T03 | C70: =IF(E70="","",Teams!C4) -> Moviola Utd | D70: =IF(E70="","",Rosters!G11) -> 0 | E70: =IF(Rosters!H11="","",Rosters!H11) -> FRANCESCO DADDATO | F70: =IF(E70="","",Rosters!I11) -> No | G70: =IF(E70="","",IF(D70="","",D70&" - ")&E70&IF(F70="Yes"," (C)","")) -> 0 - FRANCESCO DADDATO
A71: =IF(E71="","","P"&TEXT(ROW()-1,"000")) -> P070 | B71: =IF(E71="","",Teams!A4) -> T03 | C71: =IF(E71="","",Teams!C4) -> Moviola Utd | D71: =IF(E71="","",Rosters!G12) -> 0 | E71: =IF(Rosters!H12="","",Rosters!H12) -> NICHOLAS LANZONI | F71: =IF(E71="","",Rosters!I12) -> No | G71: =IF(E71="","",IF(D71="","",D71&" - ")&E71&IF(F71="Yes"," (C)","")) -> 0 - NICHOLAS LANZONI
A72: =IF(E72="","","P"&TEXT(ROW()-1,"000")) -> P071 | B72: =IF(E72="","",Teams!A4) -> T03 | C72: =IF(E72="","",Teams!C4) -> Moviola Utd | D72: =IF(E72="","",Rosters!G13) -> 0 | E72: =IF(Rosters!H13="","",Rosters!H13) -> NICOLÒ POLITI | F72: =IF(E72="","",Rosters!I13) -> No | G72: =IF(E72="","",IF(D72="","",D72&" - ")&E72&IF(F72="Yes"," (C)","")) -> 0 - NICOLÒ POLITI
A73: =IF(E73="","","P"&TEXT(ROW()-1,"000")) -> P072 | B73: =IF(E73="","",Teams!A4) -> T03 | C73: =IF(E73="","",Teams!C4) -> Moviola Utd | D73: =IF(E73="","",Rosters!G14) -> 0 | E73: =IF(Rosters!H14="","",Rosters!H14) -> MATTEO SENO | F73: =IF(E73="","",Rosters!I14) -> No | G73: =IF(E73="","",IF(D73="","",D73&" - ")&E73&IF(F73="Yes"," (C)","")) -> 0 - MATTEO SENO
A74: =IF(E74="","","P"&TEXT(ROW()-1,"000")) -> P073 | B74: =IF(E74="","",Teams!A4) -> T03 | C74: =IF(E74="","",Teams!C4) -> Moviola Utd | D74: =IF(E74="","",Rosters!G15) -> 0 | E74: =IF(Rosters!H15="","",Rosters!H15) -> NICO PAVANI | F74: =IF(E74="","",Rosters!I15) -> 0 | G74: =IF(E74="","",IF(D74="","",D74&" - ")&E74&IF(F74="Yes"," (C)","")) -> 0 - NICO PAVANI
A75: =IF(E75="","","P"&TEXT(ROW()-1,"000")) | B75: =IF(E75="","",Teams!A4) | C75: =IF(E75="","",Teams!C4) | D75: =IF(E75="","",Rosters!G16) | E75: =IF(Rosters!H16="","",Rosters!H16) | F75: =IF(E75="","",Rosters!I16) | G75: =IF(E75="","",IF(D75="","",D75&" - ")&E75&IF(F75="Yes"," (C)",""))
A76: =IF(E76="","","P"&TEXT(ROW()-1,"000")) | B76: =IF(E76="","",Teams!A4) | C76: =IF(E76="","",Teams!C4) | D76: =IF(E76="","",Rosters!G17) | E76: =IF(Rosters!H17="","",Rosters!H17) | F76: =IF(E76="","",Rosters!I17) | G76: =IF(E76="","",IF(D76="","",D76&" - ")&E76&IF(F76="Yes"," (C)",""))
A77: =IF(E77="","","P"&TEXT(ROW()-1,"000")) | B77: =IF(E77="","",Teams!A4) | C77: =IF(E77="","",Teams!C4) | D77: =IF(E77="","",Rosters!G18) | E77: =IF(Rosters!H18="","",Rosters!H18) | F77: =IF(E77="","",Rosters!I18) | G77: =IF(E77="","",IF(D77="","",D77&" - ")&E77&IF(F77="Yes"," (C)",""))
A78: =IF(E78="","","P"&TEXT(ROW()-1,"000")) | B78: =IF(E78="","",Teams!A4) | C78: =IF(E78="","",Teams!C4) | D78: =IF(E78="","",Rosters!G19) | E78: =IF(Rosters!H19="","",Rosters!H19) | F78: =IF(E78="","",Rosters!I19) | G78: =IF(E78="","",IF(D78="","",D78&" - ")&E78&IF(F78="Yes"," (C)",""))
A79: =IF(E79="","","P"&TEXT(ROW()-1,"000")) | B79: =IF(E79="","",Teams!A4) | C79: =IF(E79="","",Teams!C4) | D79: =IF(E79="","",Rosters!G20) | E79: =IF(Rosters!H20="","",Rosters!H20) | F79: =IF(E79="","",Rosters!I20) | G79: =IF(E79="","",IF(D79="","",D79&" - ")&E79&IF(F79="Yes"," (C)",""))
A80: =IF(E80="","","P"&TEXT(ROW()-1,"000")) | B80: =IF(E80="","",Teams!A4) | C80: =IF(E80="","",Teams!C4) | D80: =IF(E80="","",Rosters!G21) | E80: =IF(Rosters!H21="","",Rosters!H21) | F80: =IF(E80="","",Rosters!I21) | G80: =IF(E80="","",IF(D80="","",D80&" - ")&E80&IF(F80="Yes"," (C)",""))
A81: =IF(E81="","","P"&TEXT(ROW()-1,"000")) | B81: =IF(E81="","",Teams!A4) | C81: =IF(E81="","",Teams!C4) | D81: =IF(E81="","",Rosters!G22) | E81: =IF(Rosters!H22="","",Rosters!H22) | F81: =IF(E81="","",Rosters!I22) | G81: =IF(E81="","",IF(D81="","",D81&" - ")&E81&IF(F81="Yes"," (C)",""))
A82: =IF(E82="","","P"&TEXT(ROW()-1,"000")) | B82: =IF(E82="","",Teams!A4) | C82: =IF(E82="","",Teams!C4) | D82: =IF(E82="","",Rosters!G23) | E82: =IF(Rosters!H23="","",Rosters!H23) | F82: =IF(E82="","",Rosters!I23) | G82: =IF(E82="","",IF(D82="","",D82&" - ")&E82&IF(F82="Yes"," (C)",""))
A83: =IF(E83="","","P"&TEXT(ROW()-1,"000")) | B83: =IF(E83="","",Teams!A4) | C83: =IF(E83="","",Teams!C4) | D83: =IF(E83="","",Rosters!G24) | E83: =IF(Rosters!H24="","",Rosters!H24) | F83: =IF(E83="","",Rosters!I24) | G83: =IF(E83="","",IF(D83="","",D83&" - ")&E83&IF(F83="Yes"," (C)",""))
A84: =IF(E84="","","P"&TEXT(ROW()-1,"000")) | B84: =IF(E84="","",Teams!A4) | C84: =IF(E84="","",Teams!C4) | D84: =IF(E84="","",Rosters!G25) | E84: =IF(Rosters!H25="","",Rosters!H25) | F84: =IF(E84="","",Rosters!I25) | G84: =IF(E84="","",IF(D84="","",D84&" - ")&E84&IF(F84="Yes"," (C)",""))
A85: =IF(E85="","","P"&TEXT(ROW()-1,"000")) | B85: =IF(E85="","",Teams!A4) | C85: =IF(E85="","",Teams!C4) | D85: =IF(E85="","",Rosters!G26) | E85: =IF(Rosters!H26="","",Rosters!H26) | F85: =IF(E85="","",Rosters!I26) | G85: =IF(E85="","",IF(D85="","",D85&" - ")&E85&IF(F85="Yes"," (C)",""))
A86: =IF(E86="","","P"&TEXT(ROW()-1,"000")) | B86: =IF(E86="","",Teams!A4) | C86: =IF(E86="","",Teams!C4) | D86: =IF(E86="","",Rosters!G27) | E86: =IF(Rosters!H27="","",Rosters!H27) | F86: =IF(E86="","",Rosters!I27) | G86: =IF(E86="","",IF(D86="","",D86&" - ")&E86&IF(F86="Yes"," (C)",""))
A87: =IF(E87="","","P"&TEXT(ROW()-1,"000")) | B87: =IF(E87="","",Teams!A4) | C87: =IF(E87="","",Teams!C4) | D87: =IF(E87="","",Rosters!G28) | E87: =IF(Rosters!H28="","",Rosters!H28) | F87: =IF(E87="","",Rosters!I28) | G87: =IF(E87="","",IF(D87="","",D87&" - ")&E87&IF(F87="Yes"," (C)",""))
A88: =IF(E88="","","P"&TEXT(ROW()-1,"000")) | B88: =IF(E88="","",Teams!A4) | C88: =IF(E88="","",Teams!C4) | D88: =IF(E88="","",Rosters!G29) | E88: =IF(Rosters!H29="","",Rosters!H29) | F88: =IF(E88="","",Rosters!I29) | G88: =IF(E88="","",IF(D88="","",D88&" - ")&E88&IF(F88="Yes"," (C)",""))
A89: =IF(E89="","","P"&TEXT(ROW()-1,"000")) | B89: =IF(E89="","",Teams!A4) | C89: =IF(E89="","",Teams!C4) | D89: =IF(E89="","",Rosters!G30) | E89: =IF(Rosters!H30="","",Rosters!H30) | F89: =IF(E89="","",Rosters!I30) | G89: =IF(E89="","",IF(D89="","",D89&" - ")&E89&IF(F89="Yes"," (C)",""))
A90: =IF(E90="","","P"&TEXT(ROW()-1,"000")) | B90: =IF(E90="","",Teams!A4) | C90: =IF(E90="","",Teams!C4) | D90: =IF(E90="","",Rosters!G31) | E90: =IF(Rosters!H31="","",Rosters!H31) | F90: =IF(E90="","",Rosters!I31) | G90: =IF(E90="","",IF(D90="","",D90&" - ")&E90&IF(F90="Yes"," (C)",""))
A91: =IF(E91="","","P"&TEXT(ROW()-1,"000")) | B91: =IF(E91="","",Teams!A4) | C91: =IF(E91="","",Teams!C4) | D91: =IF(E91="","",Rosters!G32) | E91: =IF(Rosters!H32="","",Rosters!H32) | F91: =IF(E91="","",Rosters!I32) | G91: =IF(E91="","",IF(D91="","",D91&" - ")&E91&IF(F91="Yes"," (C)",""))
A92: =IF(E92="","","P"&TEXT(ROW()-1,"000")) -> P091 | B92: =IF(E92="","",Teams!A5) -> T04 | C92: =IF(E92="","",Teams!C5) -> Astolfi Impianti Elettrici | D92: =IF(E92="","",Rosters!J3) -> 1 | E92: =IF(Rosters!K3="","",Rosters!K3) -> NICOLAS ANDRIOTTO | F92: =IF(E92="","",Rosters!L3) -> No | G92: =IF(E92="","",IF(D92="","",D92&" - ")&E92&IF(F92="Yes"," (C)","")) -> 1 - NICOLAS ANDRIOTTO
A93: =IF(E93="","","P"&TEXT(ROW()-1,"000")) -> P092 | B93: =IF(E93="","",Teams!A5) -> T04 | C93: =IF(E93="","",Teams!C5) -> Astolfi Impianti Elettrici | D93: =IF(E93="","",Rosters!J4) -> 4 | E93: =IF(Rosters!K4="","",Rosters!K4) -> GIANLUCA PAVAN | F93: =IF(E93="","",Rosters!L4) -> No | G93: =IF(E93="","",IF(D93="","",D93&" - ")&E93&IF(F93="Yes"," (C)","")) -> 4 - GIANLUCA PAVAN
A94: =IF(E94="","","P"&TEXT(ROW()-1,"000")) -> P093 | B94: =IF(E94="","",Teams!A5) -> T04 | C94: =IF(E94="","",Teams!C5) -> Astolfi Impianti Elettrici | D94: =IF(E94="","",Rosters!J5) -> 6 | E94: =IF(Rosters!K5="","",Rosters!K5) -> NICOLA CAVALLIERI | F94: =IF(E94="","",Rosters!L5) -> No | G94: =IF(E94="","",IF(D94="","",D94&" - ")&E94&IF(F94="Yes"," (C)","")) -> 6 - NICOLA CAVALLIERI
A95: =IF(E95="","","P"&TEXT(ROW()-1,"000")) -> P094 | B95: =IF(E95="","",Teams!A5) -> T04 | C95: =IF(E95="","",Teams!C5) -> Astolfi Impianti Elettrici | D95: =IF(E95="","",Rosters!J6) -> 7 | E95: =IF(Rosters!K6="","",Rosters!K6) -> ALBAN AHMATI | F95: =IF(E95="","",Rosters!L6) -> No | G95: =IF(E95="","",IF(D95="","",D95&" - ")&E95&IF(F95="Yes"," (C)","")) -> 7 - ALBAN AHMATI
A96: =IF(E96="","","P"&TEXT(ROW()-1,"000")) -> P095 | B96: =IF(E96="","",Teams!A5) -> T04 | C96: =IF(E96="","",Teams!C5) -> Astolfi Impianti Elettrici | D96: =IF(E96="","",Rosters!J7) -> 8 | E96: =IF(Rosters!K7="","",Rosters!K7) -> MARCO PREVIATO | F96: =IF(E96="","",Rosters!L7) -> No | G96: =IF(E96="","",IF(D96="","",D96&" - ")&E96&IF(F96="Yes"," (C)","")) -> 8 - MARCO PREVIATO
A97: =IF(E97="","","P"&TEXT(ROW()-1,"000")) -> P096 | B97: =IF(E97="","",Teams!A5) -> T04 | C97: =IF(E97="","",Teams!C5) -> Astolfi Impianti Elettrici | D97: =IF(E97="","",Rosters!J8) -> 9 | E97: =IF(Rosters!K8="","",Rosters!K8) -> LUCA SIMEONE | F97: =IF(E97="","",Rosters!L8) -> No | G97: =IF(E97="","",IF(D97="","",D97&" - ")&E97&IF(F97="Yes"," (C)","")) -> 9 - LUCA SIMEONE
A98: =IF(E98="","","P"&TEXT(ROW()-1,"000")) -> P097 | B98: =IF(E98="","",Teams!A5) -> T04 | C98: =IF(E98="","",Teams!C5) -> Astolfi Impianti Elettrici | D98: =IF(E98="","",Rosters!J9) -> 10 | E98: =IF(Rosters!K9="","",Rosters!K9) -> ELIA NAGLIERI | F98: =IF(E98="","",Rosters!L9) -> No | G98: =IF(E98="","",IF(D98="","",D98&" - ")&E98&IF(F98="Yes"," (C)","")) -> 10 - ELIA NAGLIERI
A99: =IF(E99="","","P"&TEXT(ROW()-1,"000")) -> P098 | B99: =IF(E99="","",Teams!A5) -> T04 | C99: =IF(E99="","",Teams!C5) -> Astolfi Impianti Elettrici | D99: =IF(E99="","",Rosters!J10) -> 11 | E99: =IF(Rosters!K10="","",Rosters!K10) -> FILIPPO ZANINI | F99: =IF(E99="","",Rosters!L10) -> Yes | G99: =IF(E99="","",IF(D99="","",D99&" - ")&E99&IF(F99="Yes"," (C)","")) -> 11 - FILIPPO ZANINI (C)
A100: =IF(E100="","","P"&TEXT(ROW()-1,"000")) -> P099 | B100: =IF(E100="","",Teams!A5) -> T04 | C100: =IF(E100="","",Teams!C5) -> Astolfi Impianti Elettrici | D100: =IF(E100="","",Rosters!J11) -> 14 | E100: =IF(Rosters!K11="","",Rosters!K11) -> ALBERTO MUNERATO | F100: =IF(E100="","",Rosters!L11) -> No | G100: =IF(E100="","",IF(D100="","",D100&" - ")&E100&IF(F100="Yes"," (C)","")) -> 14 - ALBERTO MUNERATO
...

Sheet Matches
A1: MatchID | B1: Stage | C1: Group | D1: Round | E1: Field | F1: Time | G1: HomeTeam | H1: AwayTeam | I1: HomeGoals | J1: AwayGoals | K1: PenaltyWinner | L1: Status | M1: HomePoints | N1: AwayPoints | O1: Winner | P1: ScoreLabel
A2: M01 | B2: Group | C2: D | D2: 1 | E2: 1 | F2: 0.59375 | G2: All Blacks | H2: Boldò Glimt | I2: 1 | J2: 2 | L2: =IF(OR(I2="",J2=""),"Pending",IF(I2=J2,IF(K2="","Needs penalty winner","Complete"),"Complete")) -> Complete | M2: =IF(OR(I2="",J2=""),"",IF(I2>J2,Settings!$B$2,IF(I2<J2,Settings!$B$5,IF(K2=G2,Settings!$B$3,IF(K2=H2,Settings!$B$4,""))))) -> 0 | N2: =IF(OR(I2="",J2=""),"",IF(J2>I2,Settings!$B$2,IF(J2<I2,Settings!$B$5,IF(K2=H2,Settings!$B$3,IF(K2=G2,Settings!$B$4,""))))) -> 3 | O2: =IF(OR(I2="",J2=""),"",IF(I2>J2,G2,IF(J2>I2,H2,K2))) -> Boldò Glimt | P2: =IF(OR(I2="",J2=""),"",G2&" "&I2&" - "&J2&" "&H2&IF(K2<>""," (rigori: "&K2&")","")) -> All Blacks 1 - 2 Boldò Glimt
A3: M02 | B3: Group | C3: D | D3: 1 | E3: 2 | F3: 0.59375 | G3: Coca Juniors | H3: Piadineria la Salsiccia | I3: 0 | J3: 1 | L3: =IF(OR(I3="",J3=""),"Pending",IF(I3=J3,IF(K3="","Needs penalty winner","Complete"),"Complete")) -> Complete | M3: =IF(OR(I3="",J3=""),"",IF(I3>J3,Settings!$B$2,IF(I3<J3,Settings!$B$5,IF(K3=G3,Settings!$B$3,IF(K3=H3,Settings!$B$4,""))))) -> 0 | N3: =IF(OR(I3="",J3=""),"",IF(J3>I3,Settings!$B$2,IF(J3<I3,Settings!$B$5,IF(K3=H3,Settings!$B$3,IF(K3=G3,Settings!$B$4,""))))) -> 3 | O3: =IF(OR(I3="",J3=""),"",IF(I3>J3,G3,IF(J3>I3,H3,K3))) -> Piadineria la Salsiccia | P3: =IF(OR(I3="",J3=""),"",G3&" "&I3&" - "&J3&" "&H3&IF(K3<>""," (rigori: "&K3&")","")) -> Coca Juniors 0 - 1 Piadineria la Salsiccia
A4: M03 | B4: Group | C4: B | D4: 1 | E4: 3 (S) | F4: 0.59375 | G4: Totani | H4: Vecchie Glorie Rovigo | I4: 0 | J4: 10 | L4: =IF(OR(I4="",J4=""),"Pending",IF(I4=J4,IF(K4="","Needs penalty winner","Complete"),"Complete")) -> Complete | M4: =IF(OR(I4="",J4=""),"",IF(I4>J4,Settings!$B$2,IF(I4<J4,Settings!$B$5,IF(K4=G4,Settings!$B$3,IF(K4=H4,Settings!$B$4,""))))) -> 0 | N4: =IF(OR(I4="",J4=""),"",IF(J4>I4,Settings!$B$2,IF(J4<I4,Settings!$B$5,IF(K4=H4,Settings!$B$3,IF(K4=G4,Settings!$B$4,""))))) -> 3 | O4: =IF(OR(I4="",J4=""),"",IF(I4>J4,G4,IF(J4>I4,H4,K4))) -> Vecchie Glorie Rovigo | P4: =IF(OR(I4="",J4=""),"",G4&" "&I4&" - "&J4&" "&H4&IF(K4<>""," (rigori: "&K4&")","")) -> Totani 0 - 10 Vecchie Glorie Rovigo
A5: M04 | B5: Group | C5: C | D5: 1 | E5: 1 | F5: 0.61458333 | G5: Leoni di Ricky | H5: Pink 5ive | I5: 5 | J5: 0 | L5: =IF(OR(I5="",J5=""),"Pending",IF(I5=J5,IF(K5="","Needs penalty winner","Complete"),"Complete")) -> Complete | M5: =IF(OR(I5="",J5=""),"",IF(I5>J5,Settings!$B$2,IF(I5<J5,Settings!$B$5,IF(K5=G5,Settings!$B$3,IF(K5=H5,Settings!$B$4,""))))) -> 3 | N5: =IF(OR(I5="",J5=""),"",IF(J5>I5,Settings!$B$2,IF(J5<I5,Settings!$B$5,IF(K5=H5,Settings!$B$3,IF(K5=G5,Settings!$B$4,""))))) -> 0 | O5: =IF(OR(I5="",J5=""),"",IF(I5>J5,G5,IF(J5>I5,H5,K5))) -> Leoni di Ricky | P5: =IF(OR(I5="",J5=""),"",G5&" "&I5&" - "&J5&" "&H5&IF(K5<>""," (rigori: "&K5&")","")) -> Leoni di Ricky 5 - 0 Pink 5ive
A6: M05 | B6: Group | C6: C | D6: 1 | E6: 2 | F6: 0.61458333 | G6: Barrio Boys | H6: Cani | I6: 2 | J6: 0 | L6: =IF(OR(I6="",J6=""),"Pending",IF(I6=J6,IF(K6="","Needs penalty winner","Complete"),"Complete")) -> Complete | M6: =IF(OR(I6="",J6=""),"",IF(I6>J6,Settings!$B$2,IF(I6<J6,Settings!$B$5,IF(K6=G6,Settings!$B$3,IF(K6=H6,Settings!$B$4,""))))) -> 3 | N6: =IF(OR(I6="",J6=""),"",IF(J6>I6,Settings!$B$2,IF(J6<I6,Settings!$B$5,IF(K6=H6,Settings!$B$3,IF(K6=G6,Settings!$B$4,""))))) -> 0 | O6: =IF(OR(I6="",J6=""),"",IF(I6>J6,G6,IF(J6>I6,H6,K6))) -> Barrio Boys | P6: =IF(OR(I6="",J6=""),"",G6&" "&I6&" - "&J6&" "&H6&IF(K6<>""," (rigori: "&K6&")","")) -> Barrio Boys 2 - 0 Cani
A7: M06 | B7: Group | C7: B | D7: 1 | E7: 3 (S) | F7: 0.61458333 | G7: AS Bancatore | H7: Beverton | I7: 5 | J7: 0 | L7: =IF(OR(I7="",J7=""),"Pending",IF(I7=J7,IF(K7="","Needs penalty winner","Complete"),"Complete")) -> Complete | M7: =IF(OR(I7="",J7=""),"",IF(I7>J7,Settings!$B$2,IF(I7<J7,Settings!$B$5,IF(K7=G7,Settings!$B$3,IF(K7=H7,Settings!$B$4,""))))) -> 3 | N7: =IF(OR(I7="",J7=""),"",IF(J7>I7,Settings!$B$2,IF(J7<I7,Settings!$B$5,IF(K7=H7,Settings!$B$3,IF(K7=G7,Settings!$B$4,""))))) -> 0 | O7: =IF(OR(I7="",J7=""),"",IF(I7>J7,G7,IF(J7>I7,H7,K7))) -> AS Bancatore | P7: =IF(OR(I7="",J7=""),"",G7&" "&I7&" - "&J7&" "&H7&IF(K7<>""," (rigori: "&K7&")","")) -> AS Bancatore 5 - 0 Beverton
A8: M07 | B8: Group | C8: A | D8: 1 | E8: 1 | F8: 0.63541667 | G8: Fatine FC | H8: FC Internazionale Rovigo | L8: =IF(OR(I8="",J8=""),"Pending",IF(I8=J8,IF(K8="","Needs penalty winner","Complete"),"Complete")) -> Pending | M8: =IF(OR(I8="",J8=""),"",IF(I8>J8,Settings!$B$2,IF(I8<J8,Settings!$B$5,IF(K8=G8,Settings!$B$3,IF(K8=H8,Settings!$B$4,""))))) | N8: =IF(OR(I8="",J8=""),"",IF(J8>I8,Settings!$B$2,IF(J8<I8,Settings!$B$5,IF(K8=H8,Settings!$B$3,IF(K8=G8,Settings!$B$4,""))))) | O8: =IF(OR(I8="",J8=""),"",IF(I8>J8,G8,IF(J8>I8,H8,K8))) | P8: =IF(OR(I8="",J8=""),"",G8&" "&I8&" - "&J8&" "&H8&IF(K8<>""," (rigori: "&K8&")",""))
A9: M08 | B9: Group | C9: A | D9: 1 | E9: 2 | F9: 0.63541667 | G9: Moviola Utd | H9: Astolfi Impianti Elettrici | L9: =IF(OR(I9="",J9=""),"Pending",IF(I9=J9,IF(K9="","Needs penalty winner","Complete"),"Complete")) -> Pending | M9: =IF(OR(I9="",J9=""),"",IF(I9>J9,Settings!$B$2,IF(I9<J9,Settings!$B$5,IF(K9=G9,Settings!$B$3,IF(K9=H9,Settings!$B$4,""))))) | N9: =IF(OR(I9="",J9=""),"",IF(J9>I9,Settings!$B$2,IF(J9<I9,Settings!$B$5,IF(K9=H9,Settings!$B$3,IF(K9=G9,Settings!$B$4,""))))) | O9: =IF(OR(I9="",J9=""),"",IF(I9>J9,G9,IF(J9>I9,H9,K9))) | P9: =IF(OR(I9="",J9=""),"",G9&" "&I9&" - "&J9&" "&H9&IF(K9<>""," (rigori: "&K9&")",""))
A10: M09 | B10: Group | C10: D | D10: 2 | E10: 3 (S) | F10: 0.63541667 | G10: All Blacks | H10: Coca Juniors | L10: =IF(OR(I10="",J10=""),"Pending",IF(I10=J10,IF(K10="","Needs penalty winner","Complete"),"Complete")) -> Pending | M10: =IF(OR(I10="",J10=""),"",IF(I10>J10,Settings!$B$2,IF(I10<J10,Settings!$B$5,IF(K10=G10,Settings!$B$3,IF(K10=H10,Settings!$B$4,""))))) | N10: =IF(OR(I10="",J10=""),"",IF(J10>I10,Settings!$B$2,IF(J10<I10,Settings!$B$5,IF(K10=H10,Settings!$B$3,IF(K10=G10,Settings!$B$4,""))))) | O10: =IF(OR(I10="",J10=""),"",IF(I10>J10,G10,IF(J10>I10,H10,K10))) | P10: =IF(OR(I10="",J10=""),"",G10&" "&I10&" - "&J10&" "&H10&IF(K10<>""," (rigori: "&K10&")",""))
A11: M10 | B11: Group | C11: B | D11: 2 | E11: 1 | F11: 0.65625 | G11: Totani | H11: AS Bancatore | L11: =IF(OR(I11="",J11=""),"Pending",IF(I11=J11,IF(K11="","Needs penalty winner","Complete"),"Complete")) -> Pending | M11: =IF(OR(I11="",J11=""),"",IF(I11>J11,Settings!$B$2,IF(I11<J11,Settings!$B$5,IF(K11=G11,Settings!$B$3,IF(K11=H11,Settings!$B$4,""))))) | N11: =IF(OR(I11="",J11=""),"",IF(J11>I11,Settings!$B$2,IF(J11<I11,Settings!$B$5,IF(K11=H11,Settings!$B$3,IF(K11=G11,Settings!$B$4,""))))) | O11: =IF(OR(I11="",J11=""),"",IF(I11>J11,G11,IF(J11>I11,H11,K11))) | P11: =IF(OR(I11="",J11=""),"",G11&" "&I11&" - "&J11&" "&H11&IF(K11<>""," (rigori: "&K11&")",""))
A12: M11 | B12: Group | C12: B | D12: 2 | E12: 2 | F12: 0.65625 | G12: Vecchie Glorie Rovigo | H12: Beverton | L12: =IF(OR(I12="",J12=""),"Pending",IF(I12=J12,IF(K12="","Needs penalty winner","Complete"),"Complete")) -> Pending | M12: =IF(OR(I12="",J12=""),"",IF(I12>J12,Settings!$B$2,IF(I12<J12,Settings!$B$5,IF(K12=G12,Settings!$B$3,IF(K12=H12,Settings!$B$4,""))))) | N12: =IF(OR(I12="",J12=""),"",IF(J12>I12,Settings!$B$2,IF(J12<I12,Settings!$B$5,IF(K12=H12,Settings!$B$3,IF(K12=G12,Settings!$B$4,""))))) | O12: =IF(OR(I12="",J12=""),"",IF(I12>J12,G12,IF(J12>I12,H12,K12))) | P12: =IF(OR(I12="",J12=""),"",G12&" "&I12&" - "&J12&" "&H12&IF(K12<>""," (rigori: "&K12&")",""))
A13: M12 | B13: Group | C13: D | D13: 2 | E13: 3 (S) | F13: 0.65625 | G13: Boldò Glimt | H13: Piadineria la Salsiccia | L13: =IF(OR(I13="",J13=""),"Pending",IF(I13=J13,IF(K13="","Needs penalty winner","Complete"),"Complete")) -> Pending | M13: =IF(OR(I13="",J13=""),"",IF(I13>J13,Settings!$B$2,IF(I13<J13,Settings!$B$5,IF(K13=G13,Settings!$B$3,IF(K13=H13,Settings!$B$4,""))))) | N13: =IF(OR(I13="",J13=""),"",IF(J13>I13,Settings!$B$2,IF(J13<I13,Settings!$B$5,IF(K13=H13,Settings!$B$3,IF(K13=G13,Settings!$B$4,""))))) | O13: =IF(OR(I13="",J13=""),"",IF(I13>J13,G13,IF(J13>I13,H13,K13))) | P13: =IF(OR(I13="",J13=""),"",G13&" "&I13&" - "&J13&" "&H13&IF(K13<>""," (rigori: "&K13&")",""))
A14: M13 | B14: Group | C14: C | D14: 2 | E14: 1 | F14: 0.6875 | G14: Leoni di Ricky | H14: Barrio Boys | L14: =IF(OR(I14="",J14=""),"Pending",IF(I14=J14,IF(K14="","Needs penalty winner","Complete"),"Complete")) -> Pending | M14: =IF(OR(I14="",J14=""),"",IF(I14>J14,Settings!$B$2,IF(I14<J14,Settings!$B$5,IF(K14=G14,Settings!$B$3,IF(K14=H14,Settings!$B$4,""))))) | N14: =IF(OR(I14="",J14=""),"",IF(J14>I14,Settings!$B$2,IF(J14<I14,Settings!$B$5,IF(K14=H14,Settings!$B$3,IF(K14=G14,Settings!$B$4,""))))) | O14: =IF(OR(I14="",J14=""),"",IF(I14>J14,G14,IF(J14>I14,H14,K14))) | P14: =IF(OR(I14="",J14=""),"",G14&" "&I14&" - "&J14&" "&H14&IF(K14<>""," (rigori: "&K14&")",""))
A15: M14 | B15: Group | C15: C | D15: 2 | E15: 2 | F15: 0.6875 | G15: Pink 5ive | H15: Cani | L15: =IF(OR(I15="",J15=""),"Pending",IF(I15=J15,IF(K15="","Needs penalty winner","Complete"),"Complete")) -> Pending | M15: =IF(OR(I15="",J15=""),"",IF(I15>J15,Settings!$B$2,IF(I15<J15,Settings!$B$5,IF(K15=G15,Settings!$B$3,IF(K15=H15,Settings!$B$4,""))))) | N15: =IF(OR(I15="",J15=""),"",IF(J15>I15,Settings!$B$2,IF(J15<I15,Settings!$B$5,IF(K15=H15,Settings!$B$3,IF(K15=G15,Settings!$B$4,""))))) | O15: =IF(OR(I15="",J15=""),"",IF(I15>J15,G15,IF(J15>I15,H15,K15))) | P15: =IF(OR(I15="",J15=""),"",G15&" "&I15&" - "&J15&" "&H15&IF(K15<>""," (rigori: "&K15&")",""))
A16: M15 | B16: Group | C16: A | D16: 2 | E16: 3 (S) | F16: 0.6875 | G16: Fatine FC | H16: Moviola Utd | L16: =IF(OR(I16="",J16=""),"Pending",IF(I16=J16,IF(K16="","Needs penalty winner","Complete"),"Complete")) -> Pending | M16: =IF(OR(I16="",J16=""),"",IF(I16>J16,Settings!$B$2,IF(I16<J16,Settings!$B$5,IF(K16=G16,Settings!$B$3,IF(K16=H16,Settings!$B$4,""))))) | N16: =IF(OR(I16="",J16=""),"",IF(J16>I16,Settings!$B$2,IF(J16<I16,Settings!$B$5,IF(K16=H16,Settings!$B$3,IF(K16=G16,Settings!$B$4,""))))) | O16: =IF(OR(I16="",J16=""),"",IF(I16>J16,G16,IF(J16>I16,H16,K16))) | P16: =IF(OR(I16="",J16=""),"",G16&" "&I16&" - "&J16&" "&H16&IF(K16<>""," (rigori: "&K16&")",""))
A17: M16 | B17: Group | C17: D | D17: 3 | E17: 1 | F17: 0.70833333 | G17: All Blacks | H17: Piadineria la Salsiccia | L17: =IF(OR(I17="",J17=""),"Pending",IF(I17=J17,IF(K17="","Needs penalty winner","Complete"),"Complete")) -> Pending | M17: =IF(OR(I17="",J17=""),"",IF(I17>J17,Settings!$B$2,IF(I17<J17,Settings!$B$5,IF(K17=G17,Settings!$B$3,IF(K17=H17,Settings!$B$4,""))))) | N17: =IF(OR(I17="",J17=""),"",IF(J17>I17,Settings!$B$2,IF(J17<I17,Settings!$B$5,IF(K17=H17,Settings!$B$3,IF(K17=G17,Settings!$B$4,""))))) | O17: =IF(OR(I17="",J17=""),"",IF(I17>J17,G17,IF(J17>I17,H17,K17))) | P17: =IF(OR(I17="",J17=""),"",G17&" "&I17&" - "&J17&" "&H17&IF(K17<>""," (rigori: "&K17&")",""))
A18: M17 | B18: Group | C18: D | D18: 3 | E18: 2 | F18: 0.70833333 | G18: Boldò Glimt | H18: Coca Juniors | L18: =IF(OR(I18="",J18=""),"Pending",IF(I18=J18,IF(K18="","Needs penalty winner","Complete"),"Complete")) -> Pending | M18: =IF(OR(I18="",J18=""),"",IF(I18>J18,Settings!$B$2,IF(I18<J18,Settings!$B$5,IF(K18=G18,Settings!$B$3,IF(K18=H18,Settings!$B$4,""))))) | N18: =IF(OR(I18="",J18=""),"",IF(J18>I18,Settings!$B$2,IF(J18<I18,Settings!$B$5,IF(K18=H18,Settings!$B$3,IF(K18=G18,Settings!$B$4,""))))) | O18: =IF(OR(I18="",J18=""),"",IF(I18>J18,G18,IF(J18>I18,H18,K18))) | P18: =IF(OR(I18="",J18=""),"",G18&" "&I18&" - "&J18&" "&H18&IF(K18<>""," (rigori: "&K18&")",""))
A19: M18 | B19: Group | C19: A | D19: 2 | E19: 3 (S) | F19: 0.70833333 | G19: FC Internazionale Rovigo | H19: Astolfi Impianti Elettrici | L19: =IF(OR(I19="",J19=""),"Pending",IF(I19=J19,IF(K19="","Needs penalty winner","Complete"),"Complete")) -> Pending | M19: =IF(OR(I19="",J19=""),"",IF(I19>J19,Settings!$B$2,IF(I19<J19,Settings!$B$5,IF(K19=G19,Settings!$B$3,IF(K19=H19,Settings!$B$4,""))))) | N19: =IF(OR(I19="",J19=""),"",IF(J19>I19,Settings!$B$2,IF(J19<I19,Settings!$B$5,IF(K19=H19,Settings!$B$3,IF(K19=G19,Settings!$B$4,""))))) | O19: =IF(OR(I19="",J19=""),"",IF(I19>J19,G19,IF(J19>I19,H19,K19))) | P19: =IF(OR(I19="",J19=""),"",G19&" "&I19&" - "&J19&" "&H19&IF(K19<>""," (rigori: "&K19&")",""))
... A25: M24 | B25: Group | C25: C | D25: 3 | E25: 3 (S) | F25: 0.75 | G25: Pink 5ive | H25: Barrio Boys | L25: =IF(OR(I25="",J25=""),"Pending",IF(I25=J25,IF(K25="","Needs penalty winner","Complete"),"Complete")) -> Pending | M25: =IF(OR(I25="",J25=""),"",IF(I25>J25,Settings!$B$2,IF(I25<J25,Settings!$B$5,IF(K25=G25,Settings!$B$3,IF(K25=H25,Settings!$B$4,""))))) | N25: =IF(OR(I25="",J25=""),"",IF(J25>I25,Settings!$B$2,IF(J25<I25,Settings!$B$5,IF(K25=H25,Settings!$B$3,IF(K25=G25,Settings!$B$4,""))))) | O25: =IF(OR(I25="",J25=""),"",IF(I25>J25,G25,IF(J25>I25,H25,K25))) | P25: =IF(OR(I25="",J25=""),"",G25&" "&I25&" - "&J25&" "&H25&IF(K25<>""," (rigori: "&K25&")",""))

Sheet Goals
A1: MatchID | B1: GoalForTeam | C1: GoalSlot | D1: GoalType | E1: Player | F1: ScorerTeam | G1: Status | H1: PlayerListRange | I1: MatchRow | J1: Slot | K1: Note
A2: =IF(OR(INDEX(Matches!$I$2:$I$25,I2-1)="",INDEX(Matches!$J$2:$J$25,I2-1)=""),"",IF(J2<=INDEX(Matches!$I$2:$I$25,I2-1)+INDEX(Matches!$J$2:$J$25,I2-1),INDEX(Matches!$A$2:$A$25,I2-1),"")) -> M01 | B2: =IF(A2="","",IF(J2<=INDEX(Matches!$I$2:$I$25,I2-1),INDEX(Matches!$G$2:$G$25,I2-1),INDEX(Matches!$H$2:$H$25,I2-1))) -> All Blacks | C2: =IF(A2="","",COUNTIFS($A$2:A2,A2,$B$2:B2,B2)) -> 1 | D2: =IF(A2="","","Goal") -> Goal | E2: 5 - NICOLA BRESCIANI | F2: =IF(A2="","",IF(D2="Autogol","",IF(D2="Goal",B2,""))) -> All Blacks | G2: =IF(A2="","",IF(D2="","Manca tipo",IF(D2="Goal",IF(E2="","Manca giocatore","OK"),IF(D2="Autogol",IF(E2<>"","Autogol: svuota Player","OK"),"Tipo non valido")))) -> OK | H2: =IF(F2="","",VLOOKUP(F2,Validation!$A$2:$B$17,2,FALSE)) -> Validation!$O$2:$O$31 | I2: =INT((ROW()-2)/Settings!$B$6)+2 -> 2 | J2: =MOD(ROW()-2,Settings!$B$6)+1 -> 1 | K2: Autogol: lasciare Player vuoto; non viene conteggiato nella classifica marcatori.
A3: =IF(OR(INDEX(Matches!$I$2:$I$25,I3-1)="",INDEX(Matches!$J$2:$J$25,I3-1)=""),"",IF(J3<=INDEX(Matches!$I$2:$I$25,I3-1)+INDEX(Matches!$J$2:$J$25,I3-1),INDEX(Matches!$A$2:$A$25,I3-1),"")) -> M01 | B3: =IF(A3="","",IF(J3<=INDEX(Matches!$I$2:$I$25,I3-1),INDEX(Matches!$G$2:$G$25,I3-1),INDEX(Matches!$H$2:$H$25,I3-1))) -> Boldò Glimt | C3: =IF(A3="","",COUNTIFS($A$2:A3,A3,$B$2:B3,B3)) -> 1 | D3: =IF(A3="","","Goal") -> Goal | E3: 21 - LUCA CECCONELLO | F3: =IF(A3="","",IF(D3="Autogol","",IF(D3="Goal",B3,""))) -> Boldò Glimt | G3: =IF(A3="","",IF(D3="","Manca tipo",IF(D3="Goal",IF(E3="","Manca giocatore","OK"),IF(D3="Autogol",IF(E3<>"","Autogol: svuota Player","OK"),"Tipo non valido")))) -> OK | H3: =IF(F3="","",VLOOKUP(F3,Validation!$A$2:$B$17,2,FALSE)) -> Validation!$P$2:$P$31 | I3: =INT((ROW()-2)/Settings!$B$6)+2 -> 2 | J3: =MOD(ROW()-2,Settings!$B$6)+1 -> 2
A4: =IF(OR(INDEX(Matches!$I$2:$I$25,I4-1)="",INDEX(Matches!$J$2:$J$25,I4-1)=""),"",IF(J4<=INDEX(Matches!$I$2:$I$25,I4-1)+INDEX(Matches!$J$2:$J$25,I4-1),INDEX(Matches!$A$2:$A$25,I4-1),"")) -> M01 | B4: =IF(A4="","",IF(J4<=INDEX(Matches!$I$2:$I$25,I4-1),INDEX(Matches!$G$2:$G$25,I4-1),INDEX(Matches!$H$2:$H$25,I4-1))) -> Boldò Glimt | C4: =IF(A4="","",COUNTIFS($A$2:A4,A4,$B$2:B4,B4)) -> 2 | D4: =IF(A4="","","Goal") -> Goal | E4: 21 - LUCA CECCONELLO | F4: =IF(A4="","",IF(D4="Autogol","",IF(D4="Goal",B4,""))) -> Boldò Glimt | G4: =IF(A4="","",IF(D4="","Manca tipo",IF(D4="Goal",IF(E4="","Manca giocatore","OK"),IF(D4="Autogol",IF(E4<>"","Autogol: svuota Player","OK"),"Tipo non valido")))) -> OK | H4: =IF(F4="","",VLOOKUP(F4,Validation!$A$2:$B$17,2,FALSE)) -> Validation!$P$2:$P$31 | I4: =INT((ROW()-2)/Settings!$B$6)+2 -> 2 | J4: =MOD(ROW()-2,Settings!$B$6)+1 -> 3
A5: =IF(OR(INDEX(Matches!$I$2:$I$25,I5-1)="",INDEX(Matches!$J$2:$J$25,I5-1)=""),"",IF(J5<=INDEX(Matches!$I$2:$I$25,I5-1)+INDEX(Matches!$J$2:$J$25,I5-1),INDEX(Matches!$A$2:$A$25,I5-1),"")) | B5: =IF(A5="","",IF(J5<=INDEX(Matches!$I$2:$I$25,I5-1),INDEX(Matches!$G$2:$G$25,I5-1),INDEX(Matches!$H$2:$H$25,I5-1))) | C5: =IF(A5="","",COUNTIFS($A$2:A5,A5,$B$2:B5,B5)) | D5: =IF(A5="","","Goal") | F5: =IF(A5="","",IF(D5="Autogol","",IF(D5="Goal",B5,""))) | G5: =IF(A5="","",IF(D5="","Manca tipo",IF(D5="Goal",IF(E5="","Manca giocatore","OK"),IF(D5="Autogol",IF(E5<>"","Autogol: svuota Player","OK"),"Tipo non valido")))) | H5: =IF(F5="","",VLOOKUP(F5,Validation!$A$2:$B$17,2,FALSE)) | I5: =INT((ROW()-2)/Settings!$B$6)+2 -> 2 | J5: =MOD(ROW()-2,Settings!$B$6)+1 -> 4
A6: =IF(OR(INDEX(Matches!$I$2:$I$25,I6-1)="",INDEX(Matches!$J$2:$J$25,I6-1)=""),"",IF(J6<=INDEX(Matches!$I$2:$I$25,I6-1)+INDEX(Matches!$J$2:$J$25,I6-1),INDEX(Matches!$A$2:$A$25,I6-1),"")) | B6: =IF(A6="","",IF(J6<=INDEX(Matches!$I$2:$I$25,I6-1),INDEX(Matches!$G$2:$G$25,I6-1),INDEX(Matches!$H$2:$H$25,I6-1))) | C6: =IF(A6="","",COUNTIFS($A$2:A6,A6,$B$2:B6,B6)) | D6: =IF(A6="","","Goal") | F6: =IF(A6="","",IF(D6="Autogol","",IF(D6="Goal",B6,""))) | G6: =IF(A6="","",IF(D6="","Manca tipo",IF(D6="Goal",IF(E6="","Manca giocatore","OK"),IF(D6="Autogol",IF(E6<>"","Autogol: svuota Player","OK"),"Tipo non valido")))) | H6: =IF(F6="","",VLOOKUP(F6,Validation!$A$2:$B$17,2,FALSE)) | I6: =INT((ROW()-2)/Settings!$B$6)+2 -> 2 | J6: =MOD(ROW()-2,Settings!$B$6)+1 -> 5
A7: =IF(OR(INDEX(Matches!$I$2:$I$25,I7-1)="",INDEX(Matches!$J$2:$J$25,I7-1)=""),"",IF(J7<=INDEX(Matches!$I$2:$I$25,I7-1)+INDEX(Matches!$J$2:$J$25,I7-1),INDEX(Matches!$A$2:$A$25,I7-1),"")) | B7: =IF(A7="","",IF(J7<=INDEX(Matches!$I$2:$I$25,I7-1),INDEX(Matches!$G$2:$G$25,I7-1),INDEX(Matches!$H$2:$H$25,I7-1))) | C7: =IF(A7="","",COUNTIFS($A$2:A7,A7,$B$2:B7,B7)) | D7: =IF(A7="","","Goal") | F7: =IF(A7="","",IF(D7="Autogol","",IF(D7="Goal",B7,""))) | G7: =IF(A7="","",IF(D7="","Manca tipo",IF(D7="Goal",IF(E7="","Manca giocatore","OK"),IF(D7="Autogol",IF(E7<>"","Autogol: svuota Player","OK"),"Tipo non valido")))) | H7: =IF(F7="","",VLOOKUP(F7,Validation!$A$2:$B$17,2,FALSE)) | I7: =INT((ROW()-2)/Settings!$B$6)+2 -> 2 | J7: =MOD(ROW()-2,Settings!$B$6)+1 -> 6
A8: =IF(OR(INDEX(Matches!$I$2:$I$25,I8-1)="",INDEX(Matches!$J$2:$J$25,I8-1)=""),"",IF(J8<=INDEX(Matches!$I$2:$I$25,I8-1)+INDEX(Matches!$J$2:$J$25,I8-1),INDEX(Matches!$A$2:$A$25,I8-1),"")) | B8: =IF(A8="","",IF(J8<=INDEX(Matches!$I$2:$I$25,I8-1),INDEX(Matches!$G$2:$G$25,I8-1),INDEX(Matches!$H$2:$H$25,I8-1))) | C8: =IF(A8="","",COUNTIFS($A$2:A8,A8,$B$2:B8,B8)) | D8: =IF(A8="","","Goal") | F8: =IF(A8="","",IF(D8="Autogol","",IF(D8="Goal",B8,""))) | G8: =IF(A8="","",IF(D8="","Manca tipo",IF(D8="Goal",IF(E8="","Manca giocatore","OK"),IF(D8="Autogol",IF(E8<>"","Autogol: svuota Player","OK"),"Tipo non valido")))) | H8: =IF(F8="","",VLOOKUP(F8,Validation!$A$2:$B$17,2,FALSE)) | I8: =INT((ROW()-2)/Settings!$B$6)+2 -> 2 | J8: =MOD(ROW()-2,Settings!$B$6)+1 -> 7
A9: =IF(OR(INDEX(Matches!$I$2:$I$25,I9-1)="",INDEX(Matches!$J$2:$J$25,I9-1)=""),"",IF(J9<=INDEX(Matches!$I$2:$I$25,I9-1)+INDEX(Matches!$J$2:$J$25,I9-1),INDEX(Matches!$A$2:$A$25,I9-1),"")) | B9: =IF(A9="","",IF(J9<=INDEX(Matches!$I$2:$I$25,I9-1),INDEX(Matches!$G$2:$G$25,I9-1),INDEX(Matches!$H$2:$H$25,I9-1))) | C9: =IF(A9="","",COUNTIFS($A$2:A9,A9,$B$2:B9,B9)) | D9: =IF(A9="","","Goal") | F9: =IF(A9="","",IF(D9="Autogol","",IF(D9="Goal",B9,""))) | G9: =IF(A9="","",IF(D9="","Manca tipo",IF(D9="Goal",IF(E9="","Manca giocatore","OK"),IF(D9="Autogol",IF(E9<>"","Autogol: svuota Player","OK"),"Tipo non valido")))) | H9: =IF(F9="","",VLOOKUP(F9,Validation!$A$2:$B$17,2,FALSE)) | I9: =INT((ROW()-2)/Settings!$B$6)+2 -> 2 | J9: =MOD(ROW()-2,Settings!$B$6)+1 -> 8
A10: =IF(OR(INDEX(Matches!$I$2:$I$25,I10-1)="",INDEX(Matches!$J$2:$J$25,I10-1)=""),"",IF(J10<=INDEX(Matches!$I$2:$I$25,I10-1)+INDEX(Matches!$J$2:$J$25,I10-1),INDEX(Matches!$A$2:$A$25,I10-1),"")) | B10: =IF(A10="","",IF(J10<=INDEX(Matches!$I$2:$I$25,I10-1),INDEX(Matches!$G$2:$G$25,I10-1),INDEX(Matches!$H$2:$H$25,I10-1))) | C10: =IF(A10="","",COUNTIFS($A$2:A10,A10,$B$2:B10,B10)) | D10: =IF(A10="","","Goal") | F10: =IF(A10="","",IF(D10="Autogol","",IF(D10="Goal",B10,""))) | G10: =IF(A10="","",IF(D10="","Manca tipo",IF(D10="Goal",IF(E10="","Manca giocatore","OK"),IF(D10="Autogol",IF(E10<>"","Autogol: svuota Player","OK"),"Tipo non valido")))) | H10: =IF(F10="","",VLOOKUP(F10,Validation!$A$2:$B$17,2,FALSE)) | I10: =INT((ROW()-2)/Settings!$B$6)+2 -> 2 | J10: =MOD(ROW()-2,Settings!$B$6)+1 -> 9
A11: =IF(OR(INDEX(Matches!$I$2:$I$25,I11-1)="",INDEX(Matches!$J$2:$J$25,I11-1)=""),"",IF(J11<=INDEX(Matches!$I$2:$I$25,I11-1)+INDEX(Matches!$J$2:$J$25,I11-1),INDEX(Matches!$A$2:$A$25,I11-1),"")) | B11: =IF(A11="","",IF(J11<=INDEX(Matches!$I$2:$I$25,I11-1),INDEX(Matches!$G$2:$G$25,I11-1),INDEX(Matches!$H$2:$H$25,I11-1))) | C11: =IF(A11="","",COUNTIFS($A$2:A11,A11,$B$2:B11,B11)) | D11: =IF(A11="","","Goal") | F11: =IF(A11="","",IF(D11="Autogol","",IF(D11="Goal",B11,""))) | G11: =IF(A11="","",IF(D11="","Manca tipo",IF(D11="Goal",IF(E11="","Manca giocatore","OK"),IF(D11="Autogol",IF(E11<>"","Autogol: svuota Player","OK"),"Tipo non valido")))) | H11: =IF(F11="","",VLOOKUP(F11,Validation!$A$2:$B$17,2,FALSE)) | I11: =INT((ROW()-2)/Settings!$B$6)+2 -> 2 | J11: =MOD(ROW()-2,Settings!$B$6)+1 -> 10
A12: =IF(OR(INDEX(Matches!$I$2:$I$25,I12-1)="",INDEX(Matches!$J$2:$J$25,I12-1)=""),"",IF(J12<=INDEX(Matches!$I$2:$I$25,I12-1)+INDEX(Matches!$J$2:$J$25,I12-1),INDEX(Matches!$A$2:$A$25,I12-1),"")) | B12: =IF(A12="","",IF(J12<=INDEX(Matches!$I$2:$I$25,I12-1),INDEX(Matches!$G$2:$G$25,I12-1),INDEX(Matches!$H$2:$H$25,I12-1))) | C12: =IF(A12="","",COUNTIFS($A$2:A12,A12,$B$2:B12,B12)) | D12: =IF(A12="","","Goal") | F12: =IF(A12="","",IF(D12="Autogol","",IF(D12="Goal",B12,""))) | G12: =IF(A12="","",IF(D12="","Manca tipo",IF(D12="Goal",IF(E12="","Manca giocatore","OK"),IF(D12="Autogol",IF(E12<>"","Autogol: svuota Player","OK"),"Tipo non valido")))) | H12: =IF(F12="","",VLOOKUP(F12,Validation!$A$2:$B$17,2,FALSE)) | I12: =INT((ROW()-2)/Settings!$B$6)+2 -> 2 | J12: =MOD(ROW()-2,Settings!$B$6)+1 -> 11
A13: =IF(OR(INDEX(Matches!$I$2:$I$25,I13-1)="",INDEX(Matches!$J$2:$J$25,I13-1)=""),"",IF(J13<=INDEX(Matches!$I$2:$I$25,I13-1)+INDEX(Matches!$J$2:$J$25,I13-1),INDEX(Matches!$A$2:$A$25,I13-1),"")) | B13: =IF(A13="","",IF(J13<=INDEX(Matches!$I$2:$I$25,I13-1),INDEX(Matches!$G$2:$G$25,I13-1),INDEX(Matches!$H$2:$H$25,I13-1))) | C13: =IF(A13="","",COUNTIFS($A$2:A13,A13,$B$2:B13,B13)) | D13: =IF(A13="","","Goal") | F13: =IF(A13="","",IF(D13="Autogol","",IF(D13="Goal",B13,""))) | G13: =IF(A13="","",IF(D13="","Manca tipo",IF(D13="Goal",IF(E13="","Manca giocatore","OK"),IF(D13="Autogol",IF(E13<>"","Autogol: svuota Player","OK"),"Tipo non valido")))) | H13: =IF(F13="","",VLOOKUP(F13,Validation!$A$2:$B$17,2,FALSE)) | I13: =INT((ROW()-2)/Settings!$B$6)+2 -> 2 | J13: =MOD(ROW()-2,Settings!$B$6)+1 -> 12
A14: =IF(OR(INDEX(Matches!$I$2:$I$25,I14-1)="",INDEX(Matches!$J$2:$J$25,I14-1)=""),"",IF(J14<=INDEX(Matches!$I$2:$I$25,I14-1)+INDEX(Matches!$J$2:$J$25,I14-1),INDEX(Matches!$A$2:$A$25,I14-1),"")) -> M02 | B14: =IF(A14="","",IF(J14<=INDEX(Matches!$I$2:$I$25,I14-1),INDEX(Matches!$G$2:$G$25,I14-1),INDEX(Matches!$H$2:$H$25,I14-1))) -> Piadineria la Salsiccia | C14: =IF(A14="","",COUNTIFS($A$2:A14,A14,$B$2:B14,B14)) -> 1 | D14: Goal | E14: 8 - MATTIA AYRTON MARIOTTO | F14: =IF(A14="","",IF(D14="Autogol","",IF(D14="Goal",B14,""))) -> Piadineria la Salsiccia | G14: =IF(A14="","",IF(D14="","Manca tipo",IF(D14="Goal",IF(E14="","Manca giocatore","OK"),IF(D14="Autogol",IF(E14<>"","Autogol: svuota Player","OK"),"Tipo non valido")))) -> OK | H14: =IF(F14="","",VLOOKUP(F14,Validation!$A$2:$B$17,2,FALSE)) -> Validation!$R$2:$R$31 | I14: =INT((ROW()-2)/Settings!$B$6)+2 -> 3 | J14: =MOD(ROW()-2,Settings!$B$6)+1 -> 1
A15: =IF(OR(INDEX(Matches!$I$2:$I$25,I15-1)="",INDEX(Matches!$J$2:$J$25,I15-1)=""),"",IF(J15<=INDEX(Matches!$I$2:$I$25,I15-1)+INDEX(Matches!$J$2:$J$25,I15-1),INDEX(Matches!$A$2:$A$25,I15-1),"")) | B15: =IF(A15="","",IF(J15<=INDEX(Matches!$I$2:$I$25,I15-1),INDEX(Matches!$G$2:$G$25,I15-1),INDEX(Matches!$H$2:$H$25,I15-1))) | C15: =IF(A15="","",COUNTIFS($A$2:A15,A15,$B$2:B15,B15)) | F15: =IF(A15="","",IF(D15="Autogol","",IF(D15="Goal",B15,""))) | G15: =IF(A15="","",IF(D15="","Manca tipo",IF(D15="Goal",IF(E15="","Manca giocatore","OK"),IF(D15="Autogol",IF(E15<>"","Autogol: svuota Player","OK"),"Tipo non valido")))) | H15: =IF(F15="","",VLOOKUP(F15,Validation!$A$2:$B$17,2,FALSE)) | I15: =INT((ROW()-2)/Settings!$B$6)+2 -> 3 | J15: =MOD(ROW()-2,Settings!$B$6)+1 -> 2
A16: =IF(OR(INDEX(Matches!$I$2:$I$25,I16-1)="",INDEX(Matches!$J$2:$J$25,I16-1)=""),"",IF(J16<=INDEX(Matches!$I$2:$I$25,I16-1)+INDEX(Matches!$J$2:$J$25,I16-1),INDEX(Matches!$A$2:$A$25,I16-1),"")) | B16: =IF(A16="","",IF(J16<=INDEX(Matches!$I$2:$I$25,I16-1),INDEX(Matches!$G$2:$G$25,I16-1),INDEX(Matches!$H$2:$H$25,I16-1))) | C16: =IF(A16="","",COUNTIFS($A$2:A16,A16,$B$2:B16,B16)) | F16: =IF(A16="","",IF(D16="Autogol","",IF(D16="Goal",B16,""))) | G16: =IF(A16="","",IF(D16="","Manca tipo",IF(D16="Goal",IF(E16="","Manca giocatore","OK"),IF(D16="Autogol",IF(E16<>"","Autogol: svuota Player","OK"),"Tipo non valido")))) | H16: =IF(F16="","",VLOOKUP(F16,Validation!$A$2:$B$17,2,FALSE)) | I16: =INT((ROW()-2)/Settings!$B$6)+2 -> 3 | J16: =MOD(ROW()-2,Settings!$B$6)+1 -> 3
A17: =IF(OR(INDEX(Matches!$I$2:$I$25,I17-1)="",INDEX(Matches!$J$2:$J$25,I17-1)=""),"",IF(J17<=INDEX(Matches!$I$2:$I$25,I17-1)+INDEX(Matches!$J$2:$J$25,I17-1),INDEX(Matches!$A$2:$A$25,I17-1),"")) | B17: =IF(A17="","",IF(J17<=INDEX(Matches!$I$2:$I$25,I17-1),INDEX(Matches!$G$2:$G$25,I17-1),INDEX(Matches!$H$2:$H$25,I17-1))) | C17: =IF(A17="","",COUNTIFS($A$2:A17,A17,$B$2:B17,B17)) | D17: =IF(A17="","","Goal") | F17: =IF(A17="","",IF(D17="Autogol","",IF(D17="Goal",B17,""))) | G17: =IF(A17="","",IF(D17="","Manca tipo",IF(D17="Goal",IF(E17="","Manca giocatore","OK"),IF(D17="Autogol",IF(E17<>"","Autogol: svuota Player","OK"),"Tipo non valido")))) | H17: =IF(F17="","",VLOOKUP(F17,Validation!$A$2:$B$17,2,FALSE)) | I17: =INT((ROW()-2)/Settings!$B$6)+2 -> 3 | J17: =MOD(ROW()-2,Settings!$B$6)+1 -> 4
A18: =IF(OR(INDEX(Matches!$I$2:$I$25,I18-1)="",INDEX(Matches!$J$2:$J$25,I18-1)=""),"",IF(J18<=INDEX(Matches!$I$2:$I$25,I18-1)+INDEX(Matches!$J$2:$J$25,I18-1),INDEX(Matches!$A$2:$A$25,I18-1),"")) | B18: =IF(A18="","",IF(J18<=INDEX(Matches!$I$2:$I$25,I18-1),INDEX(Matches!$G$2:$G$25,I18-1),INDEX(Matches!$H$2:$H$25,I18-1))) | C18: =IF(A18="","",COUNTIFS($A$2:A18,A18,$B$2:B18,B18)) | D18: =IF(A18="","","Goal") | F18: =IF(A18="","",IF(D18="Autogol","",IF(D18="Goal",B18,""))) | G18: =IF(A18="","",IF(D18="","Manca tipo",IF(D18="Goal",IF(E18="","Manca giocatore","OK"),IF(D18="Autogol",IF(E18<>"","Autogol: svuota Player","OK"),"Tipo non valido")))) | H18: =IF(F18="","",VLOOKUP(F18,Validation!$A$2:$B$17,2,FALSE)) | I18: =INT((ROW()-2)/Settings!$B$6)+2 -> 3 | J18: =MOD(ROW()-2,Settings!$B$6)+1 -> 5
A19: =IF(OR(INDEX(Matches!$I$2:$I$25,I19-1)="",INDEX(Matches!$J$2:$J$25,I19-1)=""),"",IF(J19<=INDEX(Matches!$I$2:$I$25,I19-1)+INDEX(Matches!$J$2:$J$25,I19-1),INDEX(Matches!$A$2:$A$25,I19-1),"")) | B19: =IF(A19="","",IF(J19<=INDEX(Matches!$I$2:$I$25,I19-1),INDEX(Matches!$G$2:$G$25,I19-1),INDEX(Matches!$H$2:$H$25,I19-1))) | C19: =IF(A19="","",COUNTIFS($A$2:A19,A19,$B$2:B19,B19)) | D19: =IF(A19="","","Goal") | F19: =IF(A19="","",IF(D19="Autogol","",IF(D19="Goal",B19,""))) | G19: =IF(A19="","",IF(D19="","Manca tipo",IF(D19="Goal",IF(E19="","Manca giocatore","OK"),IF(D19="Autogol",IF(E19<>"","Autogol: svuota Player","OK"),"Tipo non valido")))) | H19: =IF(F19="","",VLOOKUP(F19,Validation!$A$2:$B$17,2,FALSE)) | I19: =INT((ROW()-2)/Settings!$B$6)+2 -> 3 | J19: =MOD(ROW()-2,Settings!$B$6)+1 -> 6
A20: =IF(OR(INDEX(Matches!$I$2:$I$25,I20-1)="",INDEX(Matches!$J$2:$J$25,I20-1)=""),"",IF(J20<=INDEX(Matches!$I$2:$I$25,I20-1)+INDEX(Matches!$J$2:$J$25,I20-1),INDEX(Matches!$A$2:$A$25,I20-1),"")) | B20: =IF(A20="","",IF(J20<=INDEX(Matches!$I$2:$I$25,I20-1),INDEX(Matches!$G$2:$G$25,I20-1),INDEX(Matches!$H$2:$H$25,I20-1))) | C20: =IF(A20="","",COUNTIFS($A$2:A20,A20,$B$2:B20,B20)) | D20: =IF(A20="","","Goal") | F20: =IF(A20="","",IF(D20="Autogol","",IF(D20="Goal",B20,""))) | G20: =IF(A20="","",IF(D20="","Manca tipo",IF(D20="Goal",IF(E20="","Manca giocatore","OK"),IF(D20="Autogol",IF(E20<>"","Autogol: svuota Player","OK"),"Tipo non valido")))) | H20: =IF(F20="","",VLOOKUP(F20,Validation!$A$2:$B$17,2,FALSE)) | I20: =INT((ROW()-2)/Settings!$B$6)+2 -> 3 | J20: =MOD(ROW()-2,Settings!$B$6)+1 -> 7
A21: =IF(OR(INDEX(Matches!$I$2:$I$25,I21-1)="",INDEX(Matches!$J$2:$J$25,I21-1)=""),"",IF(J21<=INDEX(Matches!$I$2:$I$25,I21-1)+INDEX(Matches!$J$2:$J$25,I21-1),INDEX(Matches!$A$2:$A$25,I21-1),"")) | B21: =IF(A21="","",IF(J21<=INDEX(Matches!$I$2:$I$25,I21-1),INDEX(Matches!$G$2:$G$25,I21-1),INDEX(Matches!$H$2:$H$25,I21-1))) | C21: =IF(A21="","",COUNTIFS($A$2:A21,A21,$B$2:B21,B21)) | D21: =IF(A21="","","Goal") | F21: =IF(A21="","",IF(D21="Autogol","",IF(D21="Goal",B21,""))) | G21: =IF(A21="","",IF(D21="","Manca tipo",IF(D21="Goal",IF(E21="","Manca giocatore","OK"),IF(D21="Autogol",IF(E21<>"","Autogol: svuota Player","OK"),"Tipo non valido")))) | H21: =IF(F21="","",VLOOKUP(F21,Validation!$A$2:$B$17,2,FALSE)) | I21: =INT((ROW()-2)/Settings!$B$6)+2 -> 3 | J21: =MOD(ROW()-2,Settings!$B$6)+1 -> 8
A22: =IF(OR(INDEX(Matches!$I$2:$I$25,I22-1)="",INDEX(Matches!$J$2:$J$25,I22-1)=""),"",IF(J22<=INDEX(Matches!$I$2:$I$25,I22-1)+INDEX(Matches!$J$2:$J$25,I22-1),INDEX(Matches!$A$2:$A$25,I22-1),"")) | B22: =IF(A22="","",IF(J22<=INDEX(Matches!$I$2:$I$25,I22-1),INDEX(Matches!$G$2:$G$25,I22-1),INDEX(Matches!$H$2:$H$25,I22-1))) | C22: =IF(A22="","",COUNTIFS($A$2:A22,A22,$B$2:B22,B22)) | D22: =IF(A22="","","Goal") | F22: =IF(A22="","",IF(D22="Autogol","",IF(D22="Goal",B22,""))) | G22: =IF(A22="","",IF(D22="","Manca tipo",IF(D22="Goal",IF(E22="","Manca giocatore","OK"),IF(D22="Autogol",IF(E22<>"","Autogol: svuota Player","OK"),"Tipo non valido")))) | H22: =IF(F22="","",VLOOKUP(F22,Validation!$A$2:$B$17,2,FALSE)) | I22: =INT((ROW()-2)/Settings!$B$6)+2 -> 3 | J22: =MOD(ROW()-2,Settings!$B$6)+1 -> 9
A23: =IF(OR(INDEX(Matches!$I$2:$I$25,I23-1)="",INDEX(Matches!$J$2:$J$25,I23-1)=""),"",IF(J23<=INDEX(Matches!$I$2:$I$25,I23-1)+INDEX(Matches!$J$2:$J$25,I23-1),INDEX(Matches!$A$2:$A$25,I23-1),"")) | B23: =IF(A23="","",IF(J23<=INDEX(Matches!$I$2:$I$25,I23-1),INDEX(Matches!$G$2:$G$25,I23-1),INDEX(Matches!$H$2:$H$25,I23-1))) | C23: =IF(A23="","",COUNTIFS($A$2:A23,A23,$B$2:B23,B23)) | D23: =IF(A23="","","Goal") | F23: =IF(A23="","",IF(D23="Autogol","",IF(D23="Goal",B23,""))) | G23: =IF(A23="","",IF(D23="","Manca tipo",IF(D23="Goal",IF(E23="","Manca giocatore","OK"),IF(D23="Autogol",IF(E23<>"","Autogol: svuota Player","OK"),"Tipo non valido")))) | H23: =IF(F23="","",VLOOKUP(F23,Validation!$A$2:$B$17,2,FALSE)) | I23: =INT((ROW()-2)/Settings!$B$6)+2 -> 3 | J23: =MOD(ROW()-2,Settings!$B$6)+1 -> 10
A24: =IF(OR(INDEX(Matches!$I$2:$I$25,I24-1)="",INDEX(Matches!$J$2:$J$25,I24-1)=""),"",IF(J24<=INDEX(Matches!$I$2:$I$25,I24-1)+INDEX(Matches!$J$2:$J$25,I24-1),INDEX(Matches!$A$2:$A$25,I24-1),"")) | B24: =IF(A24="","",IF(J24<=INDEX(Matches!$I$2:$I$25,I24-1),INDEX(Matches!$G$2:$G$25,I24-1),INDEX(Matches!$H$2:$H$25,I24-1))) | C24: =IF(A24="","",COUNTIFS($A$2:A24,A24,$B$2:B24,B24)) | D24: =IF(A24="","","Goal") | F24: =IF(A24="","",IF(D24="Autogol","",IF(D24="Goal",B24,""))) | G24: =IF(A24="","",IF(D24="","Manca tipo",IF(D24="Goal",IF(E24="","Manca giocatore","OK"),IF(D24="Autogol",IF(E24<>"","Autogol: svuota Player","OK"),"Tipo non valido")))) | H24: =IF(F24="","",VLOOKUP(F24,Validation!$A$2:$B$17,2,FALSE)) | I24: =INT((ROW()-2)/Settings!$B$6)+2 -> 3 | J24: =MOD(ROW()-2,Settings!$B$6)+1 -> 11
A25: =IF(OR(INDEX(Matches!$I$2:$I$25,I25-1)="",INDEX(Matches!$J$2:$J$25,I25-1)=""),"",IF(J25<=INDEX(Matches!$I$2:$I$25,I25-1)+INDEX(Matches!$J$2:$J$25,I25-1),INDEX(Matches!$A$2:$A$25,I25-1),"")) | B25: =IF(A25="","",IF(J25<=INDEX(Matches!$I$2:$I$25,I25-1),INDEX(Matches!$G$2:$G$25,I25-1),INDEX(Matches!$H$2:$H$25,I25-1))) | C25: =IF(A25="","",COUNTIFS($A$2:A25,A25,$B$2:B25,B25)) | D25: =IF(A25="","","Goal") | F25: =IF(A25="","",IF(D25="Autogol","",IF(D25="Goal",B25,""))) | G25: =IF(A25="","",IF(D25="","Manca tipo",IF(D25="Goal",IF(E25="","Manca giocatore","OK"),IF(D25="Autogol",IF(E25<>"","Autogol: svuota Player","OK"),"Tipo non valido")))) | H25: =IF(F25="","",VLOOKUP(F25,Validation!$A$2:$B$17,2,FALSE)) | I25: =INT((ROW()-2)/Settings!$B$6)+2 -> 3 | J25: =MOD(ROW()-2,Settings!$B$6)+1 -> 12
A26: =IF(OR(INDEX(Matches!$I$2:$I$25,I26-1)="",INDEX(Matches!$J$2:$J$25,I26-1)=""),"",IF(J26<=INDEX(Matches!$I$2:$I$25,I26-1)+INDEX(Matches!$J$2:$J$25,I26-1),INDEX(Matches!$A$2:$A$25,I26-1),"")) -> M03 | B26: =IF(A26="","",IF(J26<=INDEX(Matches!$I$2:$I$25,I26-1),INDEX(Matches!$G$2:$G$25,I26-1),INDEX(Matches!$H$2:$H$25,I26-1))) -> Vecchie Glorie Rovigo | C26: =IF(A26="","",COUNTIFS($A$2:A26,A26,$B$2:B26,B26)) -> 1 | D26: =IF(A26="","","Goal") -> Goal | E26: 3 - MATTEO ZAMBERLAN | F26: =IF(A26="","",IF(D26="Autogol","",IF(D26="Goal",B26,""))) -> Vecchie Glorie Rovigo | G26: =IF(A26="","",IF(D26="","Manca tipo",IF(D26="Goal",IF(E26="","Manca giocatore","OK"),IF(D26="Autogol",IF(E26<>"","Autogol: svuota Player","OK"),"Tipo non valido")))) -> OK | H26: =IF(F26="","",VLOOKUP(F26,Validation!$A$2:$B$17,2,FALSE)) -> Validation!$H$2:$H$31 | I26: =INT((ROW()-2)/Settings!$B$6)+2 -> 4 | J26: =MOD(ROW()-2,Settings!$B$6)+1 -> 1
A27: =IF(OR(INDEX(Matches!$I$2:$I$25,I27-1)="",INDEX(Matches!$J$2:$J$25,I27-1)=""),"",IF(J27<=INDEX(Matches!$I$2:$I$25,I27-1)+INDEX(Matches!$J$2:$J$25,I27-1),INDEX(Matches!$A$2:$A$25,I27-1),"")) -> M03 | B27: =IF(A27="","",IF(J27<=INDEX(Matches!$I$2:$I$25,I27-1),INDEX(Matches!$G$2:$G$25,I27-1),INDEX(Matches!$H$2:$H$25,I27-1))) -> Vecchie Glorie Rovigo | C27: =IF(A27="","",COUNTIFS($A$2:A27,A27,$B$2:B27,B27)) -> 2 | D27: =IF(A27="","","Goal") -> Goal | E27: 3 - MATTEO ZAMBERLAN | F27: =IF(A27="","",IF(D27="Autogol","",IF(D27="Goal",B27,""))) -> Vecchie Glorie Rovigo | G27: =IF(A27="","",IF(D27="","Manca tipo",IF(D27="Goal",IF(E27="","Manca giocatore","OK"),IF(D27="Autogol",IF(E27<>"","Autogol: svuota Player","OK"),"Tipo non valido")))) -> OK | H27: =IF(F27="","",VLOOKUP(F27,Validation!$A$2:$B$17,2,FALSE)) -> Validation!$H$2:$H$31 | I27: =INT((ROW()-2)/Settings!$B$6)+2 -> 4 | J27: =MOD(ROW()-2,Settings!$B$6)+1 -> 2
A28: =IF(OR(INDEX(Matches!$I$2:$I$25,I28-1)="",INDEX(Matches!$J$2:$J$25,I28-1)=""),"",IF(J28<=INDEX(Matches!$I$2:$I$25,I28-1)+INDEX(Matches!$J$2:$J$25,I28-1),INDEX(Matches!$A$2:$A$25,I28-1),"")) -> M03 | B28: =IF(A28="","",IF(J28<=INDEX(Matches!$I$2:$I$25,I28-1),INDEX(Matches!$G$2:$G$25,I28-1),INDEX(Matches!$H$2:$H$25,I28-1))) -> Vecchie Glorie Rovigo | C28: =IF(A28="","",COUNTIFS($A$2:A28,A28,$B$2:B28,B28)) -> 3 | D28: =IF(A28="","","Goal") -> Goal | E28: 3 - MATTEO ZAMBERLAN | F28: =IF(A28="","",IF(D28="Autogol","",IF(D28="Goal",B28,""))) -> Vecchie Glorie Rovigo | G28: =IF(A28="","",IF(D28="","Manca tipo",IF(D28="Goal",IF(E28="","Manca giocatore","OK"),IF(D28="Autogol",IF(E28<>"","Autogol: svuota Player","OK"),"Tipo non valido")))) -> OK | H28: =IF(F28="","",VLOOKUP(F28,Validation!$A$2:$B$17,2,FALSE)) -> Validation!$H$2:$H$31 | I28: =INT((ROW()-2)/Settings!$B$6)+2 -> 4 | J28: =MOD(ROW()-2,Settings!$B$6)+1 -> 3
A29: =IF(OR(INDEX(Matches!$I$2:$I$25,I29-1)="",INDEX(Matches!$J$2:$J$25,I29-1)=""),"",IF(J29<=INDEX(Matches!$I$2:$I$25,I29-1)+INDEX(Matches!$J$2:$J$25,I29-1),INDEX(Matches!$A$2:$A$25,I29-1),"")) -> M03 | B29: =IF(A29="","",IF(J29<=INDEX(Matches!$I$2:$I$25,I29-1),INDEX(Matches!$G$2:$G$25,I29-1),INDEX(Matches!$H$2:$H$25,I29-1))) -> Vecchie Glorie Rovigo | C29: =IF(A29="","",COUNTIFS($A$2:A29,A29,$B$2:B29,B29)) -> 4 | D29: =IF(A29="","","Goal") -> Goal | E29: 10 - DAVIDE ZAGHI (C) | F29: =IF(A29="","",IF(D29="Autogol","",IF(D29="Goal",B29,""))) -> Vecchie Glorie Rovigo | G29: =IF(A29="","",IF(D29="","Manca tipo",IF(D29="Goal",IF(E29="","Manca giocatore","OK"),IF(D29="Autogol",IF(E29<>"","Autogol: svuota Player","OK"),"Tipo non valido")))) -> OK | H29: =IF(F29="","",VLOOKUP(F29,Validation!$A$2:$B$17,2,FALSE)) -> Validation!$H$2:$H$31 | I29: =INT((ROW()-2)/Settings!$B$6)+2 -> 4 | J29: =MOD(ROW()-2,Settings!$B$6)+1 -> 4
A30: =IF(OR(INDEX(Matches!$I$2:$I$25,I30-1)="",INDEX(Matches!$J$2:$J$25,I30-1)=""),"",IF(J30<=INDEX(Matches!$I$2:$I$25,I30-1)+INDEX(Matches!$J$2:$J$25,I30-1),INDEX(Matches!$A$2:$A$25,I30-1),"")) -> M03 | B30: =IF(A30="","",IF(J30<=INDEX(Matches!$I$2:$I$25,I30-1),INDEX(Matches!$G$2:$G$25,I30-1),INDEX(Matches!$H$2:$H$25,I30-1))) -> Vecchie Glorie Rovigo | C30: =IF(A30="","",COUNTIFS($A$2:A30,A30,$B$2:B30,B30)) -> 5 | D30: =IF(A30="","","Goal") -> Goal | E30: 10 - DAVIDE ZAGHI (C) | F30: =IF(A30="","",IF(D30="Autogol","",IF(D30="Goal",B30,""))) -> Vecchie Glorie Rovigo | G30: =IF(A30="","",IF(D30="","Manca tipo",IF(D30="Goal",IF(E30="","Manca giocatore","OK"),IF(D30="Autogol",IF(E30<>"","Autogol: svuota Player","OK"),"Tipo non valido")))) -> OK | H30: =IF(F30="","",VLOOKUP(F30,Validation!$A$2:$B$17,2,FALSE)) -> Validation!$H$2:$H$31 | I30: =INT((ROW()-2)/Settings!$B$6)+2 -> 4 | J30: =MOD(ROW()-2,Settings!$B$6)+1 -> 5
A31: =IF(OR(INDEX(Matches!$I$2:$I$25,I31-1)="",INDEX(Matches!$J$2:$J$25,I31-1)=""),"",IF(J31<=INDEX(Matches!$I$2:$I$25,I31-1)+INDEX(Matches!$J$2:$J$25,I31-1),INDEX(Matches!$A$2:$A$25,I31-1),"")) -> M03 | B31: =IF(A31="","",IF(J31<=INDEX(Matches!$I$2:$I$25,I31-1),INDEX(Matches!$G$2:$G$25,I31-1),INDEX(Matches!$H$2:$H$25,I31-1))) -> Vecchie Glorie Rovigo | C31: =IF(A31="","",COUNTIFS($A$2:A31,A31,$B$2:B31,B31)) -> 6 | D31: =IF(A31="","","Goal") -> Goal | E31: 20 - MATTEO DALL'ARA | F31: =IF(A31="","",IF(D31="Autogol","",IF(D31="Goal",B31,""))) -> Vecchie Glorie Rovigo | G31: =IF(A31="","",IF(D31="","Manca tipo",IF(D31="Goal",IF(E31="","Manca giocatore","OK"),IF(D31="Autogol",IF(E31<>"","Autogol: svuota Player","OK"),"Tipo non valido")))) -> OK | H31: =IF(F31="","",VLOOKUP(F31,Validation!$A$2:$B$17,2,FALSE)) -> Validation!$H$2:$H$31 | I31: =INT((ROW()-2)/Settings!$B$6)+2 -> 4 | J31: =MOD(ROW()-2,Settings!$B$6)+1 -> 6
A32: =IF(OR(INDEX(Matches!$I$2:$I$25,I32-1)="",INDEX(Matches!$J$2:$J$25,I32-1)=""),"",IF(J32<=INDEX(Matches!$I$2:$I$25,I32-1)+INDEX(Matches!$J$2:$J$25,I32-1),INDEX(Matches!$A$2:$A$25,I32-1),"")) -> M03 | B32: =IF(A32="","",IF(J32<=INDEX(Matches!$I$2:$I$25,I32-1),INDEX(Matches!$G$2:$G$25,I32-1),INDEX(Matches!$H$2:$H$25,I32-1))) -> Vecchie Glorie Rovigo | C32: =IF(A32="","",COUNTIFS($A$2:A32,A32,$B$2:B32,B32)) -> 7 | D32: =IF(A32="","","Goal") -> Goal | E32: 5 - JACOPO VOLTOLINA | F32: =IF(A32="","",IF(D32="Autogol","",IF(D32="Goal",B32,""))) -> Vecchie Glorie Rovigo | G32: =IF(A32="","",IF(D32="","Manca tipo",IF(D32="Goal",IF(E32="","Manca giocatore","OK"),IF(D32="Autogol",IF(E32<>"","Autogol: svuota Player","OK"),"Tipo non valido")))) -> OK | H32: =IF(F32="","",VLOOKUP(F32,Validation!$A$2:$B$17,2,FALSE)) -> Validation!$H$2:$H$31 | I32: =INT((ROW()-2)/Settings!$B$6)+2 -> 4 | J32: =MOD(ROW()-2,Settings!$B$6)+1 -> 7
A33: =IF(OR(INDEX(Matches!$I$2:$I$25,I33-1)="",INDEX(Matches!$J$2:$J$25,I33-1)=""),"",IF(J33<=INDEX(Matches!$I$2:$I$25,I33-1)+INDEX(Matches!$J$2:$J$25,I33-1),INDEX(Matches!$A$2:$A$25,I33-1),"")) -> M03 | B33: =IF(A33="","",IF(J33<=INDEX(Matches!$I$2:$I$25,I33-1),INDEX(Matches!$G$2:$G$25,I33-1),INDEX(Matches!$H$2:$H$25,I33-1))) -> Vecchie Glorie Rovigo | C33: =IF(A33="","",COUNTIFS($A$2:A33,A33,$B$2:B33,B33)) -> 8 | D33: =IF(A33="","","Goal") -> Goal | E33: 8 - LEONARDO FUSCO | F33: =IF(A33="","",IF(D33="Autogol","",IF(D33="Goal",B33,""))) -> Vecchie Glorie Rovigo | G33: =IF(A33="","",IF(D33="","Manca tipo",IF(D33="Goal",IF(E33="","Manca giocatore","OK"),IF(D33="Autogol",IF(E33<>"","Autogol: svuota Player","OK"),"Tipo non valido")))) -> OK | H33: =IF(F33="","",VLOOKUP(F33,Validation!$A$2:$B$17,2,FALSE)) -> Validation!$H$2:$H$31 | I33: =INT((ROW()-2)/Settings!$B$6)+2 -> 4 | J33: =MOD(ROW()-2,Settings!$B$6)+1 -> 8
A34: =IF(OR(INDEX(Matches!$I$2:$I$25,I34-1)="",INDEX(Matches!$J$2:$J$25,I34-1)=""),"",IF(J34<=INDEX(Matches!$I$2:$I$25,I34-1)+INDEX(Matches!$J$2:$J$25,I34-1),INDEX(Matches!$A$2:$A$25,I34-1),"")) -> M03 | B34: =IF(A34="","",IF(J34<=INDEX(Matches!$I$2:$I$25,I34-1),INDEX(Matches!$G$2:$G$25,I34-1),INDEX(Matches!$H$2:$H$25,I34-1))) -> Vecchie Glorie Rovigo | C34: =IF(A34="","",COUNTIFS($A$2:A34,A34,$B$2:B34,B34)) -> 9 | D34: =IF(A34="","","Goal") -> Goal | E34: 17 - DOMENICO IACOVINO | F34: =IF(A34="","",IF(D34="Autogol","",IF(D34="Goal",B34,""))) -> Vecchie Glorie Rovigo | G34: =IF(A34="","",IF(D34="","Manca tipo",IF(D34="Goal",IF(E34="","Manca giocatore","OK"),IF(D34="Autogol",IF(E34<>"","Autogol: svuota Player","OK"),"Tipo non valido")))) -> OK | H34: =IF(F34="","",VLOOKUP(F34,Validation!$A$2:$B$17,2,FALSE)) -> Validation!$H$2:$H$31 | I34: =INT((ROW()-2)/Settings!$B$6)+2 -> 4 | J34: =MOD(ROW()-2,Settings!$B$6)+1 -> 9
A35: =IF(OR(INDEX(Matches!$I$2:$I$25,I35-1)="",INDEX(Matches!$J$2:$J$25,I35-1)=""),"",IF(J35<=INDEX(Matches!$I$2:$I$25,I35-1)+INDEX(Matches!$J$2:$J$25,I35-1),INDEX(Matches!$A$2:$A$25,I35-1),"")) -> M03 | B35: =IF(A35="","",IF(J35<=INDEX(Matches!$I$2:$I$25,I35-1),INDEX(Matches!$G$2:$G$25,I35-1),INDEX(Matches!$H$2:$H$25,I35-1))) -> Vecchie Glorie Rovigo | C35: =IF(A35="","",COUNTIFS($A$2:A35,A35,$B$2:B35,B35)) -> 10 | D35: =IF(A35="","","Goal") -> Goal | E35: 7 - DENIS TIMPANARO | F35: =IF(A35="","",IF(D35="Autogol","",IF(D35="Goal",B35,""))) -> Vecchie Glorie Rovigo | G35: =IF(A35="","",IF(D35="","Manca tipo",IF(D35="Goal",IF(E35="","Manca giocatore","OK"),IF(D35="Autogol",IF(E35<>"","Autogol: svuota Player","OK"),"Tipo non valido")))) -> OK | H35: =IF(F35="","",VLOOKUP(F35,Validation!$A$2:$B$17,2,FALSE)) -> Validation!$H$2:$H$31 | I35: =INT((ROW()-2)/Settings!$B$6)+2 -> 4 | J35: =MOD(ROW()-2,Settings!$B$6)+1 -> 10
A36: =IF(OR(INDEX(Matches!$I$2:$I$25,I36-1)="",INDEX(Matches!$J$2:$J$25,I36-1)=""),"",IF(J36<=INDEX(Matches!$I$2:$I$25,I36-1)+INDEX(Matches!$J$2:$J$25,I36-1),INDEX(Matches!$A$2:$A$25,I36-1),"")) | B36: =IF(A36="","",IF(J36<=INDEX(Matches!$I$2:$I$25,I36-1),INDEX(Matches!$G$2:$G$25,I36-1),INDEX(Matches!$H$2:$H$25,I36-1))) | C36: =IF(A36="","",COUNTIFS($A$2:A36,A36,$B$2:B36,B36)) | D36: =IF(A36="","","Goal") | F36: =IF(A36="","",IF(D36="Autogol","",IF(D36="Goal",B36,""))) | G36: =IF(A36="","",IF(D36="","Manca tipo",IF(D36="Goal",IF(E36="","Manca giocatore","OK"),IF(D36="Autogol",IF(E36<>"","Autogol: svuota Player","OK"),"Tipo non valido")))) | H36: =IF(F36="","",VLOOKUP(F36,Validation!$A$2:$B$17,2,FALSE)) | I36: =INT((ROW()-2)/Settings!$B$6)+2 -> 4 | J36: =MOD(ROW()-2,Settings!$B$6)+1 -> 11
A37: =IF(OR(INDEX(Matches!$I$2:$I$25,I37-1)="",INDEX(Matches!$J$2:$J$25,I37-1)=""),"",IF(J37<=INDEX(Matches!$I$2:$I$25,I37-1)+INDEX(Matches!$J$2:$J$25,I37-1),INDEX(Matches!$A$2:$A$25,I37-1),"")) | B37: =IF(A37="","",IF(J37<=INDEX(Matches!$I$2:$I$25,I37-1),INDEX(Matches!$G$2:$G$25,I37-1),INDEX(Matches!$H$2:$H$25,I37-1))) | C37: =IF(A37="","",COUNTIFS($A$2:A37,A37,$B$2:B37,B37)) | D37: =IF(A37="","","Goal") | F37: =IF(A37="","",IF(D37="Autogol","",IF(D37="Goal",B37,""))) | G37: =IF(A37="","",IF(D37="","Manca tipo",IF(D37="Goal",IF(E37="","Manca giocatore","OK"),IF(D37="Autogol",IF(E37<>"","Autogol: svuota Player","OK"),"Tipo non valido")))) | H37: =IF(F37="","",VLOOKUP(F37,Validation!$A$2:$B$17,2,FALSE)) | I37: =INT((ROW()-2)/Settings!$B$6)+2 -> 4 | J37: =MOD(ROW()-2,Settings!$B$6)+1 -> 12
A38: =IF(OR(INDEX(Matches!$I$2:$I$25,I38-1)="",INDEX(Matches!$J$2:$J$25,I38-1)=""),"",IF(J38<=INDEX(Matches!$I$2:$I$25,I38-1)+INDEX(Matches!$J$2:$J$25,I38-1),INDEX(Matches!$A$2:$A$25,I38-1),"")) -> M04 | B38: =IF(A38="","",IF(J38<=INDEX(Matches!$I$2:$I$25,I38-1),INDEX(Matches!$G$2:$G$25,I38-1),INDEX(Matches!$H$2:$H$25,I38-1))) -> Leoni di Ricky | C38: =IF(A38="","",COUNTIFS($A$2:A38,A38,$B$2:B38,B38)) -> 1 | D38: =IF(A38="","","Goal") -> Goal | E38: 3 - LEONARDO MAGGIO | F38: =IF(A38="","",IF(D38="Autogol","",IF(D38="Goal",B38,""))) -> Leoni di Ricky | G38: =IF(A38="","",IF(D38="","Manca tipo",IF(D38="Goal",IF(E38="","Manca giocatore","OK"),IF(D38="Autogol",IF(E38<>"","Autogol: svuota Player","OK"),"Tipo non valido")))) -> OK | H38: =IF(F38="","",VLOOKUP(F38,Validation!$A$2:$B$17,2,FALSE)) -> Validation!$K$2:$K$31 | I38: =INT((ROW()-2)/Settings!$B$6)+2 -> 5 | J38: =MOD(ROW()-2,Settings!$B$6)+1 -> 1
A39: =IF(OR(INDEX(Matches!$I$2:$I$25,I39-1)="",INDEX(Matches!$J$2:$J$25,I39-1)=""),"",IF(J39<=INDEX(Matches!$I$2:$I$25,I39-1)+INDEX(Matches!$J$2:$J$25,I39-1),INDEX(Matches!$A$2:$A$25,I39-1),"")) -> M04 | B39: =IF(A39="","",IF(J39<=INDEX(Matches!$I$2:$I$25,I39-1),INDEX(Matches!$G$2:$G$25,I39-1),INDEX(Matches!$H$2:$H$25,I39-1))) -> Leoni di Ricky | C39: =IF(A39="","",COUNTIFS($A$2:A39,A39,$B$2:B39,B39)) -> 2 | D39: =IF(A39="","","Goal") -> Goal | E39: 3 - LEONARDO MAGGIO | F39: =IF(A39="","",IF(D39="Autogol","",IF(D39="Goal",B39,""))) -> Leoni di Ricky | G39: =IF(A39="","",IF(D39="","Manca tipo",IF(D39="Goal",IF(E39="","Manca giocatore","OK"),IF(D39="Autogol",IF(E39<>"","Autogol: svuota Player","OK"),"Tipo non valido")))) -> OK | H39: =IF(F39="","",VLOOKUP(F39,Validation!$A$2:$B$17,2,FALSE)) -> Validation!$K$2:$K$31 | I39: =INT((ROW()-2)/Settings!$B$6)+2 -> 5 | J39: =MOD(ROW()-2,Settings!$B$6)+1 -> 2
A40: =IF(OR(INDEX(Matches!$I$2:$I$25,I40-1)="",INDEX(Matches!$J$2:$J$25,I40-1)=""),"",IF(J40<=INDEX(Matches!$I$2:$I$25,I40-1)+INDEX(Matches!$J$2:$J$25,I40-1),INDEX(Matches!$A$2:$A$25,I40-1),"")) -> M04 | B40: =IF(A40="","",IF(J40<=INDEX(Matches!$I$2:$I$25,I40-1),INDEX(Matches!$G$2:$G$25,I40-1),INDEX(Matches!$H$2:$H$25,I40-1))) -> Leoni di Ricky | C40: =IF(A40="","",COUNTIFS($A$2:A40,A40,$B$2:B40,B40)) -> 3 | D40: =IF(A40="","","Goal") -> Goal | E40: 3 - LEONARDO MAGGIO | F40: =IF(A40="","",IF(D40="Autogol","",IF(D40="Goal",B40,""))) -> Leoni di Ricky | G40: =IF(A40="","",IF(D40="","Manca tipo",IF(D40="Goal",IF(E40="","Manca giocatore","OK"),IF(D40="Autogol",IF(E40<>"","Autogol: svuota Player","OK"),"Tipo non valido")))) -> OK | H40: =IF(F40="","",VLOOKUP(F40,Validation!$A$2:$B$17,2,FALSE)) -> Validation!$K$2:$K$31 | I40: =INT((ROW()-2)/Settings!$B$6)+2 -> 5 | J40: =MOD(ROW()-2,Settings!$B$6)+1 -> 3
A41: =IF(OR(INDEX(Matches!$I$2:$I$25,I41-1)="",INDEX(Matches!$J$2:$J$25,I41-1)=""),"",IF(J41<=INDEX(Matches!$I$2:$I$25,I41-1)+INDEX(Matches!$J$2:$J$25,I41-1),INDEX(Matches!$A$2:$A$25,I41-1),"")) -> M04 | B41: =IF(A41="","",IF(J41<=INDEX(Matches!$I$2:$I$25,I41-1),INDEX(Matches!$G$2:$G$25,I41-1),INDEX(Matches!$H$2:$H$25,I41-1))) -> Leoni di Ricky | C41: =IF(A41="","",COUNTIFS($A$2:A41,A41,$B$2:B41,B41)) -> 4 | D41: =IF(A41="","","Goal") -> Goal | E41: 10 - ANDREI BARZAGHIDEANU | F41: =IF(A41="","",IF(D41="Autogol","",IF(D41="Goal",B41,""))) -> Leoni di Ricky | G41: =IF(A41="","",IF(D41="","Manca tipo",IF(D41="Goal",IF(E41="","Manca giocatore","OK"),IF(D41="Autogol",IF(E41<>"","Autogol: svuota Player","OK"),"Tipo non valido")))) -> OK | H41: =IF(F41="","",VLOOKUP(F41,Validation!$A$2:$B$17,2,FALSE)) -> Validation!$K$2:$K$31 | I41: =INT((ROW()-2)/Settings!$B$6)+2 -> 5 | J41: =MOD(ROW()-2,Settings!$B$6)+1 -> 4
A42: =IF(OR(INDEX(Matches!$I$2:$I$25,I42-1)="",INDEX(Matches!$J$2:$J$25,I42-1)=""),"",IF(J42<=INDEX(Matches!$I$2:$I$25,I42-1)+INDEX(Matches!$J$2:$J$25,I42-1),INDEX(Matches!$A$2:$A$25,I42-1),"")) -> M04 | B42: =IF(A42="","",IF(J42<=INDEX(Matches!$I$2:$I$25,I42-1),INDEX(Matches!$G$2:$G$25,I42-1),INDEX(Matches!$H$2:$H$25,I42-1))) -> Leoni di Ricky | C42: =IF(A42="","",COUNTIFS($A$2:A42,A42,$B$2:B42,B42)) -> 5 | D42: =IF(A42="","","Goal") -> Goal | E42: 14 - VLAD GABRIEL DUMINICA | F42: =IF(A42="","",IF(D42="Autogol","",IF(D42="Goal",B42,""))) -> Leoni di Ricky | G42: =IF(A42="","",IF(D42="","Manca tipo",IF(D42="Goal",IF(E42="","Manca giocatore","OK"),IF(D42="Autogol",IF(E42<>"","Autogol: svuota Player","OK"),"Tipo non valido")))) -> OK | H42: =IF(F42="","",VLOOKUP(F42,Validation!$A$2:$B$17,2,FALSE)) -> Validation!$K$2:$K$31 | I42: =INT((ROW()-2)/Settings!$B$6)+2 -> 5 | J42: =MOD(ROW()-2,Settings!$B$6)+1 -> 5
A43: =IF(OR(INDEX(Matches!$I$2:$I$25,I43-1)="",INDEX(Matches!$J$2:$J$25,I43-1)=""),"",IF(J43<=INDEX(Matches!$I$2:$I$25,I43-1)+INDEX(Matches!$J$2:$J$25,I43-1),INDEX(Matches!$A$2:$A$25,I43-1),"")) | B43: =IF(A43="","",IF(J43<=INDEX(Matches!$I$2:$I$25,I43-1),INDEX(Matches!$G$2:$G$25,I43-1),INDEX(Matches!$H$2:$H$25,I43-1))) | C43: =IF(A43="","",COUNTIFS($A$2:A43,A43,$B$2:B43,B43)) | D43: =IF(A43="","","Goal") | F43: =IF(A43="","",IF(D43="Autogol","",IF(D43="Goal",B43,""))) | G43: =IF(A43="","",IF(D43="","Manca tipo",IF(D43="Goal",IF(E43="","Manca giocatore","OK"),IF(D43="Autogol",IF(E43<>"","Autogol: svuota Player","OK"),"Tipo non valido")))) | H43: =IF(F43="","",VLOOKUP(F43,Validation!$A$2:$B$17,2,FALSE)) | I43: =INT((ROW()-2)/Settings!$B$6)+2 -> 5 | J43: =MOD(ROW()-2,Settings!$B$6)+1 -> 6
A44: =IF(OR(INDEX(Matches!$I$2:$I$25,I44-1)="",INDEX(Matches!$J$2:$J$25,I44-1)=""),"",IF(J44<=INDEX(Matches!$I$2:$I$25,I44-1)+INDEX(Matches!$J$2:$J$25,I44-1),INDEX(Matches!$A$2:$A$25,I44-1),"")) | B44: =IF(A44="","",IF(J44<=INDEX(Matches!$I$2:$I$25,I44-1),INDEX(Matches!$G$2:$G$25,I44-1),INDEX(Matches!$H$2:$H$25,I44-1))) | C44: =IF(A44="","",COUNTIFS($A$2:A44,A44,$B$2:B44,B44)) | D44: =IF(A44="","","Goal") | F44: =IF(A44="","",IF(D44="Autogol","",IF(D44="Goal",B44,""))) | G44: =IF(A44="","",IF(D44="","Manca tipo",IF(D44="Goal",IF(E44="","Manca giocatore","OK"),IF(D44="Autogol",IF(E44<>"","Autogol: svuota Player","OK"),"Tipo non valido")))) | H44: =IF(F44="","",VLOOKUP(F44,Validation!$A$2:$B$17,2,FALSE)) | I44: =INT((ROW()-2)/Settings!$B$6)+2 -> 5 | J44: =MOD(ROW()-2,Settings!$B$6)+1 -> 7
A45: =IF(OR(INDEX(Matches!$I$2:$I$25,I45-1)="",INDEX(Matches!$J$2:$J$25,I45-1)=""),"",IF(J45<=INDEX(Matches!$I$2:$I$25,I45-1)+INDEX(Matches!$J$2:$J$25,I45-1),INDEX(Matches!$A$2:$A$25,I45-1),"")) | B45: =IF(A45="","",IF(J45<=INDEX(Matches!$I$2:$I$25,I45-1),INDEX(Matches!$G$2:$G$25,I45-1),INDEX(Matches!$H$2:$H$25,I45-1))) | C45: =IF(A45="","",COUNTIFS($A$2:A45,A45,$B$2:B45,B45)) | D45: =IF(A45="","","Goal") | F45: =IF(A45="","",IF(D45="Autogol","",IF(D45="Goal",B45,""))) | G45: =IF(A45="","",IF(D45="","Manca tipo",IF(D45="Goal",IF(E45="","Manca giocatore","OK"),IF(D45="Autogol",IF(E45<>"","Autogol: svuota Player","OK"),"Tipo non valido")))) | H45: =IF(F45="","",VLOOKUP(F45,Validation!$A$2:$B$17,2,FALSE)) | I45: =INT((ROW()-2)/Settings!$B$6)+2 -> 5 | J45: =MOD(ROW()-2,Settings!$B$6)+1 -> 8
A46: =IF(OR(INDEX(Matches!$I$2:$I$25,I46-1)="",INDEX(Matches!$J$2:$J$25,I46-1)=""),"",IF(J46<=INDEX(Matches!$I$2:$I$25,I46-1)+INDEX(Matches!$J$2:$J$25,I46-1),INDEX(Matches!$A$2:$A$25,I46-1),"")) | B46: =IF(A46="","",IF(J46<=INDEX(Matches!$I$2:$I$25,I46-1),INDEX(Matches!$G$2:$G$25,I46-1),INDEX(Matches!$H$2:$H$25,I46-1))) | C46: =IF(A46="","",COUNTIFS($A$2:A46,A46,$B$2:B46,B46)) | D46: =IF(A46="","","Goal") | F46: =IF(A46="","",IF(D46="Autogol","",IF(D46="Goal",B46,""))) | G46: =IF(A46="","",IF(D46="","Manca tipo",IF(D46="Goal",IF(E46="","Manca giocatore","OK"),IF(D46="Autogol",IF(E46<>"","Autogol: svuota Player","OK"),"Tipo non valido")))) | H46: =IF(F46="","",VLOOKUP(F46,Validation!$A$2:$B$17,2,FALSE)) | I46: =INT((ROW()-2)/Settings!$B$6)+2 -> 5 | J46: =MOD(ROW()-2,Settings!$B$6)+1 -> 9
A47: =IF(OR(INDEX(Matches!$I$2:$I$25,I47-1)="",INDEX(Matches!$J$2:$J$25,I47-1)=""),"",IF(J47<=INDEX(Matches!$I$2:$I$25,I47-1)+INDEX(Matches!$J$2:$J$25,I47-1),INDEX(Matches!$A$2:$A$25,I47-1),"")) | B47: =IF(A47="","",IF(J47<=INDEX(Matches!$I$2:$I$25,I47-1),INDEX(Matches!$G$2:$G$25,I47-1),INDEX(Matches!$H$2:$H$25,I47-1))) | C47: =IF(A47="","",COUNTIFS($A$2:A47,A47,$B$2:B47,B47)) | D47: =IF(A47="","","Goal") | F47: =IF(A47="","",IF(D47="Autogol","",IF(D47="Goal",B47,""))) | G47: =IF(A47="","",IF(D47="","Manca tipo",IF(D47="Goal",IF(E47="","Manca giocatore","OK"),IF(D47="Autogol",IF(E47<>"","Autogol: svuota Player","OK"),"Tipo non valido")))) | H47: =IF(F47="","",VLOOKUP(F47,Validation!$A$2:$B$17,2,FALSE)) | I47: =INT((ROW()-2)/Settings!$B$6)+2 -> 5 | J47: =MOD(ROW()-2,Settings!$B$6)+1 -> 10
A48: =IF(OR(INDEX(Matches!$I$2:$I$25,I48-1)="",INDEX(Matches!$J$2:$J$25,I48-1)=""),"",IF(J48<=INDEX(Matches!$I$2:$I$25,I48-1)+INDEX(Matches!$J$2:$J$25,I48-1),INDEX(Matches!$A$2:$A$25,I48-1),"")) | B48: =IF(A48="","",IF(J48<=INDEX(Matches!$I$2:$I$25,I48-1),INDEX(Matches!$G$2:$G$25,I48-1),INDEX(Matches!$H$2:$H$25,I48-1))) | C48: =IF(A48="","",COUNTIFS($A$2:A48,A48,$B$2:B48,B48)) | D48: =IF(A48="","","Goal") | F48: =IF(A48="","",IF(D48="Autogol","",IF(D48="Goal",B48,""))) | G48: =IF(A48="","",IF(D48="","Manca tipo",IF(D48="Goal",IF(E48="","Manca giocatore","OK"),IF(D48="Autogol",IF(E48<>"","Autogol: svuota Player","OK"),"Tipo non valido")))) | H48: =IF(F48="","",VLOOKUP(F48,Validation!$A$2:$B$17,2,FALSE)) | I48: =INT((ROW()-2)/Settings!$B$6)+2 -> 5 | J48: =MOD(ROW()-2,Settings!$B$6)+1 -> 11
A49: =IF(OR(INDEX(Matches!$I$2:$I$25,I49-1)="",INDEX(Matches!$J$2:$J$25,I49-1)=""),"",IF(J49<=INDEX(Matches!$I$2:$I$25,I49-1)+INDEX(Matches!$J$2:$J$25,I49-1),INDEX(Matches!$A$2:$A$25,I49-1),"")) | B49: =IF(A49="","",IF(J49<=INDEX(Matches!$I$2:$I$25,I49-1),INDEX(Matches!$G$2:$G$25,I49-1),INDEX(Matches!$H$2:$H$25,I49-1))) | C49: =IF(A49="","",COUNTIFS($A$2:A49,A49,$B$2:B49,B49)) | D49: =IF(A49="","","Goal") | F49: =IF(A49="","",IF(D49="Autogol","",IF(D49="Goal",B49,""))) | G49: =IF(A49="","",IF(D49="","Manca tipo",IF(D49="Goal",IF(E49="","Manca giocatore","OK"),IF(D49="Autogol",IF(E49<>"","Autogol: svuota Player","OK"),"Tipo non valido")))) | H49: =IF(F49="","",VLOOKUP(F49,Validation!$A$2:$B$17,2,FALSE)) | I49: =INT((ROW()-2)/Settings!$B$6)+2 -> 5 | J49: =MOD(ROW()-2,Settings!$B$6)+1 -> 12
A50: =IF(OR(INDEX(Matches!$I$2:$I$25,I50-1)="",INDEX(Matches!$J$2:$J$25,I50-1)=""),"",IF(J50<=INDEX(Matches!$I$2:$I$25,I50-1)+INDEX(Matches!$J$2:$J$25,I50-1),INDEX(Matches!$A$2:$A$25,I50-1),"")) -> M05 | B50: =IF(A50="","",IF(J50<=INDEX(Matches!$I$2:$I$25,I50-1),INDEX(Matches!$G$2:$G$25,I50-1),INDEX(Matches!$H$2:$H$25,I50-1))) -> Barrio Boys | C50: =IF(A50="","",COUNTIFS($A$2:A50,A50,$B$2:B50,B50)) -> 1 | D50: =IF(A50="","","Goal") -> Goal | E50: 14 - EDOARDO CAVALLARI | F50: =IF(A50="","",IF(D50="Autogol","",IF(D50="Goal",B50,""))) -> Barrio Boys | G50: =IF(A50="","",IF(D50="","Manca tipo",IF(D50="Goal",IF(E50="","Manca giocatore","OK"),IF(D50="Autogol",IF(E50<>"","Autogol: svuota Player","OK"),"Tipo non valido")))) -> OK | H50: =IF(F50="","",VLOOKUP(F50,Validation!$A$2:$B$17,2,FALSE)) -> Validation!$M$2:$M$31 | I50: =INT((ROW()-2)/Settings!$B$6)+2 -> 6 | J50: =MOD(ROW()-2,Settings!$B$6)+1 -> 1
A51: =IF(OR(INDEX(Matches!$I$2:$I$25,I51-1)="",INDEX(Matches!$J$2:$J$25,I51-1)=""),"",IF(J51<=INDEX(Matches!$I$2:$I$25,I51-1)+INDEX(Matches!$J$2:$J$25,I51-1),INDEX(Matches!$A$2:$A$25,I51-1),"")) -> M05 | B51: =IF(A51="","",IF(J51<=INDEX(Matches!$I$2:$I$25,I51-1),INDEX(Matches!$G$2:$G$25,I51-1),INDEX(Matches!$H$2:$H$25,I51-1))) -> Barrio Boys | C51: =IF(A51="","",COUNTIFS($A$2:A51,A51,$B$2:B51,B51)) -> 2 | D51: =IF(A51="","","Goal") -> Goal | E51: 18 - MATTEO FERRO | F51: =IF(A51="","",IF(D51="Autogol","",IF(D51="Goal",B51,""))) -> Barrio Boys | G51: =IF(A51="","",IF(D51="","Manca tipo",IF(D51="Goal",IF(E51="","Manca giocatore","OK"),IF(D51="Autogol",IF(E51<>"","Autogol: svuota Player","OK"),"Tipo non valido")))) -> OK | H51: =IF(F51="","",VLOOKUP(F51,Validation!$A$2:$B$17,2,FALSE)) -> Validation!$M$2:$M$31 | I51: =INT((ROW()-2)/Settings!$B$6)+2 -> 6 | J51: =MOD(ROW()-2,Settings!$B$6)+1 -> 2
A52: =IF(OR(INDEX(Matches!$I$2:$I$25,I52-1)="",INDEX(Matches!$J$2:$J$25,I52-1)=""),"",IF(J52<=INDEX(Matches!$I$2:$I$25,I52-1)+INDEX(Matches!$J$2:$J$25,I52-1),INDEX(Matches!$A$2:$A$25,I52-1),"")) | B52: =IF(A52="","",IF(J52<=INDEX(Matches!$I$2:$I$25,I52-1),INDEX(Matches!$G$2:$G$25,I52-1),INDEX(Matches!$H$2:$H$25,I52-1))) | C52: =IF(A52="","",COUNTIFS($A$2:A52,A52,$B$2:B52,B52)) | D52: =IF(A52="","","Goal") | F52: =IF(A52="","",IF(D52="Autogol","",IF(D52="Goal",B52,""))) | G52: =IF(A52="","",IF(D52="","Manca tipo",IF(D52="Goal",IF(E52="","Manca giocatore","OK"),IF(D52="Autogol",IF(E52<>"","Autogol: svuota Player","OK"),"Tipo non valido")))) | H52: =IF(F52="","",VLOOKUP(F52,Validation!$A$2:$B$17,2,FALSE)) | I52: =INT((ROW()-2)/Settings!$B$6)+2 -> 6 | J52: =MOD(ROW()-2,Settings!$B$6)+1 -> 3
A53: =IF(OR(INDEX(Matches!$I$2:$I$25,I53-1)="",INDEX(Matches!$J$2:$J$25,I53-1)=""),"",IF(J53<=INDEX(Matches!$I$2:$I$25,I53-1)+INDEX(Matches!$J$2:$J$25,I53-1),INDEX(Matches!$A$2:$A$25,I53-1),"")) | B53: =IF(A53="","",IF(J53<=INDEX(Matches!$I$2:$I$25,I53-1),INDEX(Matches!$G$2:$G$25,I53-1),INDEX(Matches!$H$2:$H$25,I53-1))) | C53: =IF(A53="","",COUNTIFS($A$2:A53,A53,$B$2:B53,B53)) | D53: =IF(A53="","","Goal") | F53: =IF(A53="","",IF(D53="Autogol","",IF(D53="Goal",B53,""))) | G53: =IF(A53="","",IF(D53="","Manca tipo",IF(D53="Goal",IF(E53="","Manca giocatore","OK"),IF(D53="Autogol",IF(E53<>"","Autogol: svuota Player","OK"),"Tipo non valido")))) | H53: =IF(F53="","",VLOOKUP(F53,Validation!$A$2:$B$17,2,FALSE)) | I53: =INT((ROW()-2)/Settings!$B$6)+2 -> 6 | J53: =MOD(ROW()-2,Settings!$B$6)+1 -> 4
A54: =IF(OR(INDEX(Matches!$I$2:$I$25,I54-1)="",INDEX(Matches!$J$2:$J$25,I54-1)=""),"",IF(J54<=INDEX(Matches!$I$2:$I$25,I54-1)+INDEX(Matches!$J$2:$J$25,I54-1),INDEX(Matches!$A$2:$A$25,I54-1),"")) | B54: =IF(A54="","",IF(J54<=INDEX(Matches!$I$2:$I$25,I54-1),INDEX(Matches!$G$2:$G$25,I54-1),INDEX(Matches!$H$2:$H$25,I54-1))) | C54: =IF(A54="","",COUNTIFS($A$2:A54,A54,$B$2:B54,B54)) | D54: =IF(A54="","","Goal") | F54: =IF(A54="","",IF(D54="Autogol","",IF(D54="Goal",B54,""))) | G54: =IF(A54="","",IF(D54="","Manca tipo",IF(D54="Goal",IF(E54="","Manca giocatore","OK"),IF(D54="Autogol",IF(E54<>"","Autogol: svuota Player","OK"),"Tipo non valido")))) | H54: =IF(F54="","",VLOOKUP(F54,Validation!$A$2:$B$17,2,FALSE)) | I54: =INT((ROW()-2)/Settings!$B$6)+2 -> 6 | J54: =MOD(ROW()-2,Settings!$B$6)+1 -> 5
A55: =IF(OR(INDEX(Matches!$I$2:$I$25,I55-1)="",INDEX(Matches!$J$2:$J$25,I55-1)=""),"",IF(J55<=INDEX(Matches!$I$2:$I$25,I55-1)+INDEX(Matches!$J$2:$J$25,I55-1),INDEX(Matches!$A$2:$A$25,I55-1),"")) | B55: =IF(A55="","",IF(J55<=INDEX(Matches!$I$2:$I$25,I55-1),INDEX(Matches!$G$2:$G$25,I55-1),INDEX(Matches!$H$2:$H$25,I55-1))) | C55: =IF(A55="","",COUNTIFS($A$2:A55,A55,$B$2:B55,B55)) | D55: =IF(A55="","","Goal") | F55: =IF(A55="","",IF(D55="Autogol","",IF(D55="Goal",B55,""))) | G55: =IF(A55="","",IF(D55="","Manca tipo",IF(D55="Goal",IF(E55="","Manca giocatore","OK"),IF(D55="Autogol",IF(E55<>"","Autogol: svuota Player","OK"),"Tipo non valido")))) | H55: =IF(F55="","",VLOOKUP(F55,Validation!$A$2:$B$17,2,FALSE)) | I55: =INT((ROW()-2)/Settings!$B$6)+2 -> 6 | J55: =MOD(ROW()-2,Settings!$B$6)+1 -> 6
A56: =IF(OR(INDEX(Matches!$I$2:$I$25,I56-1)="",INDEX(Matches!$J$2:$J$25,I56-1)=""),"",IF(J56<=INDEX(Matches!$I$2:$I$25,I56-1)+INDEX(Matches!$J$2:$J$25,I56-1),INDEX(Matches!$A$2:$A$25,I56-1),"")) | B56: =IF(A56="","",IF(J56<=INDEX(Matches!$I$2:$I$25,I56-1),INDEX(Matches!$G$2:$G$25,I56-1),INDEX(Matches!$H$2:$H$25,I56-1))) | C56: =IF(A56="","",COUNTIFS($A$2:A56,A56,$B$2:B56,B56)) | D56: =IF(A56="","","Goal") | F56: =IF(A56="","",IF(D56="Autogol","",IF(D56="Goal",B56,""))) | G56: =IF(A56="","",IF(D56="","Manca tipo",IF(D56="Goal",IF(E56="","Manca giocatore","OK"),IF(D56="Autogol",IF(E56<>"","Autogol: svuota Player","OK"),"Tipo non valido")))) | H56: =IF(F56="","",VLOOKUP(F56,Validation!$A$2:$B$17,2,FALSE)) | I56: =INT((ROW()-2)/Settings!$B$6)+2 -> 6 | J56: =MOD(ROW()-2,Settings!$B$6)+1 -> 7
A57: =IF(OR(INDEX(Matches!$I$2:$I$25,I57-1)="",INDEX(Matches!$J$2:$J$25,I57-1)=""),"",IF(J57<=INDEX(Matches!$I$2:$I$25,I57-1)+INDEX(Matches!$J$2:$J$25,I57-1),INDEX(Matches!$A$2:$A$25,I57-1),"")) | B57: =IF(A57="","",IF(J57<=INDEX(Matches!$I$2:$I$25,I57-1),INDEX(Matches!$G$2:$G$25,I57-1),INDEX(Matches!$H$2:$H$25,I57-1))) | C57: =IF(A57="","",COUNTIFS($A$2:A57,A57,$B$2:B57,B57)) | D57: =IF(A57="","","Goal") | F57: =IF(A57="","",IF(D57="Autogol","",IF(D57="Goal",B57,""))) | G57: =IF(A57="","",IF(D57="","Manca tipo",IF(D57="Goal",IF(E57="","Manca giocatore","OK"),IF(D57="Autogol",IF(E57<>"","Autogol: svuota Player","OK"),"Tipo non valido")))) | H57: =IF(F57="","",VLOOKUP(F57,Validation!$A$2:$B$17,2,FALSE)) | I57: =INT((ROW()-2)/Settings!$B$6)+2 -> 6 | J57: =MOD(ROW()-2,Settings!$B$6)+1 -> 8
A58: =IF(OR(INDEX(Matches!$I$2:$I$25,I58-1)="",INDEX(Matches!$J$2:$J$25,I58-1)=""),"",IF(J58<=INDEX(Matches!$I$2:$I$25,I58-1)+INDEX(Matches!$J$2:$J$25,I58-1),INDEX(Matches!$A$2:$A$25,I58-1),"")) | B58: =IF(A58="","",IF(J58<=INDEX(Matches!$I$2:$I$25,I58-1),INDEX(Matches!$G$2:$G$25,I58-1),INDEX(Matches!$H$2:$H$25,I58-1))) | C58: =IF(A58="","",COUNTIFS($A$2:A58,A58,$B$2:B58,B58)) | D58: =IF(A58="","","Goal") | F58: =IF(A58="","",IF(D58="Autogol","",IF(D58="Goal",B58,""))) | G58: =IF(A58="","",IF(D58="","Manca tipo",IF(D58="Goal",IF(E58="","Manca giocatore","OK"),IF(D58="Autogol",IF(E58<>"","Autogol: svuota Player","OK"),"Tipo non valido")))) | H58: =IF(F58="","",VLOOKUP(F58,Validation!$A$2:$B$17,2,FALSE)) | I58: =INT((ROW()-2)/Settings!$B$6)+2 -> 6 | J58: =MOD(ROW()-2,Settings!$B$6)+1 -> 9
A59: =IF(OR(INDEX(Matches!$I$2:$I$25,I59-1)="",INDEX(Matches!$J$2:$J$25,I59-1)=""),"",IF(J59<=INDEX(Matches!$I$2:$I$25,I59-1)+INDEX(Matches!$J$2:$J$25,I59-1),INDEX(Matches!$A$2:$A$25,I59-1),"")) | B59: =IF(A59="","",IF(J59<=INDEX(Matches!$I$2:$I$25,I59-1),INDEX(Matches!$G$2:$G$25,I59-1),INDEX(Matches!$H$2:$H$25,I59-1))) | C59: =IF(A59="","",COUNTIFS($A$2:A59,A59,$B$2:B59,B59)) | D59: =IF(A59="","","Goal") | F59: =IF(A59="","",IF(D59="Autogol","",IF(D59="Goal",B59,""))) | G59: =IF(A59="","",IF(D59="","Manca tipo",IF(D59="Goal",IF(E59="","Manca giocatore","OK"),IF(D59="Autogol",IF(E59<>"","Autogol: svuota Player","OK"),"Tipo non valido")))) | H59: =IF(F59="","",VLOOKUP(F59,Validation!$A$2:$B$17,2,FALSE)) | I59: =INT((ROW()-2)/Settings!$B$6)+2 -> 6 | J59: =MOD(ROW()-2,Settings!$B$6)+1 -> 10
A60: =IF(OR(INDEX(Matches!$I$2:$I$25,I60-1)="",INDEX(Matches!$J$2:$J$25,I60-1)=""),"",IF(J60<=INDEX(Matches!$I$2:$I$25,I60-1)+INDEX(Matches!$J$2:$J$25,I60-1),INDEX(Matches!$A$2:$A$25,I60-1),"")) | B60: =IF(A60="","",IF(J60<=INDEX(Matches!$I$2:$I$25,I60-1),INDEX(Matches!$G$2:$G$25,I60-1),INDEX(Matches!$H$2:$H$25,I60-1))) | C60: =IF(A60="","",COUNTIFS($A$2:A60,A60,$B$2:B60,B60)) | D60: =IF(A60="","","Goal") | F60: =IF(A60="","",IF(D60="Autogol","",IF(D60="Goal",B60,""))) | G60: =IF(A60="","",IF(D60="","Manca tipo",IF(D60="Goal",IF(E60="","Manca giocatore","OK"),IF(D60="Autogol",IF(E60<>"","Autogol: svuota Player","OK"),"Tipo non valido")))) | H60: =IF(F60="","",VLOOKUP(F60,Validation!$A$2:$B$17,2,FALSE)) | I60: =INT((ROW()-2)/Settings!$B$6)+2 -> 6 | J60: =MOD(ROW()-2,Settings!$B$6)+1 -> 11
A61: =IF(OR(INDEX(Matches!$I$2:$I$25,I61-1)="",INDEX(Matches!$J$2:$J$25,I61-1)=""),"",IF(J61<=INDEX(Matches!$I$2:$I$25,I61-1)+INDEX(Matches!$J$2:$J$25,I61-1),INDEX(Matches!$A$2:$A$25,I61-1),"")) | B61: =IF(A61="","",IF(J61<=INDEX(Matches!$I$2:$I$25,I61-1),INDEX(Matches!$G$2:$G$25,I61-1),INDEX(Matches!$H$2:$H$25,I61-1))) | C61: =IF(A61="","",COUNTIFS($A$2:A61,A61,$B$2:B61,B61)) | D61: =IF(A61="","","Goal") | F61: =IF(A61="","",IF(D61="Autogol","",IF(D61="Goal",B61,""))) | G61: =IF(A61="","",IF(D61="","Manca tipo",IF(D61="Goal",IF(E61="","Manca giocatore","OK"),IF(D61="Autogol",IF(E61<>"","Autogol: svuota Player","OK"),"Tipo non valido")))) | H61: =IF(F61="","",VLOOKUP(F61,Validation!$A$2:$B$17,2,FALSE)) | I61: =INT((ROW()-2)/Settings!$B$6)+2 -> 6 | J61: =MOD(ROW()-2,Settings!$B$6)+1 -> 12
A62: =IF(OR(INDEX(Matches!$I$2:$I$25,I62-1)="",INDEX(Matches!$J$2:$J$25,I62-1)=""),"",IF(J62<=INDEX(Matches!$I$2:$I$25,I62-1)+INDEX(Matches!$J$2:$J$25,I62-1),INDEX(Matches!$A$2:$A$25,I62-1),"")) -> M06 | B62: =IF(A62="","",IF(J62<=INDEX(Matches!$I$2:$I$25,I62-1),INDEX(Matches!$G$2:$G$25,I62-1),INDEX(Matches!$H$2:$H$25,I62-1))) -> AS Bancatore | C62: =IF(A62="","",COUNTIFS($A$2:A62,A62,$B$2:B62,B62)) -> 1 | D62: =IF(A62="","","Goal") -> Goal | E62: 9 - IGNAZIO BADALÌ | F62: =IF(A62="","",IF(D62="Autogol","",IF(D62="Goal",B62,""))) -> AS Bancatore | G62: =IF(A62="","",IF(D62="","Manca tipo",IF(D62="Goal",IF(E62="","Manca giocatore","OK"),IF(D62="Autogol",IF(E62<>"","Autogol: svuota Player","OK"),"Tipo non valido")))) -> OK | H62: =IF(F62="","",VLOOKUP(F62,Validation!$A$2:$B$17,2,FALSE)) -> Validation!$I$2:$I$31 | I62: =INT((ROW()-2)/Settings!$B$6)+2 -> 7 | J62: =MOD(ROW()-2,Settings!$B$6)+1 -> 1
A63: =IF(OR(INDEX(Matches!$I$2:$I$25,I63-1)="",INDEX(Matches!$J$2:$J$25,I63-1)=""),"",IF(J63<=INDEX(Matches!$I$2:$I$25,I63-1)+INDEX(Matches!$J$2:$J$25,I63-1),INDEX(Matches!$A$2:$A$25,I63-1),"")) -> M06 | B63: =IF(A63="","",IF(J63<=INDEX(Matches!$I$2:$I$25,I63-1),INDEX(Matches!$G$2:$G$25,I63-1),INDEX(Matches!$H$2:$H$25,I63-1))) -> AS Bancatore | C63: =IF(A63="","",COUNTIFS($A$2:A63,A63,$B$2:B63,B63)) -> 2 | D63: =IF(A63="","","Goal") -> Goal | E63: 9 - IGNAZIO BADALÌ | F63: =IF(A63="","",IF(D63="Autogol","",IF(D63="Goal",B63,""))) -> AS Bancatore | G63: =IF(A63="","",IF(D63="","Manca tipo",IF(D63="Goal",IF(E63="","Manca giocatore","OK"),IF(D63="Autogol",IF(E63<>"","Autogol: svuota Player","OK"),"Tipo non valido")))) -> OK | H63: =IF(F63="","",VLOOKUP(F63,Validation!$A$2:$B$17,2,FALSE)) -> Validation!$I$2:$I$31 | I63: =INT((ROW()-2)/Settings!$B$6)+2 -> 7 | J63: =MOD(ROW()-2,Settings!$B$6)+1 -> 2
A64: =IF(OR(INDEX(Matches!$I$2:$I$25,I64-1)="",INDEX(Matches!$J$2:$J$25,I64-1)=""),"",IF(J64<=INDEX(Matches!$I$2:$I$25,I64-1)+INDEX(Matches!$J$2:$J$25,I64-1),INDEX(Matches!$A$2:$A$25,I64-1),"")) -> M06 | B64: =IF(A64="","",IF(J64<=INDEX(Matches!$I$2:$I$25,I64-1),INDEX(Matches!$G$2:$G$25,I64-1),INDEX(Matches!$H$2:$H$25,I64-1))) -> AS Bancatore | C64: =IF(A64="","",COUNTIFS($A$2:A64,A64,$B$2:B64,B64)) -> 3 | D64: =IF(A64="","","Goal") -> Goal | E64: 5 - MATTEO LONGO | F64: =IF(A64="","",IF(D64="Autogol","",IF(D64="Goal",B64,""))) -> AS Bancatore | G64: =IF(A64="","",IF(D64="","Manca tipo",IF(D64="Goal",IF(E64="","Manca giocatore","OK"),IF(D64="Autogol",IF(E64<>"","Autogol: svuota Player","OK"),"Tipo non valido")))) -> OK | H64: =IF(F64="","",VLOOKUP(F64,Validation!$A$2:$B$17,2,FALSE)) -> Validation!$I$2:$I$31 | I64: =INT((ROW()-2)/Settings!$B$6)+2 -> 7 | J64: =MOD(ROW()-2,Settings!$B$6)+1 -> 3
A65: =IF(OR(INDEX(Matches!$I$2:$I$25,I65-1)="",INDEX(Matches!$J$2:$J$25,I65-1)=""),"",IF(J65<=INDEX(Matches!$I$2:$I$25,I65-1)+INDEX(Matches!$J$2:$J$25,I65-1),INDEX(Matches!$A$2:$A$25,I65-1),"")) -> M06 | B65: =IF(A65="","",IF(J65<=INDEX(Matches!$I$2:$I$25,I65-1),INDEX(Matches!$G$2:$G$25,I65-1),INDEX(Matches!$H$2:$H$25,I65-1))) -> AS Bancatore | C65: =IF(A65="","",COUNTIFS($A$2:A65,A65,$B$2:B65,B65)) -> 4 | D65: =IF(A65="","","Goal") -> Goal | E65: 10 - GIANLUCA FREZZATI | F65: =IF(A65="","",IF(D65="Autogol","",IF(D65="Goal",B65,""))) -> AS Bancatore | G65: =IF(A65="","",IF(D65="","Manca tipo",IF(D65="Goal",IF(E65="","Manca giocatore","OK"),IF(D65="Autogol",IF(E65<>"","Autogol: svuota Player","OK"),"Tipo non valido")))) -> OK | H65: =IF(F65="","",VLOOKUP(F65,Validation!$A$2:$B$17,2,FALSE)) -> Validation!$I$2:$I$31 | I65: =INT((ROW()-2)/Settings!$B$6)+2 -> 7 | J65: =MOD(ROW()-2,Settings!$B$6)+1 -> 4
A66: =IF(OR(INDEX(Matches!$I$2:$I$25,I66-1)="",INDEX(Matches!$J$2:$J$25,I66-1)=""),"",IF(J66<=INDEX(Matches!$I$2:$I$25,I66-1)+INDEX(Matches!$J$2:$J$25,I66-1),INDEX(Matches!$A$2:$A$25,I66-1),"")) -> M06 | B66: =IF(A66="","",IF(J66<=INDEX(Matches!$I$2:$I$25,I66-1),INDEX(Matches!$G$2:$G$25,I66-1),INDEX(Matches!$H$2:$H$25,I66-1))) -> AS Bancatore | C66: =IF(A66="","",COUNTIFS($A$2:A66,A66,$B$2:B66,B66)) -> 5 | D66: =IF(A66="","","Goal") -> Goal | E66: 17 - NICOLA BARONI | F66: =IF(A66="","",IF(D66="Autogol","",IF(D66="Goal",B66,""))) -> AS Bancatore | G66: =IF(A66="","",IF(D66="","Manca tipo",IF(D66="Goal",IF(E66="","Manca giocatore","OK"),IF(D66="Autogol",IF(E66<>"","Autogol: svuota Player","OK"),"Tipo non valido")))) -> OK | H66: =IF(F66="","",VLOOKUP(F66,Validation!$A$2:$B$17,2,FALSE)) -> Validation!$I$2:$I$31 | I66: =INT((ROW()-2)/Settings!$B$6)+2 -> 7 | J66: =MOD(ROW()-2,Settings!$B$6)+1 -> 5
A67: =IF(OR(INDEX(Matches!$I$2:$I$25,I67-1)="",INDEX(Matches!$J$2:$J$25,I67-1)=""),"",IF(J67<=INDEX(Matches!$I$2:$I$25,I67-1)+INDEX(Matches!$J$2:$J$25,I67-1),INDEX(Matches!$A$2:$A$25,I67-1),"")) | B67: =IF(A67="","",IF(J67<=INDEX(Matches!$I$2:$I$25,I67-1),INDEX(Matches!$G$2:$G$25,I67-1),INDEX(Matches!$H$2:$H$25,I67-1))) | C67: =IF(A67="","",COUNTIFS($A$2:A67,A67,$B$2:B67,B67)) | D67: =IF(A67="","","Goal") | F67: =IF(A67="","",IF(D67="Autogol","",IF(D67="Goal",B67,""))) | G67: =IF(A67="","",IF(D67="","Manca tipo",IF(D67="Goal",IF(E67="","Manca giocatore","OK"),IF(D67="Autogol",IF(E67<>"","Autogol: svuota Player","OK"),"Tipo non valido")))) | H67: =IF(F67="","",VLOOKUP(F67,Validation!$A$2:$B$17,2,FALSE)) | I67: =INT((ROW()-2)/Settings!$B$6)+2 -> 7 | J67: =MOD(ROW()-2,Settings!$B$6)+1 -> 6
A68: =IF(OR(INDEX(Matches!$I$2:$I$25,I68-1)="",INDEX(Matches!$J$2:$J$25,I68-1)=""),"",IF(J68<=INDEX(Matches!$I$2:$I$25,I68-1)+INDEX(Matches!$J$2:$J$25,I68-1),INDEX(Matches!$A$2:$A$25,I68-1),"")) | B68: =IF(A68="","",IF(J68<=INDEX(Matches!$I$2:$I$25,I68-1),INDEX(Matches!$G$2:$G$25,I68-1),INDEX(Matches!$H$2:$H$25,I68-1))) | C68: =IF(A68="","",COUNTIFS($A$2:A68,A68,$B$2:B68,B68)) | D68: =IF(A68="","","Goal") | F68: =IF(A68="","",IF(D68="Autogol","",IF(D68="Goal",B68,""))) | G68: =IF(A68="","",IF(D68="","Manca tipo",IF(D68="Goal",IF(E68="","Manca giocatore","OK"),IF(D68="Autogol",IF(E68<>"","Autogol: svuota Player","OK"),"Tipo non valido")))) | H68: =IF(F68="","",VLOOKUP(F68,Validation!$A$2:$B$17,2,FALSE)) | I68: =INT((ROW()-2)/Settings!$B$6)+2 -> 7 | J68: =MOD(ROW()-2,Settings!$B$6)+1 -> 7
A69: =IF(OR(INDEX(Matches!$I$2:$I$25,I69-1)="",INDEX(Matches!$J$2:$J$25,I69-1)=""),"",IF(J69<=INDEX(Matches!$I$2:$I$25,I69-1)+INDEX(Matches!$J$2:$J$25,I69-1),INDEX(Matches!$A$2:$A$25,I69-1),"")) | B69: =IF(A69="","",IF(J69<=INDEX(Matches!$I$2:$I$25,I69-1),INDEX(Matches!$G$2:$G$25,I69-1),INDEX(Matches!$H$2:$H$25,I69-1))) | C69: =IF(A69="","",COUNTIFS($A$2:A69,A69,$B$2:B69,B69)) | D69: =IF(A69="","","Goal") | F69: =IF(A69="","",IF(D69="Autogol","",IF(D69="Goal",B69,""))) | G69: =IF(A69="","",IF(D69="","Manca tipo",IF(D69="Goal",IF(E69="","Manca giocatore","OK"),IF(D69="Autogol",IF(E69<>"","Autogol: svuota Player","OK"),"Tipo non valido")))) | H69: =IF(F69="","",VLOOKUP(F69,Validation!$A$2:$B$17,2,FALSE)) | I69: =INT((ROW()-2)/Settings!$B$6)+2 -> 7 | J69: =MOD(ROW()-2,Settings!$B$6)+1 -> 8
A70: =IF(OR(INDEX(Matches!$I$2:$I$25,I70-1)="",INDEX(Matches!$J$2:$J$25,I70-1)=""),"",IF(J70<=INDEX(Matches!$I$2:$I$25,I70-1)+INDEX(Matches!$J$2:$J$25,I70-1),INDEX(Matches!$A$2:$A$25,I70-1),"")) | B70: =IF(A70="","",IF(J70<=INDEX(Matches!$I$2:$I$25,I70-1),INDEX(Matches!$G$2:$G$25,I70-1),INDEX(Matches!$H$2:$H$25,I70-1))) | C70: =IF(A70="","",COUNTIFS($A$2:A70,A70,$B$2:B70,B70)) | D70: =IF(A70="","","Goal") | F70: =IF(A70="","",IF(D70="Autogol","",IF(D70="Goal",B70,""))) | G70: =IF(A70="","",IF(D70="","Manca tipo",IF(D70="Goal",IF(E70="","Manca giocatore","OK"),IF(D70="Autogol",IF(E70<>"","Autogol: svuota Player","OK"),"Tipo non valido")))) | H70: =IF(F70="","",VLOOKUP(F70,Validation!$A$2:$B$17,2,FALSE)) | I70: =INT((ROW()-2)/Settings!$B$6)+2 -> 7 | J70: =MOD(ROW()-2,Settings!$B$6)+1 -> 9
A71: =IF(OR(INDEX(Matches!$I$2:$I$25,I71-1)="",INDEX(Matches!$J$2:$J$25,I71-1)=""),"",IF(J71<=INDEX(Matches!$I$2:$I$25,I71-1)+INDEX(Matches!$J$2:$J$25,I71-1),INDEX(Matches!$A$2:$A$25,I71-1),"")) | B71: =IF(A71="","",IF(J71<=INDEX(Matches!$I$2:$I$25,I71-1),INDEX(Matches!$G$2:$G$25,I71-1),INDEX(Matches!$H$2:$H$25,I71-1))) | C71: =IF(A71="","",COUNTIFS($A$2:A71,A71,$B$2:B71,B71)) | D71: =IF(A71="","","Goal") | F71: =IF(A71="","",IF(D71="Autogol","",IF(D71="Goal",B71,""))) | G71: =IF(A71="","",IF(D71="","Manca tipo",IF(D71="Goal",IF(E71="","Manca giocatore","OK"),IF(D71="Autogol",IF(E71<>"","Autogol: svuota Player","OK"),"Tipo non valido")))) | H71: =IF(F71="","",VLOOKUP(F71,Validation!$A$2:$B$17,2,FALSE)) | I71: =INT((ROW()-2)/Settings!$B$6)+2 -> 7 | J71: =MOD(ROW()-2,Settings!$B$6)+1 -> 10
A72: =IF(OR(INDEX(Matches!$I$2:$I$25,I72-1)="",INDEX(Matches!$J$2:$J$25,I72-1)=""),"",IF(J72<=INDEX(Matches!$I$2:$I$25,I72-1)+INDEX(Matches!$J$2:$J$25,I72-1),INDEX(Matches!$A$2:$A$25,I72-1),"")) | B72: =IF(A72="","",IF(J72<=INDEX(Matches!$I$2:$I$25,I72-1),INDEX(Matches!$G$2:$G$25,I72-1),INDEX(Matches!$H$2:$H$25,I72-1))) | C72: =IF(A72="","",COUNTIFS($A$2:A72,A72,$B$2:B72,B72)) | D72: =IF(A72="","","Goal") | F72: =IF(A72="","",IF(D72="Autogol","",IF(D72="Goal",B72,""))) | G72: =IF(A72="","",IF(D72="","Manca tipo",IF(D72="Goal",IF(E72="","Manca giocatore","OK"),IF(D72="Autogol",IF(E72<>"","Autogol: svuota Player","OK"),"Tipo non valido")))) | H72: =IF(F72="","",VLOOKUP(F72,Validation!$A$2:$B$17,2,FALSE)) | I72: =INT((ROW()-2)/Settings!$B$6)+2 -> 7 | J72: =MOD(ROW()-2,Settings!$B$6)+1 -> 11
A73: =IF(OR(INDEX(Matches!$I$2:$I$25,I73-1)="",INDEX(Matches!$J$2:$J$25,I73-1)=""),"",IF(J73<=INDEX(Matches!$I$2:$I$25,I73-1)+INDEX(Matches!$J$2:$J$25,I73-1),INDEX(Matches!$A$2:$A$25,I73-1),"")) | B73: =IF(A73="","",IF(J73<=INDEX(Matches!$I$2:$I$25,I73-1),INDEX(Matches!$G$2:$G$25,I73-1),INDEX(Matches!$H$2:$H$25,I73-1))) | C73: =IF(A73="","",COUNTIFS($A$2:A73,A73,$B$2:B73,B73)) | D73: =IF(A73="","","Goal") | F73: =IF(A73="","",IF(D73="Autogol","",IF(D73="Goal",B73,""))) | G73: =IF(A73="","",IF(D73="","Manca tipo",IF(D73="Goal",IF(E73="","Manca giocatore","OK"),IF(D73="Autogol",IF(E73<>"","Autogol: svuota Player","OK"),"Tipo non valido")))) | H73: =IF(F73="","",VLOOKUP(F73,Validation!$A$2:$B$17,2,FALSE)) | I73: =INT((ROW()-2)/Settings!$B$6)+2 -> 7 | J73: =MOD(ROW()-2,Settings!$B$6)+1 -> 12
A74: =IF(OR(INDEX(Matches!$I$2:$I$25,I74-1)="",INDEX(Matches!$J$2:$J$25,I74-1)=""),"",IF(J74<=INDEX(Matches!$I$2:$I$25,I74-1)+INDEX(Matches!$J$2:$J$25,I74-1),INDEX(Matches!$A$2:$A$25,I74-1),"")) | B74: =IF(A74="","",IF(J74<=INDEX(Matches!$I$2:$I$25,I74-1),INDEX(Matches!$G$2:$G$25,I74-1),INDEX(Matches!$H$2:$H$25,I74-1))) | C74: =IF(A74="","",COUNTIFS($A$2:A74,A74,$B$2:B74,B74)) | D74: =IF(A74="","","Goal") | F74: =IF(A74="","",IF(D74="Autogol","",IF(D74="Goal",B74,""))) | G74: =IF(A74="","",IF(D74="","Manca tipo",IF(D74="Goal",IF(E74="","Manca giocatore","OK"),IF(D74="Autogol",IF(E74<>"","Autogol: svuota Player","OK"),"Tipo non valido")))) | H74: =IF(F74="","",VLOOKUP(F74,Validation!$A$2:$B$17,2,FALSE)) | I74: =INT((ROW()-2)/Settings!$B$6)+2 -> 8 | J74: =MOD(ROW()-2,Settings!$B$6)+1 -> 1
A75: =IF(OR(INDEX(Matches!$I$2:$I$25,I75-1)="",INDEX(Matches!$J$2:$J$25,I75-1)=""),"",IF(J75<=INDEX(Matches!$I$2:$I$25,I75-1)+INDEX(Matches!$J$2:$J$25,I75-1),INDEX(Matches!$A$2:$A$25,I75-1),"")) | B75: =IF(A75="","",IF(J75<=INDEX(Matches!$I$2:$I$25,I75-1),INDEX(Matches!$G$2:$G$25,I75-1),INDEX(Matches!$H$2:$H$25,I75-1))) | C75: =IF(A75="","",COUNTIFS($A$2:A75,A75,$B$2:B75,B75)) | D75: =IF(A75="","","Goal") | F75: =IF(A75="","",IF(D75="Autogol","",IF(D75="Goal",B75,""))) | G75: =IF(A75="","",IF(D75="","Manca tipo",IF(D75="Goal",IF(E75="","Manca giocatore","OK"),IF(D75="Autogol",IF(E75<>"","Autogol: svuota Player","OK"),"Tipo non valido")))) | H75: =IF(F75="","",VLOOKUP(F75,Validation!$A$2:$B$17,2,FALSE)) | I75: =INT((ROW()-2)/Settings!$B$6)+2 -> 8 | J75: =MOD(ROW()-2,Settings!$B$6)+1 -> 2
A76: =IF(OR(INDEX(Matches!$I$2:$I$25,I76-1)="",INDEX(Matches!$J$2:$J$25,I76-1)=""),"",IF(J76<=INDEX(Matches!$I$2:$I$25,I76-1)+INDEX(Matches!$J$2:$J$25,I76-1),INDEX(Matches!$A$2:$A$25,I76-1),"")) | B76: =IF(A76="","",IF(J76<=INDEX(Matches!$I$2:$I$25,I76-1),INDEX(Matches!$G$2:$G$25,I76-1),INDEX(Matches!$H$2:$H$25,I76-1))) | C76: =IF(A76="","",COUNTIFS($A$2:A76,A76,$B$2:B76,B76)) | D76: =IF(A76="","","Goal") | F76: =IF(A76="","",IF(D76="Autogol","",IF(D76="Goal",B76,""))) | G76: =IF(A76="","",IF(D76="","Manca tipo",IF(D76="Goal",IF(E76="","Manca giocatore","OK"),IF(D76="Autogol",IF(E76<>"","Autogol: svuota Player","OK"),"Tipo non valido")))) | H76: =IF(F76="","",VLOOKUP(F76,Validation!$A$2:$B$17,2,FALSE)) | I76: =INT((ROW()-2)/Settings!$B$6)+2 -> 8 | J76: =MOD(ROW()-2,Settings!$B$6)+1 -> 3
A77: =IF(OR(INDEX(Matches!$I$2:$I$25,I77-1)="",INDEX(Matches!$J$2:$J$25,I77-1)=""),"",IF(J77<=INDEX(Matches!$I$2:$I$25,I77-1)+INDEX(Matches!$J$2:$J$25,I77-1),INDEX(Matches!$A$2:$A$25,I77-1),"")) | B77: =IF(A77="","",IF(J77<=INDEX(Matches!$I$2:$I$25,I77-1),INDEX(Matches!$G$2:$G$25,I77-1),INDEX(Matches!$H$2:$H$25,I77-1))) | C77: =IF(A77="","",COUNTIFS($A$2:A77,A77,$B$2:B77,B77)) | D77: =IF(A77="","","Goal") | F77: =IF(A77="","",IF(D77="Autogol","",IF(D77="Goal",B77,""))) | G77: =IF(A77="","",IF(D77="","Manca tipo",IF(D77="Goal",IF(E77="","Manca giocatore","OK"),IF(D77="Autogol",IF(E77<>"","Autogol: svuota Player","OK"),"Tipo non valido")))) | H77: =IF(F77="","",VLOOKUP(F77,Validation!$A$2:$B$17,2,FALSE)) | I77: =INT((ROW()-2)/Settings!$B$6)+2 -> 8 | J77: =MOD(ROW()-2,Settings!$B$6)+1 -> 4
A78: =IF(OR(INDEX(Matches!$I$2:$I$25,I78-1)="",INDEX(Matches!$J$2:$J$25,I78-1)=""),"",IF(J78<=INDEX(Matches!$I$2:$I$25,I78-1)+INDEX(Matches!$J$2:$J$25,I78-1),INDEX(Matches!$A$2:$A$25,I78-1),"")) | B78: =IF(A78="","",IF(J78<=INDEX(Matches!$I$2:$I$25,I78-1),INDEX(Matches!$G$2:$G$25,I78-1),INDEX(Matches!$H$2:$H$25,I78-1))) | C78: =IF(A78="","",COUNTIFS($A$2:A78,A78,$B$2:B78,B78)) | D78: =IF(A78="","","Goal") | F78: =IF(A78="","",IF(D78="Autogol","",IF(D78="Goal",B78,""))) | G78: =IF(A78="","",IF(D78="","Manca tipo",IF(D78="Goal",IF(E78="","Manca giocatore","OK"),IF(D78="Autogol",IF(E78<>"","Autogol: svuota Player","OK"),"Tipo non valido")))) | H78: =IF(F78="","",VLOOKUP(F78,Validation!$A$2:$B$17,2,FALSE)) | I78: =INT((ROW()-2)/Settings!$B$6)+2 -> 8 | J78: =MOD(ROW()-2,Settings!$B$6)+1 -> 5
... A289: =IF(OR(INDEX(Matches!$I$2:$I$25,I289-1)="",INDEX(Matches!$J$2:$J$25,I289-1)=""),"",IF(J289<=INDEX(Matches!$I$2:$I$25,I289-1)+INDEX(Matches!$J$2:$J$25,I289-1),INDEX(Matches!$A$2:$A$25,I289-1),"")) | B289: =IF(A289="","",IF(J289<=INDEX(Matches!$I$2:$I$25,I289-1),INDEX(Matches!$G$2:$G$25,I289-1),INDEX(Matches!$H$2:$H$25,I289-1))) | C289: =IF(A289="","",COUNTIFS($A$2:A289,A289,$B$2:B289,B289)) | D289: =IF(A289="","","Goal") | F289: =IF(A289="","",IF(D289="Autogol","",IF(D289="Goal",B289,""))) | G289: =IF(A289="","",IF(D289="","Manca tipo",IF(D289="Goal",IF(E289="","Manca giocatore","OK"),IF(D289="Autogol",IF(E289<>"","Autogol: svuota Player","OK"),"Tipo non valido")))) | H289: =IF(F289="","",VLOOKUP(F289,Validation!$A$2:$B$17,2,FALSE)) | I289: =INT((ROW()-2)/Settings!$B$6)+2 -> 25 | J289: =MOD(ROW()-2,Settings!$B$6)+1 -> 12

Sheet ScorerData
A1: Player | B1: Team | C1: DisplayName | D1: Goals | E1: SortKey
A2: =IF(Players!E2="","",Players!E2) -> PIETRO SEGATO | B2: =IF(A2="","",Players!C2) -> Fatine FC | C2: =IF(A2="","",Players!G2) -> 1 - PIETRO SEGATO | D2: =IF(A2="","",COUNTIFS(Goals!$D$2:$D$289,"Goal",Goals!$E$2:$E$289,"*"&A2&"*",Goals!$F$2:$F$289,B2)+COUNTIFS(KnockoutGoals!$D$2:$D$85,"Goal",KnockoutGoals!$E$2:$E$85,"*"&A2&"*",KnockoutGoals!$F$2:$F$85,B2)) -> 0 | E2: =IF(A2="",0,D2*100000-ROW()/1000) -> -0.002
A3: =IF(Players!E3="","",Players!E3) -> GIOVANNI BALLO | B3: =IF(A3="","",Players!C3) -> Fatine FC | C3: =IF(A3="","",Players!G3) -> 99 - GIOVANNI BALLO | D3: =IF(A3="","",COUNTIFS(Goals!$D$2:$D$289,"Goal",Goals!$E$2:$E$289,"*"&A3&"*",Goals!$F$2:$F$289,B3)+COUNTIFS(KnockoutGoals!$D$2:$D$85,"Goal",KnockoutGoals!$E$2:$E$85,"*"&A3&"*",KnockoutGoals!$F$2:$F$85,B3)) -> 0 | E3: =IF(A3="",0,D3*100000-ROW()/1000) -> -0.003
A4: =IF(Players!E4="","",Players!E4) -> DANIELE MARZOLLA | B4: =IF(A4="","",Players!C4) -> Fatine FC | C4: =IF(A4="","",Players!G4) -> 5 - DANIELE MARZOLLA | D4: =IF(A4="","",COUNTIFS(Goals!$D$2:$D$289,"Goal",Goals!$E$2:$E$289,"*"&A4&"*",Goals!$F$2:$F$289,B4)+COUNTIFS(KnockoutGoals!$D$2:$D$85,"Goal",KnockoutGoals!$E$2:$E$85,"*"&A4&"*",KnockoutGoals!$F$2:$F$85,B4)) -> 0 | E4: =IF(A4="",0,D4*100000-ROW()/1000) -> -0.004
A5: =IF(Players!E5="","",Players!E5) -> NICHOLAS MILAN | B5: =IF(A5="","",Players!C5) -> Fatine FC | C5: =IF(A5="","",Players!G5) -> 7 - NICHOLAS MILAN | D5: =IF(A5="","",COUNTIFS(Goals!$D$2:$D$289,"Goal",Goals!$E$2:$E$289,"*"&A5&"*",Goals!$F$2:$F$289,B5)+COUNTIFS(KnockoutGoals!$D$2:$D$85,"Goal",KnockoutGoals!$E$2:$E$85,"*"&A5&"*",KnockoutGoals!$F$2:$F$85,B5)) -> 0 | E5: =IF(A5="",0,D5*100000-ROW()/1000) -> -0.005
A6: =IF(Players!E6="","",Players!E6) -> ALESSIO MILAN | B6: =IF(A6="","",Players!C6) -> Fatine FC | C6: =IF(A6="","",Players!G6) -> 8 - ALESSIO MILAN | D6: =IF(A6="","",COUNTIFS(Goals!$D$2:$D$289,"Goal",Goals!$E$2:$E$289,"*"&A6&"*",Goals!$F$2:$F$289,B6)+COUNTIFS(KnockoutGoals!$D$2:$D$85,"Goal",KnockoutGoals!$E$2:$E$85,"*"&A6&"*",KnockoutGoals!$F$2:$F$85,B6)) -> 0 | E6: =IF(A6="",0,D6*100000-ROW()/1000) -> -0.006
A7: =IF(Players!E7="","",Players!E7) -> LUCA MARINI | B7: =IF(A7="","",Players!C7) -> Fatine FC | C7: =IF(A7="","",Players!G7) -> 10 - LUCA MARINI | D7: =IF(A7="","",COUNTIFS(Goals!$D$2:$D$289,"Goal",Goals!$E$2:$E$289,"*"&A7&"*",Goals!$F$2:$F$289,B7)+COUNTIFS(KnockoutGoals!$D$2:$D$85,"Goal",KnockoutGoals!$E$2:$E$85,"*"&A7&"*",KnockoutGoals!$F$2:$F$85,B7)) -> 0 | E7: =IF(A7="",0,D7*100000-ROW()/1000) -> -0.007
A8: =IF(Players!E8="","",Players!E8) -> SAMUELE DURRA | B8: =IF(A8="","",Players!C8) -> Fatine FC | C8: =IF(A8="","",Players!G8) -> 11 - SAMUELE DURRA | D8: =IF(A8="","",COUNTIFS(Goals!$D$2:$D$289,"Goal",Goals!$E$2:$E$289,"*"&A8&"*",Goals!$F$2:$F$289,B8)+COUNTIFS(KnockoutGoals!$D$2:$D$85,"Goal",KnockoutGoals!$E$2:$E$85,"*"&A8&"*",KnockoutGoals!$F$2:$F$85,B8)) -> 0 | E8: =IF(A8="",0,D8*100000-ROW()/1000) -> -0.008
A9: =IF(Players!E9="","",Players!E9) -> NICOLA MARINI | B9: =IF(A9="","",Players!C9) -> Fatine FC | C9: =IF(A9="","",Players!G9) -> 23 - NICOLA MARINI (C) | D9: =IF(A9="","",COUNTIFS(Goals!$D$2:$D$289,"Goal",Goals!$E$2:$E$289,"*"&A9&"*",Goals!$F$2:$F$289,B9)+COUNTIFS(KnockoutGoals!$D$2:$D$85,"Goal",KnockoutGoals!$E$2:$E$85,"*"&A9&"*",KnockoutGoals!$F$2:$F$85,B9)) -> 0 | E9: =IF(A9="",0,D9*100000-ROW()/1000) -> -0.009
A10: =IF(Players!E10="","",Players!E10) -> LUCA ROSSETTO | B10: =IF(A10="","",Players!C10) -> Fatine FC | C10: =IF(A10="","",Players!G10) -> 69 - LUCA ROSSETTO | D10: =IF(A10="","",COUNTIFS(Goals!$D$2:$D$289,"Goal",Goals!$E$2:$E$289,"*"&A10&"*",Goals!$F$2:$F$289,B10)+COUNTIFS(KnockoutGoals!$D$2:$D$85,"Goal",KnockoutGoals!$E$2:$E$85,"*"&A10&"*",KnockoutGoals!$F$2:$F$85,B10)) -> 0 | E10: =IF(A10="",0,D10*100000-ROW()/1000) -> -0.01
A11: =IF(Players!E11="","",Players!E11) -> MATTEO COL | B11: =IF(A11="","",Players!C11) -> Fatine FC | C11: =IF(A11="","",Players!G11) -> 90 - MATTEO COL | D11: =IF(A11="","",COUNTIFS(Goals!$D$2:$D$289,"Goal",Goals!$E$2:$E$289,"*"&A11&"*",Goals!$F$2:$F$289,B11)+COUNTIFS(KnockoutGoals!$D$2:$D$85,"Goal",KnockoutGoals!$E$2:$E$85,"*"&A11&"*",KnockoutGoals!$F$2:$F$85,B11)) -> 0 | E11: =IF(A11="",0,D11*100000-ROW()/1000) -> -0.011
A12: =IF(Players!E12="","",Players!E12) | B12: =IF(A12="","",Players!C12) | C12: =IF(A12="","",Players!G12) | D12: =IF(A12="","",COUNTIFS(Goals!$D$2:$D$289,"Goal",Goals!$E$2:$E$289,"*"&A12&"*",Goals!$F$2:$F$289,B12)+COUNTIFS(KnockoutGoals!$D$2:$D$85,"Goal",KnockoutGoals!$E$2:$E$85,"*"&A12&"*",KnockoutGoals!$F$2:$F$85,B12)) | E12: =IF(A12="",0,D12*100000-ROW()/1000) -> 0
A13: =IF(Players!E13="","",Players!E13) | B13: =IF(A13="","",Players!C13) | C13: =IF(A13="","",Players!G13) | D13: =IF(A13="","",COUNTIFS(Goals!$D$2:$D$289,"Goal",Goals!$E$2:$E$289,"*"&A13&"*",Goals!$F$2:$F$289,B13)+COUNTIFS(KnockoutGoals!$D$2:$D$85,"Goal",KnockoutGoals!$E$2:$E$85,"*"&A13&"*",KnockoutGoals!$F$2:$F$85,B13)) | E13: =IF(A13="",0,D13*100000-ROW()/1000) -> 0
... A481: =IF(Players!E481="","",Players!E481) | B481: =IF(A481="","",Players!C481) | C481: =IF(A481="","",Players!G481) | D481: =IF(A481="","",COUNTIFS(Goals!$D$2:$D$289,"Goal",Goals!$E$2:$E$289,"*"&A481&"*",Goals!$F$2:$F$289,B481)+COUNTIFS(KnockoutGoals!$D$2:$D$85,"Goal",KnockoutGoals!$E$2:$E$85,"*"&A481&"*",KnockoutGoals!$F$2:$F$85,B481)) | E481: =IF(A481="",0,D481*100000-ROW()/1000) -> 0

Sheet TopScorers
A1: Pos | B1: Player | C1: Team | D1: Goals
A2: =IFERROR(IF(INDEX(ScorerData!$D$2:$D$481,MATCH(LARGE(ScorerData!$E$2:$E$481,1),ScorerData!$E$2:$E$481,0))>0,1,""),"") -> 1 | B2: =IF($A2="","",INDEX(ScorerData!$A$2:$A$481,MATCH(LARGE(ScorerData!$E$2:$E$481,$A2),ScorerData!$E$2:$E$481,0))) -> MATTEO ZAMBERLAN | C2: =IF($A2="","",INDEX(ScorerData!$B$2:$B$481,MATCH(LARGE(ScorerData!$E$2:$E$481,$A2),ScorerData!$E$2:$E$481,0))) -> Vecchie Glorie Rovigo | D2: =IF($A2="","",INDEX(ScorerData!$D$2:$D$481,MATCH(LARGE(ScorerData!$E$2:$E$481,$A2),ScorerData!$E$2:$E$481,0))) -> 3
A3: =IFERROR(IF(INDEX(ScorerData!$D$2:$D$481,MATCH(LARGE(ScorerData!$E$2:$E$481,2),ScorerData!$E$2:$E$481,0))>0,2,""),"") -> 2 | B3: =IF($A3="","",INDEX(ScorerData!$A$2:$A$481,MATCH(LARGE(ScorerData!$E$2:$E$481,$A3),ScorerData!$E$2:$E$481,0))) -> LEONARDO MAGGIO | C3: =IF($A3="","",INDEX(ScorerData!$B$2:$B$481,MATCH(LARGE(ScorerData!$E$2:$E$481,$A3),ScorerData!$E$2:$E$481,0))) -> Leoni di Ricky | D3: =IF($A3="","",INDEX(ScorerData!$D$2:$D$481,MATCH(LARGE(ScorerData!$E$2:$E$481,$A3),ScorerData!$E$2:$E$481,0))) -> 3
A4: =IFERROR(IF(INDEX(ScorerData!$D$2:$D$481,MATCH(LARGE(ScorerData!$E$2:$E$481,3),ScorerData!$E$2:$E$481,0))>0,3,""),"") -> 3 | B4: =IF($A4="","",INDEX(ScorerData!$A$2:$A$481,MATCH(LARGE(ScorerData!$E$2:$E$481,$A4),ScorerData!$E$2:$E$481,0))) -> DAVIDE ZAGHI | C4: =IF($A4="","",INDEX(ScorerData!$B$2:$B$481,MATCH(LARGE(ScorerData!$E$2:$E$481,$A4),ScorerData!$E$2:$E$481,0))) -> Vecchie Glorie Rovigo | D4: =IF($A4="","",INDEX(ScorerData!$D$2:$D$481,MATCH(LARGE(ScorerData!$E$2:$E$481,$A4),ScorerData!$E$2:$E$481,0))) -> 2
A5: =IFERROR(IF(INDEX(ScorerData!$D$2:$D$481,MATCH(LARGE(ScorerData!$E$2:$E$481,4),ScorerData!$E$2:$E$481,0))>0,4,""),"") -> 4 | B5: =IF($A5="","",INDEX(ScorerData!$A$2:$A$481,MATCH(LARGE(ScorerData!$E$2:$E$481,$A5),ScorerData!$E$2:$E$481,0))) -> IGNAZIO BADALÌ | C5: =IF($A5="","",INDEX(ScorerData!$B$2:$B$481,MATCH(LARGE(ScorerData!$E$2:$E$481,$A5),ScorerData!$E$2:$E$481,0))) -> AS Bancatore | D5: =IF($A5="","",INDEX(ScorerData!$D$2:$D$481,MATCH(LARGE(ScorerData!$E$2:$E$481,$A5),ScorerData!$E$2:$E$481,0))) -> 2
A6: =IFERROR(IF(INDEX(ScorerData!$D$2:$D$481,MATCH(LARGE(ScorerData!$E$2:$E$481,5),ScorerData!$E$2:$E$481,0))>0,5,""),"") -> 5 | B6: =IF($A6="","",INDEX(ScorerData!$A$2:$A$481,MATCH(LARGE(ScorerData!$E$2:$E$481,$A6),ScorerData!$E$2:$E$481,0))) -> LUCA CECCONELLO | C6: =IF($A6="","",INDEX(ScorerData!$B$2:$B$481,MATCH(LARGE(ScorerData!$E$2:$E$481,$A6),ScorerData!$E$2:$E$481,0))) -> Boldò Glimt | D6: =IF($A6="","",INDEX(ScorerData!$D$2:$D$481,MATCH(LARGE(ScorerData!$E$2:$E$481,$A6),ScorerData!$E$2:$E$481,0))) -> 2
A7: =IFERROR(IF(INDEX(ScorerData!$D$2:$D$481,MATCH(LARGE(ScorerData!$E$2:$E$481,6),ScorerData!$E$2:$E$481,0))>0,6,""),"") -> 6 | B7: =IF($A7="","",INDEX(ScorerData!$A$2:$A$481,MATCH(LARGE(ScorerData!$E$2:$E$481,$A7),ScorerData!$E$2:$E$481,0))) -> JACOPO VOLTOLINA | C7: =IF($A7="","",INDEX(ScorerData!$B$2:$B$481,MATCH(LARGE(ScorerData!$E$2:$E$481,$A7),ScorerData!$E$2:$E$481,0))) -> Vecchie Glorie Rovigo | D7: =IF($A7="","",INDEX(ScorerData!$D$2:$D$481,MATCH(LARGE(ScorerData!$E$2:$E$481,$A7),ScorerData!$E$2:$E$481,0))) -> 1
A8: =IFERROR(IF(INDEX(ScorerData!$D$2:$D$481,MATCH(LARGE(ScorerData!$E$2:$E$481,7),ScorerData!$E$2:$E$481,0))>0,7,""),"") -> 7 | B8: =IF($A8="","",INDEX(ScorerData!$A$2:$A$481,MATCH(LARGE(ScorerData!$E$2:$E$481,$A8),ScorerData!$E$2:$E$481,0))) -> MATTEO DALL'ARA | C8: =IF($A8="","",INDEX(ScorerData!$B$2:$B$481,MATCH(LARGE(ScorerData!$E$2:$E$481,$A8),ScorerData!$E$2:$E$481,0))) -> Vecchie Glorie Rovigo | D8: =IF($A8="","",INDEX(ScorerData!$D$2:$D$481,MATCH(LARGE(ScorerData!$E$2:$E$481,$A8),ScorerData!$E$2:$E$481,0))) -> 1
A9: =IFERROR(IF(INDEX(ScorerData!$D$2:$D$481,MATCH(LARGE(ScorerData!$E$2:$E$481,8),ScorerData!$E$2:$E$481,0))>0,8,""),"") -> 8 | B9: =IF($A9="","",INDEX(ScorerData!$A$2:$A$481,MATCH(LARGE(ScorerData!$E$2:$E$481,$A9),ScorerData!$E$2:$E$481,0))) -> LEONARDO FUSCO | C9: =IF($A9="","",INDEX(ScorerData!$B$2:$B$481,MATCH(LARGE(ScorerData!$E$2:$E$481,$A9),ScorerData!$E$2:$E$481,0))) -> Vecchie Glorie Rovigo | D9: =IF($A9="","",INDEX(ScorerData!$D$2:$D$481,MATCH(LARGE(ScorerData!$E$2:$E$481,$A9),ScorerData!$E$2:$E$481,0))) -> 1
A10: =IFERROR(IF(INDEX(ScorerData!$D$2:$D$481,MATCH(LARGE(ScorerData!$E$2:$E$481,9),ScorerData!$E$2:$E$481,0))>0,9,""),"") -> 9 | B10: =IF($A10="","",INDEX(ScorerData!$A$2:$A$481,MATCH(LARGE(ScorerData!$E$2:$E$481,$A10),ScorerData!$E$2:$E$481,0))) -> DENIS TIMPANARO | C10: =IF($A10="","",INDEX(ScorerData!$B$2:$B$481,MATCH(LARGE(ScorerData!$E$2:$E$481,$A10),ScorerData!$E$2:$E$481,0))) -> Vecchie Glorie Rovigo | D10: =IF($A10="","",INDEX(ScorerData!$D$2:$D$481,MATCH(LARGE(ScorerData!$E$2:$E$481,$A10),ScorerData!$E$2:$E$481,0))) -> 1
A11: =IFERROR(IF(INDEX(ScorerData!$D$2:$D$481,MATCH(LARGE(ScorerData!$E$2:$E$481,10),ScorerData!$E$2:$E$481,0))>0,10,""),"") -> 10 | B11: =IF($A11="","",INDEX(ScorerData!$A$2:$A$481,MATCH(LARGE(ScorerData!$E$2:$E$481,$A11),ScorerData!$E$2:$E$481,0))) -> DOMENICO IACOVINO | C11: =IF($A11="","",INDEX(ScorerData!$B$2:$B$481,MATCH(LARGE(ScorerData!$E$2:$E$481,$A11),ScorerData!$E$2:$E$481,0))) -> Vecchie Glorie Rovigo | D11: =IF($A11="","",INDEX(ScorerData!$D$2:$D$481,MATCH(LARGE(ScorerData!$E$2:$E$481,$A11),ScorerData!$E$2:$E$481,0))) -> 1
A12: =IFERROR(IF(INDEX(ScorerData!$D$2:$D$481,MATCH(LARGE(ScorerData!$E$2:$E$481,11),ScorerData!$E$2:$E$481,0))>0,11,""),"") -> 11 | B12: =IF($A12="","",INDEX(ScorerData!$A$2:$A$481,MATCH(LARGE(ScorerData!$E$2:$E$481,$A12),ScorerData!$E$2:$E$481,0))) -> MATTEO LONGO | C12: =IF($A12="","",INDEX(ScorerData!$B$2:$B$481,MATCH(LARGE(ScorerData!$E$2:$E$481,$A12),ScorerData!$E$2:$E$481,0))) -> AS Bancatore | D12: =IF($A12="","",INDEX(ScorerData!$D$2:$D$481,MATCH(LARGE(ScorerData!$E$2:$E$481,$A12),ScorerData!$E$2:$E$481,0))) -> 1
A13: =IFERROR(IF(INDEX(ScorerData!$D$2:$D$481,MATCH(LARGE(ScorerData!$E$2:$E$481,12),ScorerData!$E$2:$E$481,0))>0,12,""),"") -> 12 | B13: =IF($A13="","",INDEX(ScorerData!$A$2:$A$481,MATCH(LARGE(ScorerData!$E$2:$E$481,$A13),ScorerData!$E$2:$E$481,0))) -> GIANLUCA FREZZATI | C13: =IF($A13="","",INDEX(ScorerData!$B$2:$B$481,MATCH(LARGE(ScorerData!$E$2:$E$481,$A13),ScorerData!$E$2:$E$481,0))) -> AS Bancatore | D13: =IF($A13="","",INDEX(ScorerData!$D$2:$D$481,MATCH(LARGE(ScorerData!$E$2:$E$481,$A13),ScorerData!$E$2:$E$481,0))) -> 1
A14: =IFERROR(IF(INDEX(ScorerData!$D$2:$D$481,MATCH(LARGE(ScorerData!$E$2:$E$481,13),ScorerData!$E$2:$E$481,0))>0,13,""),"") -> 13 | B14: =IF($A14="","",INDEX(ScorerData!$A$2:$A$481,MATCH(LARGE(ScorerData!$E$2:$E$481,$A14),ScorerData!$E$2:$E$481,0))) -> NICOLA BARONI | C14: =IF($A14="","",INDEX(ScorerData!$B$2:$B$481,MATCH(LARGE(ScorerData!$E$2:$E$481,$A14),ScorerData!$E$2:$E$481,0))) -> AS Bancatore | D14: =IF($A14="","",INDEX(ScorerData!$D$2:$D$481,MATCH(LARGE(ScorerData!$E$2:$E$481,$A14),ScorerData!$E$2:$E$481,0))) -> 1
A15: =IFERROR(IF(INDEX(ScorerData!$D$2:$D$481,MATCH(LARGE(ScorerData!$E$2:$E$481,14),ScorerData!$E$2:$E$481,0))>0,14,""),"") -> 14 | B15: =IF($A15="","",INDEX(ScorerData!$A$2:$A$481,MATCH(LARGE(ScorerData!$E$2:$E$481,$A15),ScorerData!$E$2:$E$481,0))) -> ANDREI BARZAGHIDEANU | C15: =IF($A15="","",INDEX(ScorerData!$B$2:$B$481,MATCH(LARGE(ScorerData!$E$2:$E$481,$A15),ScorerData!$E$2:$E$481,0))) -> Leoni di Ricky | D15: =IF($A15="","",INDEX(ScorerData!$D$2:$D$481,MATCH(LARGE(ScorerData!$E$2:$E$481,$A15),ScorerData!$E$2:$E$481,0))) -> 1
A16: =IFERROR(IF(INDEX(ScorerData!$D$2:$D$481,MATCH(LARGE(ScorerData!$E$2:$E$481,15),ScorerData!$E$2:$E$481,0))>0,15,""),"") -> 15 | B16: =IF($A16="","",INDEX(ScorerData!$A$2:$A$481,MATCH(LARGE(ScorerData!$E$2:$E$481,$A16),ScorerData!$E$2:$E$481,0))) -> VLAD GABRIEL DUMINICA | C16: =IF($A16="","",INDEX(ScorerData!$B$2:$B$481,MATCH(LARGE(ScorerData!$E$2:$E$481,$A16),ScorerData!$E$2:$E$481,0))) -> Leoni di Ricky | D16: =IF($A16="","",INDEX(ScorerData!$D$2:$D$481,MATCH(LARGE(ScorerData!$E$2:$E$481,$A16),ScorerData!$E$2:$E$481,0))) -> 1
A17: =IFERROR(IF(INDEX(ScorerData!$D$2:$D$481,MATCH(LARGE(ScorerData!$E$2:$E$481,16),ScorerData!$E$2:$E$481,0))>0,16,""),"") -> 16 | B17: =IF($A17="","",INDEX(ScorerData!$A$2:$A$481,MATCH(LARGE(ScorerData!$E$2:$E$481,$A17),ScorerData!$E$2:$E$481,0))) -> EDOARDO CAVALLARI | C17: =IF($A17="","",INDEX(ScorerData!$B$2:$B$481,MATCH(LARGE(ScorerData!$E$2:$E$481,$A17),ScorerData!$E$2:$E$481,0))) -> Barrio Boys | D17: =IF($A17="","",INDEX(ScorerData!$D$2:$D$481,MATCH(LARGE(ScorerData!$E$2:$E$481,$A17),ScorerData!$E$2:$E$481,0))) -> 1
A18: =IFERROR(IF(INDEX(ScorerData!$D$2:$D$481,MATCH(LARGE(ScorerData!$E$2:$E$481,17),ScorerData!$E$2:$E$481,0))>0,17,""),"") -> 17 | B18: =IF($A18="","",INDEX(ScorerData!$A$2:$A$481,MATCH(LARGE(ScorerData!$E$2:$E$481,$A18),ScorerData!$E$2:$E$481,0))) -> MATTEO FERRO | C18: =IF($A18="","",INDEX(ScorerData!$B$2:$B$481,MATCH(LARGE(ScorerData!$E$2:$E$481,$A18),ScorerData!$E$2:$E$481,0))) -> Barrio Boys | D18: =IF($A18="","",INDEX(ScorerData!$D$2:$D$481,MATCH(LARGE(ScorerData!$E$2:$E$481,$A18),ScorerData!$E$2:$E$481,0))) -> 1
A19: =IFERROR(IF(INDEX(ScorerData!$D$2:$D$481,MATCH(LARGE(ScorerData!$E$2:$E$481,18),ScorerData!$E$2:$E$481,0))>0,18,""),"") -> 18 | B19: =IF($A19="","",INDEX(ScorerData!$A$2:$A$481,MATCH(LARGE(ScorerData!$E$2:$E$481,$A19),ScorerData!$E$2:$E$481,0))) -> NICOLA BRESCIANI | C19: =IF($A19="","",INDEX(ScorerData!$B$2:$B$481,MATCH(LARGE(ScorerData!$E$2:$E$481,$A19),ScorerData!$E$2:$E$481,0))) -> All Blacks | D19: =IF($A19="","",INDEX(ScorerData!$D$2:$D$481,MATCH(LARGE(ScorerData!$E$2:$E$481,$A19),ScorerData!$E$2:$E$481,0))) -> 1
A20: =IFERROR(IF(INDEX(ScorerData!$D$2:$D$481,MATCH(LARGE(ScorerData!$E$2:$E$481,19),ScorerData!$E$2:$E$481,0))>0,19,""),"") -> 19 | B20: =IF($A20="","",INDEX(ScorerData!$A$2:$A$481,MATCH(LARGE(ScorerData!$E$2:$E$481,$A20),ScorerData!$E$2:$E$481,0))) -> MATTIA AYRTON MARIOTTO | C20: =IF($A20="","",INDEX(ScorerData!$B$2:$B$481,MATCH(LARGE(ScorerData!$E$2:$E$481,$A20),ScorerData!$E$2:$E$481,0))) -> Piadineria la Salsiccia | D20: =IF($A20="","",INDEX(ScorerData!$D$2:$D$481,MATCH(LARGE(ScorerData!$E$2:$E$481,$A20),ScorerData!$E$2:$E$481,0))) -> 1
A21: =IFERROR(IF(INDEX(ScorerData!$D$2:$D$481,MATCH(LARGE(ScorerData!$E$2:$E$481,20),ScorerData!$E$2:$E$481,0))>0,20,""),"") -> 20 | B21: =IF($A21="","",INDEX(ScorerData!$A$2:$A$481,MATCH(LARGE(ScorerData!$E$2:$E$481,$A21),ScorerData!$E$2:$E$481,0))) | C21: =IF($A21="","",INDEX(ScorerData!$B$2:$B$481,MATCH(LARGE(ScorerData!$E$2:$E$481,$A21),ScorerData!$E$2:$E$481,0))) | D21: =IF($A21="","",INDEX(ScorerData!$D$2:$D$481,MATCH(LARGE(ScorerData!$E$2:$E$481,$A21),ScorerData!$E$2:$E$481,0)))
A22: =IFERROR(IF(INDEX(ScorerData!$D$2:$D$481,MATCH(LARGE(ScorerData!$E$2:$E$481,21),ScorerData!$E$2:$E$481,0))>0,21,""),"") -> 21 | B22: =IF($A22="","",INDEX(ScorerData!$A$2:$A$481,MATCH(LARGE(ScorerData!$E$2:$E$481,$A22),ScorerData!$E$2:$E$481,0))) | C22: =IF($A22="","",INDEX(ScorerData!$B$2:$B$481,MATCH(LARGE(ScorerData!$E$2:$E$481,$A22),ScorerData!$E$2:$E$481,0))) | D22: =IF($A22="","",INDEX(ScorerData!$D$2:$D$481,MATCH(LARGE(ScorerData!$E$2:$E$481,$A22),ScorerData!$E$2:$E$481,0)))
A23: =IFERROR(IF(INDEX(ScorerData!$D$2:$D$481,MATCH(LARGE(ScorerData!$E$2:$E$481,22),ScorerData!$E$2:$E$481,0))>0,22,""),"") -> 22 | B23: =IF($A23="","",INDEX(ScorerData!$A$2:$A$481,MATCH(LARGE(ScorerData!$E$2:$E$481,$A23),ScorerData!$E$2:$E$481,0))) | C23: =IF($A23="","",INDEX(ScorerData!$B$2:$B$481,MATCH(LARGE(ScorerData!$E$2:$E$481,$A23),ScorerData!$E$2:$E$481,0))) | D23: =IF($A23="","",INDEX(ScorerData!$D$2:$D$481,MATCH(LARGE(ScorerData!$E$2:$E$481,$A23),ScorerData!$E$2:$E$481,0)))
A24: =IFERROR(IF(INDEX(ScorerData!$D$2:$D$481,MATCH(LARGE(ScorerData!$E$2:$E$481,23),ScorerData!$E$2:$E$481,0))>0,23,""),"") -> 23 | B24: =IF($A24="","",INDEX(ScorerData!$A$2:$A$481,MATCH(LARGE(ScorerData!$E$2:$E$481,$A24),ScorerData!$E$2:$E$481,0))) | C24: =IF($A24="","",INDEX(ScorerData!$B$2:$B$481,MATCH(LARGE(ScorerData!$E$2:$E$481,$A24),ScorerData!$E$2:$E$481,0))) | D24: =IF($A24="","",INDEX(ScorerData!$D$2:$D$481,MATCH(LARGE(ScorerData!$E$2:$E$481,$A24),ScorerData!$E$2:$E$481,0)))
A25: =IFERROR(IF(INDEX(ScorerData!$D$2:$D$481,MATCH(LARGE(ScorerData!$E$2:$E$481,24),ScorerData!$E$2:$E$481,0))>0,24,""),"") -> 24 | B25: =IF($A25="","",INDEX(ScorerData!$A$2:$A$481,MATCH(LARGE(ScorerData!$E$2:$E$481,$A25),ScorerData!$E$2:$E$481,0))) | C25: =IF($A25="","",INDEX(ScorerData!$B$2:$B$481,MATCH(LARGE(ScorerData!$E$2:$E$481,$A25),ScorerData!$E$2:$E$481,0))) | D25: =IF($A25="","",INDEX(ScorerData!$D$2:$D$481,MATCH(LARGE(ScorerData!$E$2:$E$481,$A25),ScorerData!$E$2:$E$481,0)))
A26: =IFERROR(IF(INDEX(ScorerData!$D$2:$D$481,MATCH(LARGE(ScorerData!$E$2:$E$481,25),ScorerData!$E$2:$E$481,0))>0,25,""),"") -> 25 | B26: =IF($A26="","",INDEX(ScorerData!$A$2:$A$481,MATCH(LARGE(ScorerData!$E$2:$E$481,$A26),ScorerData!$E$2:$E$481,0))) | C26: =IF($A26="","",INDEX(ScorerData!$B$2:$B$481,MATCH(LARGE(ScorerData!$E$2:$E$481,$A26),ScorerData!$E$2:$E$481,0))) | D26: =IF($A26="","",INDEX(ScorerData!$D$2:$D$481,MATCH(LARGE(ScorerData!$E$2:$E$481,$A26),ScorerData!$E$2:$E$481,0)))
A27: =IFERROR(IF(INDEX(ScorerData!$D$2:$D$481,MATCH(LARGE(ScorerData!$E$2:$E$481,26),ScorerData!$E$2:$E$481,0))>0,26,""),"") -> 26 | B27: =IF($A27="","",INDEX(ScorerData!$A$2:$A$481,MATCH(LARGE(ScorerData!$E$2:$E$481,$A27),ScorerData!$E$2:$E$481,0))) | C27: =IF($A27="","",INDEX(ScorerData!$B$2:$B$481,MATCH(LARGE(ScorerData!$E$2:$E$481,$A27),ScorerData!$E$2:$E$481,0))) | D27: =IF($A27="","",INDEX(ScorerData!$D$2:$D$481,MATCH(LARGE(ScorerData!$E$2:$E$481,$A27),ScorerData!$E$2:$E$481,0)))
A28: =IFERROR(IF(INDEX(ScorerData!$D$2:$D$481,MATCH(LARGE(ScorerData!$E$2:$E$481,27),ScorerData!$E$2:$E$481,0))>0,27,""),"") -> 27 | B28: =IF($A28="","",INDEX(ScorerData!$A$2:$A$481,MATCH(LARGE(ScorerData!$E$2:$E$481,$A28),ScorerData!$E$2:$E$481,0))) | C28: =IF($A28="","",INDEX(ScorerData!$B$2:$B$481,MATCH(LARGE(ScorerData!$E$2:$E$481,$A28),ScorerData!$E$2:$E$481,0))) | D28: =IF($A28="","",INDEX(ScorerData!$D$2:$D$481,MATCH(LARGE(ScorerData!$E$2:$E$481,$A28),ScorerData!$E$2:$E$481,0)))
A29: =IFERROR(IF(INDEX(ScorerData!$D$2:$D$481,MATCH(LARGE(ScorerData!$E$2:$E$481,28),ScorerData!$E$2:$E$481,0))>0,28,""),"") -> 28 | B29: =IF($A29="","",INDEX(ScorerData!$A$2:$A$481,MATCH(LARGE(ScorerData!$E$2:$E$481,$A29),ScorerData!$E$2:$E$481,0))) | C29: =IF($A29="","",INDEX(ScorerData!$B$2:$B$481,MATCH(LARGE(ScorerData!$E$2:$E$481,$A29),ScorerData!$E$2:$E$481,0))) | D29: =IF($A29="","",INDEX(ScorerData!$D$2:$D$481,MATCH(LARGE(ScorerData!$E$2:$E$481,$A29),ScorerData!$E$2:$E$481,0)))
A30: =IFERROR(IF(INDEX(ScorerData!$D$2:$D$481,MATCH(LARGE(ScorerData!$E$2:$E$481,29),ScorerData!$E$2:$E$481,0))>0,29,""),"") -> 29 | B30: =IF($A30="","",INDEX(ScorerData!$A$2:$A$481,MATCH(LARGE(ScorerData!$E$2:$E$481,$A30),ScorerData!$E$2:$E$481,0))) | C30: =IF($A30="","",INDEX(ScorerData!$B$2:$B$481,MATCH(LARGE(ScorerData!$E$2:$E$481,$A30),ScorerData!$E$2:$E$481,0))) | D30: =IF($A30="","",INDEX(ScorerData!$D$2:$D$481,MATCH(LARGE(ScorerData!$E$2:$E$481,$A30),ScorerData!$E$2:$E$481,0)))
A31: =IFERROR(IF(INDEX(ScorerData!$D$2:$D$481,MATCH(LARGE(ScorerData!$E$2:$E$481,30),ScorerData!$E$2:$E$481,0))>0,30,""),"") -> 30 | B31: =IF($A31="","",INDEX(ScorerData!$A$2:$A$481,MATCH(LARGE(ScorerData!$E$2:$E$481,$A31),ScorerData!$E$2:$E$481,0))) | C31: =IF($A31="","",INDEX(ScorerData!$B$2:$B$481,MATCH(LARGE(ScorerData!$E$2:$E$481,$A31),ScorerData!$E$2:$E$481,0))) | D31: =IF($A31="","",INDEX(ScorerData!$D$2:$D$481,MATCH(LARGE(ScorerData!$E$2:$E$481,$A31),ScorerData!$E$2:$E$481,0)))
A32: =IFERROR(IF(INDEX(ScorerData!$D$2:$D$481,MATCH(LARGE(ScorerData!$E$2:$E$481,31),ScorerData!$E$2:$E$481,0))>0,31,""),"") -> 31 | B32: =IF($A32="","",INDEX(ScorerData!$A$2:$A$481,MATCH(LARGE(ScorerData!$E$2:$E$481,$A32),ScorerData!$E$2:$E$481,0))) | C32: =IF($A32="","",INDEX(ScorerData!$B$2:$B$481,MATCH(LARGE(ScorerData!$E$2:$E$481,$A32),ScorerData!$E$2:$E$481,0))) | D32: =IF($A32="","",INDEX(ScorerData!$D$2:$D$481,MATCH(LARGE(ScorerData!$E$2:$E$481,$A32),ScorerData!$E$2:$E$481,0)))
A33: =IFERROR(IF(INDEX(ScorerData!$D$2:$D$481,MATCH(LARGE(ScorerData!$E$2:$E$481,32),ScorerData!$E$2:$E$481,0))>0,32,""),"") -> 32 | B33: =IF($A33="","",INDEX(ScorerData!$A$2:$A$481,MATCH(LARGE(ScorerData!$E$2:$E$481,$A33),ScorerData!$E$2:$E$481,0))) | C33: =IF($A33="","",INDEX(ScorerData!$B$2:$B$481,MATCH(LARGE(ScorerData!$E$2:$E$481,$A33),ScorerData!$E$2:$E$481,0))) | D33: =IF($A33="","",INDEX(ScorerData!$D$2:$D$481,MATCH(LARGE(ScorerData!$E$2:$E$481,$A33),ScorerData!$E$2:$E$481,0)))
A34: =IFERROR(IF(INDEX(ScorerData!$D$2:$D$481,MATCH(LARGE(ScorerData!$E$2:$E$481,33),ScorerData!$E$2:$E$481,0))>0,33,""),"") -> 33 | B34: =IF($A34="","",INDEX(ScorerData!$A$2:$A$481,MATCH(LARGE(ScorerData!$E$2:$E$481,$A34),ScorerData!$E$2:$E$481,0))) | C34: =IF($A34="","",INDEX(ScorerData!$B$2:$B$481,MATCH(LARGE(ScorerData!$E$2:$E$481,$A34),ScorerData!$E$2:$E$481,0))) | D34: =IF($A34="","",INDEX(ScorerData!$D$2:$D$481,MATCH(LARGE(ScorerData!$E$2:$E$481,$A34),ScorerData!$E$2:$E$481,0)))
A35: =IFERROR(IF(INDEX(ScorerData!$D$2:$D$481,MATCH(LARGE(ScorerData!$E$2:$E$481,34),ScorerData!$E$2:$E$481,0))>0,34,""),"") -> 34 | B35: =IF($A35="","",INDEX(ScorerData!$A$2:$A$481,MATCH(LARGE(ScorerData!$E$2:$E$481,$A35),ScorerData!$E$2:$E$481,0))) | C35: =IF($A35="","",INDEX(ScorerData!$B$2:$B$481,MATCH(LARGE(ScorerData!$E$2:$E$481,$A35),ScorerData!$E$2:$E$481,0))) | D35: =IF($A35="","",INDEX(ScorerData!$D$2:$D$481,MATCH(LARGE(ScorerData!$E$2:$E$481,$A35),ScorerData!$E$2:$E$481,0)))
A36: =IFERROR(IF(INDEX(ScorerData!$D$2:$D$481,MATCH(LARGE(ScorerData!$E$2:$E$481,35),ScorerData!$E$2:$E$481,0))>0,35,""),"") -> 35 | B36: =IF($A36="","",INDEX(ScorerData!$A$2:$A$481,MATCH(LARGE(ScorerData!$E$2:$E$481,$A36),ScorerData!$E$2:$E$481,0))) | C36: =IF($A36="","",INDEX(ScorerData!$B$2:$B$481,MATCH(LARGE(ScorerData!$E$2:$E$481,$A36),ScorerData!$E$2:$E$481,0))) | D36: =IF($A36="","",INDEX(ScorerData!$D$2:$D$481,MATCH(LARGE(ScorerData!$E$2:$E$481,$A36),ScorerData!$E$2:$E$481,0)))
A37: =IFERROR(IF(INDEX(ScorerData!$D$2:$D$481,MATCH(LARGE(ScorerData!$E$2:$E$481,36),ScorerData!$E$2:$E$481,0))>0,36,""),"") -> 36 | B37: =IF($A37="","",INDEX(ScorerData!$A$2:$A$481,MATCH(LARGE(ScorerData!$E$2:$E$481,$A37),ScorerData!$E$2:$E$481,0))) | C37: =IF($A37="","",INDEX(ScorerData!$B$2:$B$481,MATCH(LARGE(ScorerData!$E$2:$E$481,$A37),ScorerData!$E$2:$E$481,0))) | D37: =IF($A37="","",INDEX(ScorerData!$D$2:$D$481,MATCH(LARGE(ScorerData!$E$2:$E$481,$A37),ScorerData!$E$2:$E$481,0)))
A38: =IFERROR(IF(INDEX(ScorerData!$D$2:$D$481,MATCH(LARGE(ScorerData!$E$2:$E$481,37),ScorerData!$E$2:$E$481,0))>0,37,""),"") -> 37 | B38: =IF($A38="","",INDEX(ScorerData!$A$2:$A$481,MATCH(LARGE(ScorerData!$E$2:$E$481,$A38),ScorerData!$E$2:$E$481,0))) | C38: =IF($A38="","",INDEX(ScorerData!$B$2:$B$481,MATCH(LARGE(ScorerData!$E$2:$E$481,$A38),ScorerData!$E$2:$E$481,0))) | D38: =IF($A38="","",INDEX(ScorerData!$D$2:$D$481,MATCH(LARGE(ScorerData!$E$2:$E$481,$A38),ScorerData!$E$2:$E$481,0)))
A39: =IFERROR(IF(INDEX(ScorerData!$D$2:$D$481,MATCH(LARGE(ScorerData!$E$2:$E$481,38),ScorerData!$E$2:$E$481,0))>0,38,""),"") -> 38 | B39: =IF($A39="","",INDEX(ScorerData!$A$2:$A$481,MATCH(LARGE(ScorerData!$E$2:$E$481,$A39),ScorerData!$E$2:$E$481,0))) | C39: =IF($A39="","",INDEX(ScorerData!$B$2:$B$481,MATCH(LARGE(ScorerData!$E$2:$E$481,$A39),ScorerData!$E$2:$E$481,0))) | D39: =IF($A39="","",INDEX(ScorerData!$D$2:$D$481,MATCH(LARGE(ScorerData!$E$2:$E$481,$A39),ScorerData!$E$2:$E$481,0)))
A40: =IFERROR(IF(INDEX(ScorerData!$D$2:$D$481,MATCH(LARGE(ScorerData!$E$2:$E$481,39),ScorerData!$E$2:$E$481,0))>0,39,""),"") -> 39 | B40: =IF($A40="","",INDEX(ScorerData!$A$2:$A$481,MATCH(LARGE(ScorerData!$E$2:$E$481,$A40),ScorerData!$E$2:$E$481,0))) | C40: =IF($A40="","",INDEX(ScorerData!$B$2:$B$481,MATCH(LARGE(ScorerData!$E$2:$E$481,$A40),ScorerData!$E$2:$E$481,0))) | D40: =IF($A40="","",INDEX(ScorerData!$D$2:$D$481,MATCH(LARGE(ScorerData!$E$2:$E$481,$A40),ScorerData!$E$2:$E$481,0)))
A41: =IFERROR(IF(INDEX(ScorerData!$D$2:$D$481,MATCH(LARGE(ScorerData!$E$2:$E$481,40),ScorerData!$E$2:$E$481,0))>0,40,""),"") -> 40 | B41: =IF($A41="","",INDEX(ScorerData!$A$2:$A$481,MATCH(LARGE(ScorerData!$E$2:$E$481,$A41),ScorerData!$E$2:$E$481,0))) | C41: =IF($A41="","",INDEX(ScorerData!$B$2:$B$481,MATCH(LARGE(ScorerData!$E$2:$E$481,$A41),ScorerData!$E$2:$E$481,0))) | D41: =IF($A41="","",INDEX(ScorerData!$D$2:$D$481,MATCH(LARGE(ScorerData!$E$2:$E$481,$A41),ScorerData!$E$2:$E$481,0)))
A42: =IFERROR(IF(INDEX(ScorerData!$D$2:$D$481,MATCH(LARGE(ScorerData!$E$2:$E$481,41),ScorerData!$E$2:$E$481,0))>0,41,""),"") -> 41 | B42: =IF($A42="","",INDEX(ScorerData!$A$2:$A$481,MATCH(LARGE(ScorerData!$E$2:$E$481,$A42),ScorerData!$E$2:$E$481,0))) | C42: =IF($A42="","",INDEX(ScorerData!$B$2:$B$481,MATCH(LARGE(ScorerData!$E$2:$E$481,$A42),ScorerData!$E$2:$E$481,0))) | D42: =IF($A42="","",INDEX(ScorerData!$D$2:$D$481,MATCH(LARGE(ScorerData!$E$2:$E$481,$A42),ScorerData!$E$2:$E$481,0)))
A43: =IFERROR(IF(INDEX(ScorerData!$D$2:$D$481,MATCH(LARGE(ScorerData!$E$2:$E$481,42),ScorerData!$E$2:$E$481,0))>0,42,""),"") -> 42 | B43: =IF($A43="","",INDEX(ScorerData!$A$2:$A$481,MATCH(LARGE(ScorerData!$E$2:$E$481,$A43),ScorerData!$E$2:$E$481,0))) | C43: =IF($A43="","",INDEX(ScorerData!$B$2:$B$481,MATCH(LARGE(ScorerData!$E$2:$E$481,$A43),ScorerData!$E$2:$E$481,0))) | D43: =IF($A43="","",INDEX(ScorerData!$D$2:$D$481,MATCH(LARGE(ScorerData!$E$2:$E$481,$A43),ScorerData!$E$2:$E$481,0)))
A44: =IFERROR(IF(INDEX(ScorerData!$D$2:$D$481,MATCH(LARGE(ScorerData!$E$2:$E$481,43),ScorerData!$E$2:$E$481,0))>0,43,""),"") -> 43 | B44: =IF($A44="","",INDEX(ScorerData!$A$2:$A$481,MATCH(LARGE(ScorerData!$E$2:$E$481,$A44),ScorerData!$E$2:$E$481,0))) | C44: =IF($A44="","",INDEX(ScorerData!$B$2:$B$481,MATCH(LARGE(ScorerData!$E$2:$E$481,$A44),ScorerData!$E$2:$E$481,0))) | D44: =IF($A44="","",INDEX(ScorerData!$D$2:$D$481,MATCH(LARGE(ScorerData!$E$2:$E$481,$A44),ScorerData!$E$2:$E$481,0)))
A45: =IFERROR(IF(INDEX(ScorerData!$D$2:$D$481,MATCH(LARGE(ScorerData!$E$2:$E$481,44),ScorerData!$E$2:$E$481,0))>0,44,""),"") -> 44 | B45: =IF($A45="","",INDEX(ScorerData!$A$2:$A$481,MATCH(LARGE(ScorerData!$E$2:$E$481,$A45),ScorerData!$E$2:$E$481,0))) | C45: =IF($A45="","",INDEX(ScorerData!$B$2:$B$481,MATCH(LARGE(ScorerData!$E$2:$E$481,$A45),ScorerData!$E$2:$E$481,0))) | D45: =IF($A45="","",INDEX(ScorerData!$D$2:$D$481,MATCH(LARGE(ScorerData!$E$2:$E$481,$A45),ScorerData!$E$2:$E$481,0)))
A46: =IFERROR(IF(INDEX(ScorerData!$D$2:$D$481,MATCH(LARGE(ScorerData!$E$2:$E$481,45),ScorerData!$E$2:$E$481,0))>0,45,""),"") -> 45 | B46: =IF($A46="","",INDEX(ScorerData!$A$2:$A$481,MATCH(LARGE(ScorerData!$E$2:$E$481,$A46),ScorerData!$E$2:$E$481,0))) | C46: =IF($A46="","",INDEX(ScorerData!$B$2:$B$481,MATCH(LARGE(ScorerData!$E$2:$E$481,$A46),ScorerData!$E$2:$E$481,0))) | D46: =IF($A46="","",INDEX(ScorerData!$D$2:$D$481,MATCH(LARGE(ScorerData!$E$2:$E$481,$A46),ScorerData!$E$2:$E$481,0)))
A47: =IFERROR(IF(INDEX(ScorerData!$D$2:$D$481,MATCH(LARGE(ScorerData!$E$2:$E$481,46),ScorerData!$E$2:$E$481,0))>0,46,""),"") -> 46 | B47: =IF($A47="","",INDEX(ScorerData!$A$2:$A$481,MATCH(LARGE(ScorerData!$E$2:$E$481,$A47),ScorerData!$E$2:$E$481,0))) | C47: =IF($A47="","",INDEX(ScorerData!$B$2:$B$481,MATCH(LARGE(ScorerData!$E$2:$E$481,$A47),ScorerData!$E$2:$E$481,0))) | D47: =IF($A47="","",INDEX(ScorerData!$D$2:$D$481,MATCH(LARGE(ScorerData!$E$2:$E$481,$A47),ScorerData!$E$2:$E$481,0)))
A48: =IFERROR(IF(INDEX(ScorerData!$D$2:$D$481,MATCH(LARGE(ScorerData!$E$2:$E$481,47),ScorerData!$E$2:$E$481,0))>0,47,""),"") -> 47 | B48: =IF($A48="","",INDEX(ScorerData!$A$2:$A$481,MATCH(LARGE(ScorerData!$E$2:$E$481,$A48),ScorerData!$E$2:$E$481,0))) | C48: =IF($A48="","",INDEX(ScorerData!$B$2:$B$481,MATCH(LARGE(ScorerData!$E$2:$E$481,$A48),ScorerData!$E$2:$E$481,0))) | D48: =IF($A48="","",INDEX(ScorerData!$D$2:$D$481,MATCH(LARGE(ScorerData!$E$2:$E$481,$A48),ScorerData!$E$2:$E$481,0)))
A49: =IFERROR(IF(INDEX(ScorerData!$D$2:$D$481,MATCH(LARGE(ScorerData!$E$2:$E$481,48),ScorerData!$E$2:$E$481,0))>0,48,""),"") -> 48 | B49: =IF($A49="","",INDEX(ScorerData!$A$2:$A$481,MATCH(LARGE(ScorerData!$E$2:$E$481,$A49),ScorerData!$E$2:$E$481,0))) | C49: =IF($A49="","",INDEX(ScorerData!$B$2:$B$481,MATCH(LARGE(ScorerData!$E$2:$E$481,$A49),ScorerData!$E$2:$E$481,0))) | D49: =IF($A49="","",INDEX(ScorerData!$D$2:$D$481,MATCH(LARGE(ScorerData!$E$2:$E$481,$A49),ScorerData!$E$2:$E$481,0)))
A50: =IFERROR(IF(INDEX(ScorerData!$D$2:$D$481,MATCH(LARGE(ScorerData!$E$2:$E$481,49),ScorerData!$E$2:$E$481,0))>0,49,""),"") -> 49 | B50: =IF($A50="","",INDEX(ScorerData!$A$2:$A$481,MATCH(LARGE(ScorerData!$E$2:$E$481,$A50),ScorerData!$E$2:$E$481,0))) | C50: =IF($A50="","",INDEX(ScorerData!$B$2:$B$481,MATCH(LARGE(ScorerData!$E$2:$E$481,$A50),ScorerData!$E$2:$E$481,0))) | D50: =IF($A50="","",INDEX(ScorerData!$D$2:$D$481,MATCH(LARGE(ScorerData!$E$2:$E$481,$A50),ScorerData!$E$2:$E$481,0)))
A51: =IFERROR(IF(INDEX(ScorerData!$D$2:$D$481,MATCH(LARGE(ScorerData!$E$2:$E$481,50),ScorerData!$E$2:$E$481,0))>0,50,""),"") -> 50 | B51: =IF($A51="","",INDEX(ScorerData!$A$2:$A$481,MATCH(LARGE(ScorerData!$E$2:$E$481,$A51),ScorerData!$E$2:$E$481,0))) | C51: =IF($A51="","",INDEX(ScorerData!$B$2:$B$481,MATCH(LARGE(ScorerData!$E$2:$E$481,$A51),ScorerData!$E$2:$E$481,0))) | D51: =IF($A51="","",INDEX(ScorerData!$D$2:$D$481,MATCH(LARGE(ScorerData!$E$2:$E$481,$A51),ScorerData!$E$2:$E$481,0)))

Sheet StandingsData
A1: Group | B1: Team | C1: Played | D1: Won | E1: WonPen | F1: LostPen | G1: Lost | H1: GF | I1: GA | J1: GD | K1: Points | L1: H2H_Manual | M1: SortKey
A2: A | B2: Fatine FC | C2: =COUNTIFS(Matches!$G$2:$G$25,$B2,Matches!$L$2:$L$25,"Complete")+COUNTIFS(Matches!$H$2:$H$25,$B2,Matches!$L$2:$L$25,"Complete") -> 0 | D2: =COUNTIFS(Matches!$G$2:$G$25,$B2,Matches!$L$2:$L$25,"Complete",Matches!$M$2:$M$25,3)+COUNTIFS(Matches!$H$2:$H$25,$B2,Matches!$L$2:$L$25,"Complete",Matches!$N$2:$N$25,3) -> 0 | E2: =COUNTIFS(Matches!$G$2:$G$25,$B2,Matches!$L$2:$L$25,"Complete",Matches!$M$2:$M$25,2)+COUNTIFS(Matches!$H$2:$H$25,$B2,Matches!$L$2:$L$25,"Complete",Matches!$N$2:$N$25,2) -> 0 | F2: =COUNTIFS(Matches!$G$2:$G$25,$B2,Matches!$L$2:$L$25,"Complete",Matches!$M$2:$M$25,1)+COUNTIFS(Matches!$H$2:$H$25,$B2,Matches!$L$2:$L$25,"Complete",Matches!$N$2:$N$25,1) -> 0 | G2: =COUNTIFS(Matches!$G$2:$G$25,$B2,Matches!$L$2:$L$25,"Complete",Matches!$M$2:$M$25,0)+COUNTIFS(Matches!$H$2:$H$25,$B2,Matches!$L$2:$L$25,"Complete",Matches!$N$2:$N$25,0) -> 0 | H2: =SUMIFS(Matches!$I$2:$I$25,Matches!$G$2:$G$25,$B2,Matches!$L$2:$L$25,"Complete")+SUMIFS(Matches!$J$2:$J$25,Matches!$H$2:$H$25,$B2,Matches!$L$2:$L$25,"Complete") -> 0 | I2: =SUMIFS(Matches!$J$2:$J$25,Matches!$G$2:$G$25,$B2,Matches!$L$2:$L$25,"Complete")+SUMIFS(Matches!$I$2:$I$25,Matches!$H$2:$H$25,$B2,Matches!$L$2:$L$25,"Complete") -> 0 | J2: =H2-I2 -> 0 | K2: =SUMIFS(Matches!$M$2:$M$25,Matches!$G$2:$G$25,$B2,Matches!$L$2:$L$25,"Complete")+SUMIFS(Matches!$N$2:$N$25,Matches!$H$2:$H$25,$B2,Matches!$L$2:$L$25,"Complete") -> 0 | L2: 0 | M2: =K2*1000000+L2*10000+J2*100+H2-ROW()/1000 -> -0.002
A3: A | B3: FC Internazionale Rovigo | C3: =COUNTIFS(Matches!$G$2:$G$25,$B3,Matches!$L$2:$L$25,"Complete")+COUNTIFS(Matches!$H$2:$H$25,$B3,Matches!$L$2:$L$25,"Complete") -> 0 | D3: =COUNTIFS(Matches!$G$2:$G$25,$B3,Matches!$L$2:$L$25,"Complete",Matches!$M$2:$M$25,3)+COUNTIFS(Matches!$H$2:$H$25,$B3,Matches!$L$2:$L$25,"Complete",Matches!$N$2:$N$25,3) -> 0 | E3: =COUNTIFS(Matches!$G$2:$G$25,$B3,Matches!$L$2:$L$25,"Complete",Matches!$M$2:$M$25,2)+COUNTIFS(Matches!$H$2:$H$25,$B3,Matches!$L$2:$L$25,"Complete",Matches!$N$2:$N$25,2) -> 0 | F3: =COUNTIFS(Matches!$G$2:$G$25,$B3,Matches!$L$2:$L$25,"Complete",Matches!$M$2:$M$25,1)+COUNTIFS(Matches!$H$2:$H$25,$B3,Matches!$L$2:$L$25,"Complete",Matches!$N$2:$N$25,1) -> 0 | G3: =COUNTIFS(Matches!$G$2:$G$25,$B3,Matches!$L$2:$L$25,"Complete",Matches!$M$2:$M$25,0)+COUNTIFS(Matches!$H$2:$H$25,$B3,Matches!$L$2:$L$25,"Complete",Matches!$N$2:$N$25,0) -> 0 | H3: =SUMIFS(Matches!$I$2:$I$25,Matches!$G$2:$G$25,$B3,Matches!$L$2:$L$25,"Complete")+SUMIFS(Matches!$J$2:$J$25,Matches!$H$2:$H$25,$B3,Matches!$L$2:$L$25,"Complete") -> 0 | I3: =SUMIFS(Matches!$J$2:$J$25,Matches!$G$2:$G$25,$B3,Matches!$L$2:$L$25,"Complete")+SUMIFS(Matches!$I$2:$I$25,Matches!$H$2:$H$25,$B3,Matches!$L$2:$L$25,"Complete") -> 0 | J3: =H3-I3 -> 0 | K3: =SUMIFS(Matches!$M$2:$M$25,Matches!$G$2:$G$25,$B3,Matches!$L$2:$L$25,"Complete")+SUMIFS(Matches!$N$2:$N$25,Matches!$H$2:$H$25,$B3,Matches!$L$2:$L$25,"Complete") -> 0 | L3: =0 -> 0 | M3: =K3*1000000+L3*10000+J3*100+H3-ROW()/1000 -> -0.003
A4: A | B4: Moviola Utd | C4: =COUNTIFS(Matches!$G$2:$G$25,$B4,Matches!$L$2:$L$25,"Complete")+COUNTIFS(Matches!$H$2:$H$25,$B4,Matches!$L$2:$L$25,"Complete") -> 0 | D4: =COUNTIFS(Matches!$G$2:$G$25,$B4,Matches!$L$2:$L$25,"Complete",Matches!$M$2:$M$25,3)+COUNTIFS(Matches!$H$2:$H$25,$B4,Matches!$L$2:$L$25,"Complete",Matches!$N$2:$N$25,3) -> 0 | E4: =COUNTIFS(Matches!$G$2:$G$25,$B4,Matches!$L$2:$L$25,"Complete",Matches!$M$2:$M$25,2)+COUNTIFS(Matches!$H$2:$H$25,$B4,Matches!$L$2:$L$25,"Complete",Matches!$N$2:$N$25,2) -> 0 | F4: =COUNTIFS(Matches!$G$2:$G$25,$B4,Matches!$L$2:$L$25,"Complete",Matches!$M$2:$M$25,1)+COUNTIFS(Matches!$H$2:$H$25,$B4,Matches!$L$2:$L$25,"Complete",Matches!$N$2:$N$25,1) -> 0 | G4: =COUNTIFS(Matches!$G$2:$G$25,$B4,Matches!$L$2:$L$25,"Complete",Matches!$M$2:$M$25,0)+COUNTIFS(Matches!$H$2:$H$25,$B4,Matches!$L$2:$L$25,"Complete",Matches!$N$2:$N$25,0) -> 0 | H4: =SUMIFS(Matches!$I$2:$I$25,Matches!$G$2:$G$25,$B4,Matches!$L$2:$L$25,"Complete")+SUMIFS(Matches!$J$2:$J$25,Matches!$H$2:$H$25,$B4,Matches!$L$2:$L$25,"Complete") -> 0 | I4: =SUMIFS(Matches!$J$2:$J$25,Matches!$G$2:$G$25,$B4,Matches!$L$2:$L$25,"Complete")+SUMIFS(Matches!$I$2:$I$25,Matches!$H$2:$H$25,$B4,Matches!$L$2:$L$25,"Complete") -> 0 | J4: =H4-I4 -> 0 | K4: =SUMIFS(Matches!$M$2:$M$25,Matches!$G$2:$G$25,$B4,Matches!$L$2:$L$25,"Complete")+SUMIFS(Matches!$N$2:$N$25,Matches!$H$2:$H$25,$B4,Matches!$L$2:$L$25,"Complete") -> 0 | L4: =0 -> 0 | M4: =K4*1000000+L4*10000+J4*100+H4-ROW()/1000 -> -0.004
A5: A | B5: Astolfi Impianti Elettrici | C5: =COUNTIFS(Matches!$G$2:$G$25,$B5,Matches!$L$2:$L$25,"Complete")+COUNTIFS(Matches!$H$2:$H$25,$B5,Matches!$L$2:$L$25,"Complete") -> 0 | D5: =COUNTIFS(Matches!$G$2:$G$25,$B5,Matches!$L$2:$L$25,"Complete",Matches!$M$2:$M$25,3)+COUNTIFS(Matches!$H$2:$H$25,$B5,Matches!$L$2:$L$25,"Complete",Matches!$N$2:$N$25,3) -> 0 | E5: =COUNTIFS(Matches!$G$2:$G$25,$B5,Matches!$L$2:$L$25,"Complete",Matches!$M$2:$M$25,2)+COUNTIFS(Matches!$H$2:$H$25,$B5,Matches!$L$2:$L$25,"Complete",Matches!$N$2:$N$25,2) -> 0 | F5: =COUNTIFS(Matches!$G$2:$G$25,$B5,Matches!$L$2:$L$25,"Complete",Matches!$M$2:$M$25,1)+COUNTIFS(Matches!$H$2:$H$25,$B5,Matches!$L$2:$L$25,"Complete",Matches!$N$2:$N$25,1) -> 0 | G5: =COUNTIFS(Matches!$G$2:$G$25,$B5,Matches!$L$2:$L$25,"Complete",Matches!$M$2:$M$25,0)+COUNTIFS(Matches!$H$2:$H$25,$B5,Matches!$L$2:$L$25,"Complete",Matches!$N$2:$N$25,0) -> 0 | H5: =SUMIFS(Matches!$I$2:$I$25,Matches!$G$2:$G$25,$B5,Matches!$L$2:$L$25,"Complete")+SUMIFS(Matches!$J$2:$J$25,Matches!$H$2:$H$25,$B5,Matches!$L$2:$L$25,"Complete") -> 0 | I5: =SUMIFS(Matches!$J$2:$J$25,Matches!$G$2:$G$25,$B5,Matches!$L$2:$L$25,"Complete")+SUMIFS(Matches!$I$2:$I$25,Matches!$H$2:$H$25,$B5,Matches!$L$2:$L$25,"Complete") -> 0 | J5: =H5-I5 -> 0 | K5: =SUMIFS(Matches!$M$2:$M$25,Matches!$G$2:$G$25,$B5,Matches!$L$2:$L$25,"Complete")+SUMIFS(Matches!$N$2:$N$25,Matches!$H$2:$H$25,$B5,Matches!$L$2:$L$25,"Complete") -> 0 | L5: =0 -> 0 | M5: =K5*1000000+L5*10000+J5*100+H5-ROW()/1000 -> -0.005
A6: B | B6: Totani | C6: =COUNTIFS(Matches!$G$2:$G$25,$B6,Matches!$L$2:$L$25,"Complete")+COUNTIFS(Matches!$H$2:$H$25,$B6,Matches!$L$2:$L$25,"Complete") -> 1 | D6: =COUNTIFS(Matches!$G$2:$G$25,$B6,Matches!$L$2:$L$25,"Complete",Matches!$M$2:$M$25,3)+COUNTIFS(Matches!$H$2:$H$25,$B6,Matches!$L$2:$L$25,"Complete",Matches!$N$2:$N$25,3) -> 0 | E6: =COUNTIFS(Matches!$G$2:$G$25,$B6,Matches!$L$2:$L$25,"Complete",Matches!$M$2:$M$25,2)+COUNTIFS(Matches!$H$2:$H$25,$B6,Matches!$L$2:$L$25,"Complete",Matches!$N$2:$N$25,2) -> 0 | F6: =COUNTIFS(Matches!$G$2:$G$25,$B6,Matches!$L$2:$L$25,"Complete",Matches!$M$2:$M$25,1)+COUNTIFS(Matches!$H$2:$H$25,$B6,Matches!$L$2:$L$25,"Complete",Matches!$N$2:$N$25,1) -> 0 | G6: =COUNTIFS(Matches!$G$2:$G$25,$B6,Matches!$L$2:$L$25,"Complete",Matches!$M$2:$M$25,0)+COUNTIFS(Matches!$H$2:$H$25,$B6,Matches!$L$2:$L$25,"Complete",Matches!$N$2:$N$25,0) -> 1 | H6: =SUMIFS(Matches!$I$2:$I$25,Matches!$G$2:$G$25,$B6,Matches!$L$2:$L$25,"Complete")+SUMIFS(Matches!$J$2:$J$25,Matches!$H$2:$H$25,$B6,Matches!$L$2:$L$25,"Complete") -> 0 | I6: =SUMIFS(Matches!$J$2:$J$25,Matches!$G$2:$G$25,$B6,Matches!$L$2:$L$25,"Complete")+SUMIFS(Matches!$I$2:$I$25,Matches!$H$2:$H$25,$B6,Matches!$L$2:$L$25,"Complete") -> 10 | J6: =H6-I6 -> -10 | K6: =SUMIFS(Matches!$M$2:$M$25,Matches!$G$2:$G$25,$B6,Matches!$L$2:$L$25,"Complete")+SUMIFS(Matches!$N$2:$N$25,Matches!$H$2:$H$25,$B6,Matches!$L$2:$L$25,"Complete") -> 0 | L6: =0 -> 0 | M6: =K6*1000000+L6*10000+J6*100+H6-ROW()/1000 -> -1000.006
A7: B | B7: Vecchie Glorie Rovigo | C7: =COUNTIFS(Matches!$G$2:$G$25,$B7,Matches!$L$2:$L$25,"Complete")+COUNTIFS(Matches!$H$2:$H$25,$B7,Matches!$L$2:$L$25,"Complete") -> 1 | D7: =COUNTIFS(Matches!$G$2:$G$25,$B7,Matches!$L$2:$L$25,"Complete",Matches!$M$2:$M$25,3)+COUNTIFS(Matches!$H$2:$H$25,$B7,Matches!$L$2:$L$25,"Complete",Matches!$N$2:$N$25,3) -> 1 | E7: =COUNTIFS(Matches!$G$2:$G$25,$B7,Matches!$L$2:$L$25,"Complete",Matches!$M$2:$M$25,2)+COUNTIFS(Matches!$H$2:$H$25,$B7,Matches!$L$2:$L$25,"Complete",Matches!$N$2:$N$25,2) -> 0 | F7: =COUNTIFS(Matches!$G$2:$G$25,$B7,Matches!$L$2:$L$25,"Complete",Matches!$M$2:$M$25,1)+COUNTIFS(Matches!$H$2:$H$25,$B7,Matches!$L$2:$L$25,"Complete",Matches!$N$2:$N$25,1) -> 0 | G7: =COUNTIFS(Matches!$G$2:$G$25,$B7,Matches!$L$2:$L$25,"Complete",Matches!$M$2:$M$25,0)+COUNTIFS(Matches!$H$2:$H$25,$B7,Matches!$L$2:$L$25,"Complete",Matches!$N$2:$N$25,0) -> 0 | H7: =SUMIFS(Matches!$I$2:$I$25,Matches!$G$2:$G$25,$B7,Matches!$L$2:$L$25,"Complete")+SUMIFS(Matches!$J$2:$J$25,Matches!$H$2:$H$25,$B7,Matches!$L$2:$L$25,"Complete") -> 10 | I7: =SUMIFS(Matches!$J$2:$J$25,Matches!$G$2:$G$25,$B7,Matches!$L$2:$L$25,"Complete")+SUMIFS(Matches!$I$2:$I$25,Matches!$H$2:$H$25,$B7,Matches!$L$2:$L$25,"Complete") -> 0 | J7: =H7-I7 -> 10 | K7: =SUMIFS(Matches!$M$2:$M$25,Matches!$G$2:$G$25,$B7,Matches!$L$2:$L$25,"Complete")+SUMIFS(Matches!$N$2:$N$25,Matches!$H$2:$H$25,$B7,Matches!$L$2:$L$25,"Complete") -> 3 | L7: =0 -> 0 | M7: =K7*1000000+L7*10000+J7*100+H7-ROW()/1000 -> 3001010
A8: B | B8: AS Bancatore | C8: =COUNTIFS(Matches!$G$2:$G$25,$B8,Matches!$L$2:$L$25,"Complete")+COUNTIFS(Matches!$H$2:$H$25,$B8,Matches!$L$2:$L$25,"Complete") -> 1 | D8: =COUNTIFS(Matches!$G$2:$G$25,$B8,Matches!$L$2:$L$25,"Complete",Matches!$M$2:$M$25,3)+COUNTIFS(Matches!$H$2:$H$25,$B8,Matches!$L$2:$L$25,"Complete",Matches!$N$2:$N$25,3) -> 1 | E8: =COUNTIFS(Matches!$G$2:$G$25,$B8,Matches!$L$2:$L$25,"Complete",Matches!$M$2:$M$25,2)+COUNTIFS(Matches!$H$2:$H$25,$B8,Matches!$L$2:$L$25,"Complete",Matches!$N$2:$N$25,2) -> 0 | F8: =COUNTIFS(Matches!$G$2:$G$25,$B8,Matches!$L$2:$L$25,"Complete",Matches!$M$2:$M$25,1)+COUNTIFS(Matches!$H$2:$H$25,$B8,Matches!$L$2:$L$25,"Complete",Matches!$N$2:$N$25,1) -> 0 | G8: =COUNTIFS(Matches!$G$2:$G$25,$B8,Matches!$L$2:$L$25,"Complete",Matches!$M$2:$M$25,0)+COUNTIFS(Matches!$H$2:$H$25,$B8,Matches!$L$2:$L$25,"Complete",Matches!$N$2:$N$25,0) -> 0 | H8: =SUMIFS(Matches!$I$2:$I$25,Matches!$G$2:$G$25,$B8,Matches!$L$2:$L$25,"Complete")+SUMIFS(Matches!$J$2:$J$25,Matches!$H$2:$H$25,$B8,Matches!$L$2:$L$25,"Complete") -> 5 | I8: =SUMIFS(Matches!$J$2:$J$25,Matches!$G$2:$G$25,$B8,Matches!$L$2:$L$25,"Complete")+SUMIFS(Matches!$I$2:$I$25,Matches!$H$2:$H$25,$B8,Matches!$L$2:$L$25,"Complete") -> 0 | J8: =H8-I8 -> 5 | K8: =SUMIFS(Matches!$M$2:$M$25,Matches!$G$2:$G$25,$B8,Matches!$L$2:$L$25,"Complete")+SUMIFS(Matches!$N$2:$N$25,Matches!$H$2:$H$25,$B8,Matches!$L$2:$L$25,"Complete") -> 3 | L8: =0 -> 0 | M8: =K8*1000000+L8*10000+J8*100+H8-ROW()/1000 -> 3000505
A9: B | B9: Beverton | C9: =COUNTIFS(Matches!$G$2:$G$25,$B9,Matches!$L$2:$L$25,"Complete")+COUNTIFS(Matches!$H$2:$H$25,$B9,Matches!$L$2:$L$25,"Complete") -> 1 | D9: =COUNTIFS(Matches!$G$2:$G$25,$B9,Matches!$L$2:$L$25,"Complete",Matches!$M$2:$M$25,3)+COUNTIFS(Matches!$H$2:$H$25,$B9,Matches!$L$2:$L$25,"Complete",Matches!$N$2:$N$25,3) -> 0 | E9: =COUNTIFS(Matches!$G$2:$G$25,$B9,Matches!$L$2:$L$25,"Complete",Matches!$M$2:$M$25,2)+COUNTIFS(Matches!$H$2:$H$25,$B9,Matches!$L$2:$L$25,"Complete",Matches!$N$2:$N$25,2) -> 0 | F9: =COUNTIFS(Matches!$G$2:$G$25,$B9,Matches!$L$2:$L$25,"Complete",Matches!$M$2:$M$25,1)+COUNTIFS(Matches!$H$2:$H$25,$B9,Matches!$L$2:$L$25,"Complete",Matches!$N$2:$N$25,1) -> 0 | G9: =COUNTIFS(Matches!$G$2:$G$25,$B9,Matches!$L$2:$L$25,"Complete",Matches!$M$2:$M$25,0)+COUNTIFS(Matches!$H$2:$H$25,$B9,Matches!$L$2:$L$25,"Complete",Matches!$N$2:$N$25,0) -> 1 | H9: =SUMIFS(Matches!$I$2:$I$25,Matches!$G$2:$G$25,$B9,Matches!$L$2:$L$25,"Complete")+SUMIFS(Matches!$J$2:$J$25,Matches!$H$2:$H$25,$B9,Matches!$L$2:$L$25,"Complete") -> 0 | I9: =SUMIFS(Matches!$J$2:$J$25,Matches!$G$2:$G$25,$B9,Matches!$L$2:$L$25,"Complete")+SUMIFS(Matches!$I$2:$I$25,Matches!$H$2:$H$25,$B9,Matches!$L$2:$L$25,"Complete") -> 5 | J9: =H9-I9 -> -5 | K9: =SUMIFS(Matches!$M$2:$M$25,Matches!$G$2:$G$25,$B9,Matches!$L$2:$L$25,"Complete")+SUMIFS(Matches!$N$2:$N$25,Matches!$H$2:$H$25,$B9,Matches!$L$2:$L$25,"Complete") -> 0 | L9: =0 -> 0 | M9: =K9*1000000+L9*10000+J9*100+H9-ROW()/1000 -> -500.009
A10: C | B10: Leoni di Ricky | C10: =COUNTIFS(Matches!$G$2:$G$25,$B10,Matches!$L$2:$L$25,"Complete")+COUNTIFS(Matches!$H$2:$H$25,$B10,Matches!$L$2:$L$25,"Complete") -> 1 | D10: =COUNTIFS(Matches!$G$2:$G$25,$B10,Matches!$L$2:$L$25,"Complete",Matches!$M$2:$M$25,3)+COUNTIFS(Matches!$H$2:$H$25,$B10,Matches!$L$2:$L$25,"Complete",Matches!$N$2:$N$25,3) -> 1 | E10: =COUNTIFS(Matches!$G$2:$G$25,$B10,Matches!$L$2:$L$25,"Complete",Matches!$M$2:$M$25,2)+COUNTIFS(Matches!$H$2:$H$25,$B10,Matches!$L$2:$L$25,"Complete",Matches!$N$2:$N$25,2) -> 0 | F10: =COUNTIFS(Matches!$G$2:$G$25,$B10,Matches!$L$2:$L$25,"Complete",Matches!$M$2:$M$25,1)+COUNTIFS(Matches!$H$2:$H$25,$B10,Matches!$L$2:$L$25,"Complete",Matches!$N$2:$N$25,1) -> 0 | G10: =COUNTIFS(Matches!$G$2:$G$25,$B10,Matches!$L$2:$L$25,"Complete",Matches!$M$2:$M$25,0)+COUNTIFS(Matches!$H$2:$H$25,$B10,Matches!$L$2:$L$25,"Complete",Matches!$N$2:$N$25,0) -> 0 | H10: =SUMIFS(Matches!$I$2:$I$25,Matches!$G$2:$G$25,$B10,Matches!$L$2:$L$25,"Complete")+SUMIFS(Matches!$J$2:$J$25,Matches!$H$2:$H$25,$B10,Matches!$L$2:$L$25,"Complete") -> 5 | I10: =SUMIFS(Matches!$J$2:$J$25,Matches!$G$2:$G$25,$B10,Matches!$L$2:$L$25,"Complete")+SUMIFS(Matches!$I$2:$I$25,Matches!$H$2:$H$25,$B10,Matches!$L$2:$L$25,"Complete") -> 0 | J10: =H10-I10 -> 5 | K10: =SUMIFS(Matches!$M$2:$M$25,Matches!$G$2:$G$25,$B10,Matches!$L$2:$L$25,"Complete")+SUMIFS(Matches!$N$2:$N$25,Matches!$H$2:$H$25,$B10,Matches!$L$2:$L$25,"Complete") -> 3 | L10: =0 -> 0 | M10: =K10*1000000+L10*10000+J10*100+H10-ROW()/1000 -> 3000505
A11: C | B11: Pink 5ive | C11: =COUNTIFS(Matches!$G$2:$G$25,$B11,Matches!$L$2:$L$25,"Complete")+COUNTIFS(Matches!$H$2:$H$25,$B11,Matches!$L$2:$L$25,"Complete") -> 1 | D11: =COUNTIFS(Matches!$G$2:$G$25,$B11,Matches!$L$2:$L$25,"Complete",Matches!$M$2:$M$25,3)+COUNTIFS(Matches!$H$2:$H$25,$B11,Matches!$L$2:$L$25,"Complete",Matches!$N$2:$N$25,3) -> 0 | E11: =COUNTIFS(Matches!$G$2:$G$25,$B11,Matches!$L$2:$L$25,"Complete",Matches!$M$2:$M$25,2)+COUNTIFS(Matches!$H$2:$H$25,$B11,Matches!$L$2:$L$25,"Complete",Matches!$N$2:$N$25,2) -> 0 | F11: =COUNTIFS(Matches!$G$2:$G$25,$B11,Matches!$L$2:$L$25,"Complete",Matches!$M$2:$M$25,1)+COUNTIFS(Matches!$H$2:$H$25,$B11,Matches!$L$2:$L$25,"Complete",Matches!$N$2:$N$25,1) -> 0 | G11: =COUNTIFS(Matches!$G$2:$G$25,$B11,Matches!$L$2:$L$25,"Complete",Matches!$M$2:$M$25,0)+COUNTIFS(Matches!$H$2:$H$25,$B11,Matches!$L$2:$L$25,"Complete",Matches!$N$2:$N$25,0) -> 1 | H11: =SUMIFS(Matches!$I$2:$I$25,Matches!$G$2:$G$25,$B11,Matches!$L$2:$L$25,"Complete")+SUMIFS(Matches!$J$2:$J$25,Matches!$H$2:$H$25,$B11,Matches!$L$2:$L$25,"Complete") -> 0 | I11: =SUMIFS(Matches!$J$2:$J$25,Matches!$G$2:$G$25,$B11,Matches!$L$2:$L$25,"Complete")+SUMIFS(Matches!$I$2:$I$25,Matches!$H$2:$H$25,$B11,Matches!$L$2:$L$25,"Complete") -> 5 | J11: =H11-I11 -> -5 | K11: =SUMIFS(Matches!$M$2:$M$25,Matches!$G$2:$G$25,$B11,Matches!$L$2:$L$25,"Complete")+SUMIFS(Matches!$N$2:$N$25,Matches!$H$2:$H$25,$B11,Matches!$L$2:$L$25,"Complete") -> 0 | L11: =0 -> 0 | M11: =K11*1000000+L11*10000+J11*100+H11-ROW()/1000 -> -500.011
A12: C | B12: Barrio Boys | C12: =COUNTIFS(Matches!$G$2:$G$25,$B12,Matches!$L$2:$L$25,"Complete")+COUNTIFS(Matches!$H$2:$H$25,$B12,Matches!$L$2:$L$25,"Complete") -> 1 | D12: =COUNTIFS(Matches!$G$2:$G$25,$B12,Matches!$L$2:$L$25,"Complete",Matches!$M$2:$M$25,3)+COUNTIFS(Matches!$H$2:$H$25,$B12,Matches!$L$2:$L$25,"Complete",Matches!$N$2:$N$25,3) -> 1 | E12: =COUNTIFS(Matches!$G$2:$G$25,$B12,Matches!$L$2:$L$25,"Complete",Matches!$M$2:$M$25,2)+COUNTIFS(Matches!$H$2:$H$25,$B12,Matches!$L$2:$L$25,"Complete",Matches!$N$2:$N$25,2) -> 0 | F12: =COUNTIFS(Matches!$G$2:$G$25,$B12,Matches!$L$2:$L$25,"Complete",Matches!$M$2:$M$25,1)+COUNTIFS(Matches!$H$2:$H$25,$B12,Matches!$L$2:$L$25,"Complete",Matches!$N$2:$N$25,1) -> 0 | G12: =COUNTIFS(Matches!$G$2:$G$25,$B12,Matches!$L$2:$L$25,"Complete",Matches!$M$2:$M$25,0)+COUNTIFS(Matches!$H$2:$H$25,$B12,Matches!$L$2:$L$25,"Complete",Matches!$N$2:$N$25,0) -> 0 | H12: =SUMIFS(Matches!$I$2:$I$25,Matches!$G$2:$G$25,$B12,Matches!$L$2:$L$25,"Complete")+SUMIFS(Matches!$J$2:$J$25,Matches!$H$2:$H$25,$B12,Matches!$L$2:$L$25,"Complete") -> 2 | I12: =SUMIFS(Matches!$J$2:$J$25,Matches!$G$2:$G$25,$B12,Matches!$L$2:$L$25,"Complete")+SUMIFS(Matches!$I$2:$I$25,Matches!$H$2:$H$25,$B12,Matches!$L$2:$L$25,"Complete") -> 0 | J12: =H12-I12 -> 2 | K12: =SUMIFS(Matches!$M$2:$M$25,Matches!$G$2:$G$25,$B12,Matches!$L$2:$L$25,"Complete")+SUMIFS(Matches!$N$2:$N$25,Matches!$H$2:$H$25,$B12,Matches!$L$2:$L$25,"Complete") -> 3 | L12: =0 -> 0 | M12: =K12*1000000+L12*10000+J12*100+H12-ROW()/1000 -> 3000202
A13: C | B13: Cani | C13: =COUNTIFS(Matches!$G$2:$G$25,$B13,Matches!$L$2:$L$25,"Complete")+COUNTIFS(Matches!$H$2:$H$25,$B13,Matches!$L$2:$L$25,"Complete") -> 1 | D13: =COUNTIFS(Matches!$G$2:$G$25,$B13,Matches!$L$2:$L$25,"Complete",Matches!$M$2:$M$25,3)+COUNTIFS(Matches!$H$2:$H$25,$B13,Matches!$L$2:$L$25,"Complete",Matches!$N$2:$N$25,3) -> 0 | E13: =COUNTIFS(Matches!$G$2:$G$25,$B13,Matches!$L$2:$L$25,"Complete",Matches!$M$2:$M$25,2)+COUNTIFS(Matches!$H$2:$H$25,$B13,Matches!$L$2:$L$25,"Complete",Matches!$N$2:$N$25,2) -> 0 | F13: =COUNTIFS(Matches!$G$2:$G$25,$B13,Matches!$L$2:$L$25,"Complete",Matches!$M$2:$M$25,1)+COUNTIFS(Matches!$H$2:$H$25,$B13,Matches!$L$2:$L$25,"Complete",Matches!$N$2:$N$25,1) -> 0 | G13: =COUNTIFS(Matches!$G$2:$G$25,$B13,Matches!$L$2:$L$25,"Complete",Matches!$M$2:$M$25,0)+COUNTIFS(Matches!$H$2:$H$25,$B13,Matches!$L$2:$L$25,"Complete",Matches!$N$2:$N$25,0) -> 1 | H13: =SUMIFS(Matches!$I$2:$I$25,Matches!$G$2:$G$25,$B13,Matches!$L$2:$L$25,"Complete")+SUMIFS(Matches!$J$2:$J$25,Matches!$H$2:$H$25,$B13,Matches!$L$2:$L$25,"Complete") -> 0 | I13: =SUMIFS(Matches!$J$2:$J$25,Matches!$G$2:$G$25,$B13,Matches!$L$2:$L$25,"Complete")+SUMIFS(Matches!$I$2:$I$25,Matches!$H$2:$H$25,$B13,Matches!$L$2:$L$25,"Complete") -> 2 | J13: =H13-I13 -> -2 | K13: =SUMIFS(Matches!$M$2:$M$25,Matches!$G$2:$G$25,$B13,Matches!$L$2:$L$25,"Complete")+SUMIFS(Matches!$N$2:$N$25,Matches!$H$2:$H$25,$B13,Matches!$L$2:$L$25,"Complete") -> 0 | L13: =0 -> 0 | M13: =K13*1000000+L13*10000+J13*100+H13-ROW()/1000 -> -200.013
A14: D | B14: All Blacks | C14: =COUNTIFS(Matches!$G$2:$G$25,$B14,Matches!$L$2:$L$25,"Complete")+COUNTIFS(Matches!$H$2:$H$25,$B14,Matches!$L$2:$L$25,"Complete") -> 1 | D14: =COUNTIFS(Matches!$G$2:$G$25,$B14,Matches!$L$2:$L$25,"Complete",Matches!$M$2:$M$25,3)+COUNTIFS(Matches!$H$2:$H$25,$B14,Matches!$L$2:$L$25,"Complete",Matches!$N$2:$N$25,3) -> 0 | E14: =COUNTIFS(Matches!$G$2:$G$25,$B14,Matches!$L$2:$L$25,"Complete",Matches!$M$2:$M$25,2)+COUNTIFS(Matches!$H$2:$H$25,$B14,Matches!$L$2:$L$25,"Complete",Matches!$N$2:$N$25,2) -> 0 | F14: =COUNTIFS(Matches!$G$2:$G$25,$B14,Matches!$L$2:$L$25,"Complete",Matches!$M$2:$M$25,1)+COUNTIFS(Matches!$H$2:$H$25,$B14,Matches!$L$2:$L$25,"Complete",Matches!$N$2:$N$25,1) -> 0 | G14: =COUNTIFS(Matches!$G$2:$G$25,$B14,Matches!$L$2:$L$25,"Complete",Matches!$M$2:$M$25,0)+COUNTIFS(Matches!$H$2:$H$25,$B14,Matches!$L$2:$L$25,"Complete",Matches!$N$2:$N$25,0) -> 1 | H14: =SUMIFS(Matches!$I$2:$I$25,Matches!$G$2:$G$25,$B14,Matches!$L$2:$L$25,"Complete")+SUMIFS(Matches!$J$2:$J$25,Matches!$H$2:$H$25,$B14,Matches!$L$2:$L$25,"Complete") -> 1 | I14: =SUMIFS(Matches!$J$2:$J$25,Matches!$G$2:$G$25,$B14,Matches!$L$2:$L$25,"Complete")+SUMIFS(Matches!$I$2:$I$25,Matches!$H$2:$H$25,$B14,Matches!$L$2:$L$25,"Complete") -> 2 | J14: =H14-I14 -> -1 | K14: =SUMIFS(Matches!$M$2:$M$25,Matches!$G$2:$G$25,$B14,Matches!$L$2:$L$25,"Complete")+SUMIFS(Matches!$N$2:$N$25,Matches!$H$2:$H$25,$B14,Matches!$L$2:$L$25,"Complete") -> 0 | L14: =0 -> 0 | M14: =K14*1000000+L14*10000+J14*100+H14-ROW()/1000 -> -99.014
... A17: D | B17: Piadineria la Salsiccia | C17: =COUNTIFS(Matches!$G$2:$G$25,$B17,Matches!$L$2:$L$25,"Complete")+COUNTIFS(Matches!$H$2:$H$25,$B17,Matches!$L$2:$L$25,"Complete") -> 1 | D17: =COUNTIFS(Matches!$G$2:$G$25,$B17,Matches!$L$2:$L$25,"Complete",Matches!$M$2:$M$25,3)+COUNTIFS(Matches!$H$2:$H$25,$B17,Matches!$L$2:$L$25,"Complete",Matches!$N$2:$N$25,3) -> 1 | E17: =COUNTIFS(Matches!$G$2:$G$25,$B17,Matches!$L$2:$L$25,"Complete",Matches!$M$2:$M$25,2)+COUNTIFS(Matches!$H$2:$H$25,$B17,Matches!$L$2:$L$25,"Complete",Matches!$N$2:$N$25,2) -> 0 | F17: =COUNTIFS(Matches!$G$2:$G$25,$B17,Matches!$L$2:$L$25,"Complete",Matches!$M$2:$M$25,1)+COUNTIFS(Matches!$H$2:$H$25,$B17,Matches!$L$2:$L$25,"Complete",Matches!$N$2:$N$25,1) -> 0 | G17: =COUNTIFS(Matches!$G$2:$G$25,$B17,Matches!$L$2:$L$25,"Complete",Matches!$M$2:$M$25,0)+COUNTIFS(Matches!$H$2:$H$25,$B17,Matches!$L$2:$L$25,"Complete",Matches!$N$2:$N$25,0) -> 0 | H17: =SUMIFS(Matches!$I$2:$I$25,Matches!$G$2:$G$25,$B17,Matches!$L$2:$L$25,"Complete")+SUMIFS(Matches!$J$2:$J$25,Matches!$H$2:$H$25,$B17,Matches!$L$2:$L$25,"Complete") -> 1 | I17: =SUMIFS(Matches!$J$2:$J$25,Matches!$G$2:$G$25,$B17,Matches!$L$2:$L$25,"Complete")+SUMIFS(Matches!$I$2:$I$25,Matches!$H$2:$H$25,$B17,Matches!$L$2:$L$25,"Complete") -> 0 | J17: =H17-I17 -> 1 | K17: =SUMIFS(Matches!$M$2:$M$25,Matches!$G$2:$G$25,$B17,Matches!$L$2:$L$25,"Complete")+SUMIFS(Matches!$N$2:$N$25,Matches!$H$2:$H$25,$B17,Matches!$L$2:$L$25,"Complete") -> 3 | L17: =0 -> 0 | M17: =K17*1000000+L17*10000+J17*100+H17-ROW()/1000 -> 3000101

Sheet Standings
A1: Group | B1: Pos | C1: Team | D1: Pts | E1: P | F1: W | G1: WP | H1: LP | I1: L | J1: GF | K1: GA | L1: GD
A2: A | B2: 1 | C2: =INDEX(StandingsData!$B$2:$B$5,MATCH(LARGE(StandingsData!$M$2:$M$5,1),StandingsData!$M$2:$M$5,0)) -> Fatine FC | D2: =INDEX(StandingsData!$K$2:$K$5,MATCH(LARGE(StandingsData!$M$2:$M$5,1),StandingsData!$M$2:$M$5,0)) -> 0 | E2: =INDEX(StandingsData!$C$2:$C$5,MATCH(LARGE(StandingsData!$M$2:$M$5,1),StandingsData!$M$2:$M$5,0)) -> 0 | F2: =INDEX(StandingsData!$D$2:$D$5,MATCH(LARGE(StandingsData!$M$2:$M$5,1),StandingsData!$M$2:$M$5,0)) -> 0 | G2: =INDEX(StandingsData!$E$2:$E$5,MATCH(LARGE(StandingsData!$M$2:$M$5,1),StandingsData!$M$2:$M$5,0)) -> 0 | H2: =INDEX(StandingsData!$F$2:$F$5,MATCH(LARGE(StandingsData!$M$2:$M$5,1),StandingsData!$M$2:$M$5,0)) -> 0 | I2: =INDEX(StandingsData!$G$2:$G$5,MATCH(LARGE(StandingsData!$M$2:$M$5,1),StandingsData!$M$2:$M$5,0)) -> 0 | J2: =INDEX(StandingsData!$H$2:$H$5,MATCH(LARGE(StandingsData!$M$2:$M$5,1),StandingsData!$M$2:$M$5,0)) -> 0 | K2: =INDEX(StandingsData!$I$2:$I$5,MATCH(LARGE(StandingsData!$M$2:$M$5,1),StandingsData!$M$2:$M$5,0)) -> 0 | L2: =INDEX(StandingsData!$J$2:$J$5,MATCH(LARGE(StandingsData!$M$2:$M$5,1),StandingsData!$M$2:$M$5,0)) -> 0
A3: A | B3: 2 | C3: =INDEX(StandingsData!$B$2:$B$5,MATCH(LARGE(StandingsData!$M$2:$M$5,2),StandingsData!$M$2:$M$5,0)) -> FC Internazionale Rovigo | D3: =INDEX(StandingsData!$K$2:$K$5,MATCH(LARGE(StandingsData!$M$2:$M$5,2),StandingsData!$M$2:$M$5,0)) -> 0 | E3: =INDEX(StandingsData!$C$2:$C$5,MATCH(LARGE(StandingsData!$M$2:$M$5,2),StandingsData!$M$2:$M$5,0)) -> 0 | F3: =INDEX(StandingsData!$D$2:$D$5,MATCH(LARGE(StandingsData!$M$2:$M$5,2),StandingsData!$M$2:$M$5,0)) -> 0 | G3: =INDEX(StandingsData!$E$2:$E$5,MATCH(LARGE(StandingsData!$M$2:$M$5,2),StandingsData!$M$2:$M$5,0)) -> 0 | H3: =INDEX(StandingsData!$F$2:$F$5,MATCH(LARGE(StandingsData!$M$2:$M$5,2),StandingsData!$M$2:$M$5,0)) -> 0 | I3: =INDEX(StandingsData!$G$2:$G$5,MATCH(LARGE(StandingsData!$M$2:$M$5,2),StandingsData!$M$2:$M$5,0)) -> 0 | J3: =INDEX(StandingsData!$H$2:$H$5,MATCH(LARGE(StandingsData!$M$2:$M$5,2),StandingsData!$M$2:$M$5,0)) -> 0 | K3: =INDEX(StandingsData!$I$2:$I$5,MATCH(LARGE(StandingsData!$M$2:$M$5,2),StandingsData!$M$2:$M$5,0)) -> 0 | L3: =INDEX(StandingsData!$J$2:$J$5,MATCH(LARGE(StandingsData!$M$2:$M$5,2),StandingsData!$M$2:$M$5,0)) -> 0
A4: A | B4: 3 | C4: =INDEX(StandingsData!$B$2:$B$5,MATCH(LARGE(StandingsData!$M$2:$M$5,3),StandingsData!$M$2:$M$5,0)) -> Moviola Utd | D4: =INDEX(StandingsData!$K$2:$K$5,MATCH(LARGE(StandingsData!$M$2:$M$5,3),StandingsData!$M$2:$M$5,0)) -> 0 | E4: =INDEX(StandingsData!$C$2:$C$5,MATCH(LARGE(StandingsData!$M$2:$M$5,3),StandingsData!$M$2:$M$5,0)) -> 0 | F4: =INDEX(StandingsData!$D$2:$D$5,MATCH(LARGE(StandingsData!$M$2:$M$5,3),StandingsData!$M$2:$M$5,0)) -> 0 | G4: =INDEX(StandingsData!$E$2:$E$5,MATCH(LARGE(StandingsData!$M$2:$M$5,3),StandingsData!$M$2:$M$5,0)) -> 0 | H4: =INDEX(StandingsData!$F$2:$F$5,MATCH(LARGE(StandingsData!$M$2:$M$5,3),StandingsData!$M$2:$M$5,0)) -> 0 | I4: =INDEX(StandingsData!$G$2:$G$5,MATCH(LARGE(StandingsData!$M$2:$M$5,3),StandingsData!$M$2:$M$5,0)) -> 0 | J4: =INDEX(StandingsData!$H$2:$H$5,MATCH(LARGE(StandingsData!$M$2:$M$5,3),StandingsData!$M$2:$M$5,0)) -> 0 | K4: =INDEX(StandingsData!$I$2:$I$5,MATCH(LARGE(StandingsData!$M$2:$M$5,3),StandingsData!$M$2:$M$5,0)) -> 0 | L4: =INDEX(StandingsData!$J$2:$J$5,MATCH(LARGE(StandingsData!$M$2:$M$5,3),StandingsData!$M$2:$M$5,0)) -> 0
A5: A | B5: 4 | C5: =INDEX(StandingsData!$B$2:$B$5,MATCH(LARGE(StandingsData!$M$2:$M$5,4),StandingsData!$M$2:$M$5,0)) -> Astolfi Impianti Elettrici | D5: =INDEX(StandingsData!$K$2:$K$5,MATCH(LARGE(StandingsData!$M$2:$M$5,4),StandingsData!$M$2:$M$5,0)) -> 0 | E5: =INDEX(StandingsData!$C$2:$C$5,MATCH(LARGE(StandingsData!$M$2:$M$5,4),StandingsData!$M$2:$M$5,0)) -> 0 | F5: =INDEX(StandingsData!$D$2:$D$5,MATCH(LARGE(StandingsData!$M$2:$M$5,4),StandingsData!$M$2:$M$5,0)) -> 0 | G5: =INDEX(StandingsData!$E$2:$E$5,MATCH(LARGE(StandingsData!$M$2:$M$5,4),StandingsData!$M$2:$M$5,0)) -> 0 | H5: =INDEX(StandingsData!$F$2:$F$5,MATCH(LARGE(StandingsData!$M$2:$M$5,4),StandingsData!$M$2:$M$5,0)) -> 0 | I5: =INDEX(StandingsData!$G$2:$G$5,MATCH(LARGE(StandingsData!$M$2:$M$5,4),StandingsData!$M$2:$M$5,0)) -> 0 | J5: =INDEX(StandingsData!$H$2:$H$5,MATCH(LARGE(StandingsData!$M$2:$M$5,4),StandingsData!$M$2:$M$5,0)) -> 0 | K5: =INDEX(StandingsData!$I$2:$I$5,MATCH(LARGE(StandingsData!$M$2:$M$5,4),StandingsData!$M$2:$M$5,0)) -> 0 | L5: =INDEX(StandingsData!$J$2:$J$5,MATCH(LARGE(StandingsData!$M$2:$M$5,4),StandingsData!$M$2:$M$5,0)) -> 0
A6: B | B6: 1 | C6: =INDEX(StandingsData!$B$6:$B$9,MATCH(LARGE(StandingsData!$M$6:$M$9,1),StandingsData!$M$6:$M$9,0)) -> Vecchie Glorie Rovigo | D6: =INDEX(StandingsData!$K$6:$K$9,MATCH(LARGE(StandingsData!$M$6:$M$9,1),StandingsData!$M$6:$M$9,0)) -> 3 | E6: =INDEX(StandingsData!$C$6:$C$9,MATCH(LARGE(StandingsData!$M$6:$M$9,1),StandingsData!$M$6:$M$9,0)) -> 1 | F6: =INDEX(StandingsData!$D$6:$D$9,MATCH(LARGE(StandingsData!$M$6:$M$9,1),StandingsData!$M$6:$M$9,0)) -> 1 | G6: =INDEX(StandingsData!$E$6:$E$9,MATCH(LARGE(StandingsData!$M$6:$M$9,1),StandingsData!$M$6:$M$9,0)) -> 0 | H6: =INDEX(StandingsData!$F$6:$F$9,MATCH(LARGE(StandingsData!$M$6:$M$9,1),StandingsData!$M$6:$M$9,0)) -> 0 | I6: =INDEX(StandingsData!$G$6:$G$9,MATCH(LARGE(StandingsData!$M$6:$M$9,1),StandingsData!$M$6:$M$9,0)) -> 0 | J6: =INDEX(StandingsData!$H$6:$H$9,MATCH(LARGE(StandingsData!$M$6:$M$9,1),StandingsData!$M$6:$M$9,0)) -> 10 | K6: =INDEX(StandingsData!$I$6:$I$9,MATCH(LARGE(StandingsData!$M$6:$M$9,1),StandingsData!$M$6:$M$9,0)) -> 0 | L6: =INDEX(StandingsData!$J$6:$J$9,MATCH(LARGE(StandingsData!$M$6:$M$9,1),StandingsData!$M$6:$M$9,0)) -> 10
A7: B | B7: 2 | C7: =INDEX(StandingsData!$B$6:$B$9,MATCH(LARGE(StandingsData!$M$6:$M$9,2),StandingsData!$M$6:$M$9,0)) -> AS Bancatore | D7: =INDEX(StandingsData!$K$6:$K$9,MATCH(LARGE(StandingsData!$M$6:$M$9,2),StandingsData!$M$6:$M$9,0)) -> 3 | E7: =INDEX(StandingsData!$C$6:$C$9,MATCH(LARGE(StandingsData!$M$6:$M$9,2),StandingsData!$M$6:$M$9,0)) -> 1 | F7: =INDEX(StandingsData!$D$6:$D$9,MATCH(LARGE(StandingsData!$M$6:$M$9,2),StandingsData!$M$6:$M$9,0)) -> 1 | G7: =INDEX(StandingsData!$E$6:$E$9,MATCH(LARGE(StandingsData!$M$6:$M$9,2),StandingsData!$M$6:$M$9,0)) -> 0 | H7: =INDEX(StandingsData!$F$6:$F$9,MATCH(LARGE(StandingsData!$M$6:$M$9,2),StandingsData!$M$6:$M$9,0)) -> 0 | I7: =INDEX(StandingsData!$G$6:$G$9,MATCH(LARGE(StandingsData!$M$6:$M$9,2),StandingsData!$M$6:$M$9,0)) -> 0 | J7: =INDEX(StandingsData!$H$6:$H$9,MATCH(LARGE(StandingsData!$M$6:$M$9,2),StandingsData!$M$6:$M$9,0)) -> 5 | K7: =INDEX(StandingsData!$I$6:$I$9,MATCH(LARGE(StandingsData!$M$6:$M$9,2),StandingsData!$M$6:$M$9,0)) -> 0 | L7: =INDEX(StandingsData!$J$6:$J$9,MATCH(LARGE(StandingsData!$M$6:$M$9,2),StandingsData!$M$6:$M$9,0)) -> 5
A8: B | B8: 3 | C8: =INDEX(StandingsData!$B$6:$B$9,MATCH(LARGE(StandingsData!$M$6:$M$9,3),StandingsData!$M$6:$M$9,0)) -> Beverton | D8: =INDEX(StandingsData!$K$6:$K$9,MATCH(LARGE(StandingsData!$M$6:$M$9,3),StandingsData!$M$6:$M$9,0)) -> 0 | E8: =INDEX(StandingsData!$C$6:$C$9,MATCH(LARGE(StandingsData!$M$6:$M$9,3),StandingsData!$M$6:$M$9,0)) -> 1 | F8: =INDEX(StandingsData!$D$6:$D$9,MATCH(LARGE(StandingsData!$M$6:$M$9,3),StandingsData!$M$6:$M$9,0)) -> 0 | G8: =INDEX(StandingsData!$E$6:$E$9,MATCH(LARGE(StandingsData!$M$6:$M$9,3),StandingsData!$M$6:$M$9,0)) -> 0 | H8: =INDEX(StandingsData!$F$6:$F$9,MATCH(LARGE(StandingsData!$M$6:$M$9,3),StandingsData!$M$6:$M$9,0)) -> 0 | I8: =INDEX(StandingsData!$G$6:$G$9,MATCH(LARGE(StandingsData!$M$6:$M$9,3),StandingsData!$M$6:$M$9,0)) -> 1 | J8: =INDEX(StandingsData!$H$6:$H$9,MATCH(LARGE(StandingsData!$M$6:$M$9,3),StandingsData!$M$6:$M$9,0)) -> 0 | K8: =INDEX(StandingsData!$I$6:$I$9,MATCH(LARGE(StandingsData!$M$6:$M$9,3),StandingsData!$M$6:$M$9,0)) -> 5 | L8: =INDEX(StandingsData!$J$6:$J$9,MATCH(LARGE(StandingsData!$M$6:$M$9,3),StandingsData!$M$6:$M$9,0)) -> -5
A9: B | B9: 4 | C9: =INDEX(StandingsData!$B$6:$B$9,MATCH(LARGE(StandingsData!$M$6:$M$9,4),StandingsData!$M$6:$M$9,0)) -> Totani | D9: =INDEX(StandingsData!$K$6:$K$9,MATCH(LARGE(StandingsData!$M$6:$M$9,4),StandingsData!$M$6:$M$9,0)) -> 0 | E9: =INDEX(StandingsData!$C$6:$C$9,MATCH(LARGE(StandingsData!$M$6:$M$9,4),StandingsData!$M$6:$M$9,0)) -> 1 | F9: =INDEX(StandingsData!$D$6:$D$9,MATCH(LARGE(StandingsData!$M$6:$M$9,4),StandingsData!$M$6:$M$9,0)) -> 0 | G9: =INDEX(StandingsData!$E$6:$E$9,MATCH(LARGE(StandingsData!$M$6:$M$9,4),StandingsData!$M$6:$M$9,0)) -> 0 | H9: =INDEX(StandingsData!$F$6:$F$9,MATCH(LARGE(StandingsData!$M$6:$M$9,4),StandingsData!$M$6:$M$9,0)) -> 0 | I9: =INDEX(StandingsData!$G$6:$G$9,MATCH(LARGE(StandingsData!$M$6:$M$9,4),StandingsData!$M$6:$M$9,0)) -> 1 | J9: =INDEX(StandingsData!$H$6:$H$9,MATCH(LARGE(StandingsData!$M$6:$M$9,4),StandingsData!$M$6:$M$9,0)) -> 0 | K9: =INDEX(StandingsData!$I$6:$I$9,MATCH(LARGE(StandingsData!$M$6:$M$9,4),StandingsData!$M$6:$M$9,0)) -> 10 | L9: =INDEX(StandingsData!$J$6:$J$9,MATCH(LARGE(StandingsData!$M$6:$M$9,4),StandingsData!$M$6:$M$9,0)) -> -10
A10: C | B10: 1 | C10: =INDEX(StandingsData!$B$10:$B$13,MATCH(LARGE(StandingsData!$M$10:$M$13,1),StandingsData!$M$10:$M$13,0)) -> Leoni di Ricky | D10: =INDEX(StandingsData!$K$10:$K$13,MATCH(LARGE(StandingsData!$M$10:$M$13,1),StandingsData!$M$10:$M$13,0)) -> 3 | E10: =INDEX(StandingsData!$C$10:$C$13,MATCH(LARGE(StandingsData!$M$10:$M$13,1),StandingsData!$M$10:$M$13,0)) -> 1 | F10: =INDEX(StandingsData!$D$10:$D$13,MATCH(LARGE(StandingsData!$M$10:$M$13,1),StandingsData!$M$10:$M$13,0)) -> 1 | G10: =INDEX(StandingsData!$E$10:$E$13,MATCH(LARGE(StandingsData!$M$10:$M$13,1),StandingsData!$M$10:$M$13,0)) -> 0 | H10: =INDEX(StandingsData!$F$10:$F$13,MATCH(LARGE(StandingsData!$M$10:$M$13,1),StandingsData!$M$10:$M$13,0)) -> 0 | I10: =INDEX(StandingsData!$G$10:$G$13,MATCH(LARGE(StandingsData!$M$10:$M$13,1),StandingsData!$M$10:$M$13,0)) -> 0 | J10: =INDEX(StandingsData!$H$10:$H$13,MATCH(LARGE(StandingsData!$M$10:$M$13,1),StandingsData!$M$10:$M$13,0)) -> 5 | K10: =INDEX(StandingsData!$I$10:$I$13,MATCH(LARGE(StandingsData!$M$10:$M$13,1),StandingsData!$M$10:$M$13,0)) -> 0 | L10: =INDEX(StandingsData!$J$10:$J$13,MATCH(LARGE(StandingsData!$M$10:$M$13,1),StandingsData!$M$10:$M$13,0)) -> 5
A11: C | B11: 2 | C11: =INDEX(StandingsData!$B$10:$B$13,MATCH(LARGE(StandingsData!$M$10:$M$13,2),StandingsData!$M$10:$M$13,0)) -> Barrio Boys | D11: =INDEX(StandingsData!$K$10:$K$13,MATCH(LARGE(StandingsData!$M$10:$M$13,2),StandingsData!$M$10:$M$13,0)) -> 3 | E11: =INDEX(StandingsData!$C$10:$C$13,MATCH(LARGE(StandingsData!$M$10:$M$13,2),StandingsData!$M$10:$M$13,0)) -> 1 | F11: =INDEX(StandingsData!$D$10:$D$13,MATCH(LARGE(StandingsData!$M$10:$M$13,2),StandingsData!$M$10:$M$13,0)) -> 1 | G11: =INDEX(StandingsData!$E$10:$E$13,MATCH(LARGE(StandingsData!$M$10:$M$13,2),StandingsData!$M$10:$M$13,0)) -> 0 | H11: =INDEX(StandingsData!$F$10:$F$13,MATCH(LARGE(StandingsData!$M$10:$M$13,2),StandingsData!$M$10:$M$13,0)) -> 0 | I11: =INDEX(StandingsData!$G$10:$G$13,MATCH(LARGE(StandingsData!$M$10:$M$13,2),StandingsData!$M$10:$M$13,0)) -> 0 | J11: =INDEX(StandingsData!$H$10:$H$13,MATCH(LARGE(StandingsData!$M$10:$M$13,2),StandingsData!$M$10:$M$13,0)) -> 2 | K11: =INDEX(StandingsData!$I$10:$I$13,MATCH(LARGE(StandingsData!$M$10:$M$13,2),StandingsData!$M$10:$M$13,0)) -> 0 | L11: =INDEX(StandingsData!$J$10:$J$13,MATCH(LARGE(StandingsData!$M$10:$M$13,2),StandingsData!$M$10:$M$13,0)) -> 2
A12: C | B12: 3 | C12: =INDEX(StandingsData!$B$10:$B$13,MATCH(LARGE(StandingsData!$M$10:$M$13,3),StandingsData!$M$10:$M$13,0)) -> Cani | D12: =INDEX(StandingsData!$K$10:$K$13,MATCH(LARGE(StandingsData!$M$10:$M$13,3),StandingsData!$M$10:$M$13,0)) -> 0 | E12: =INDEX(StandingsData!$C$10:$C$13,MATCH(LARGE(StandingsData!$M$10:$M$13,3),StandingsData!$M$10:$M$13,0)) -> 1 | F12: =INDEX(StandingsData!$D$10:$D$13,MATCH(LARGE(StandingsData!$M$10:$M$13,3),StandingsData!$M$10:$M$13,0)) -> 0 | G12: =INDEX(StandingsData!$E$10:$E$13,MATCH(LARGE(StandingsData!$M$10:$M$13,3),StandingsData!$M$10:$M$13,0)) -> 0 | H12: =INDEX(StandingsData!$F$10:$F$13,MATCH(LARGE(StandingsData!$M$10:$M$13,3),StandingsData!$M$10:$M$13,0)) -> 0 | I12: =INDEX(StandingsData!$G$10:$G$13,MATCH(LARGE(StandingsData!$M$10:$M$13,3),StandingsData!$M$10:$M$13,0)) -> 1 | J12: =INDEX(StandingsData!$H$10:$H$13,MATCH(LARGE(StandingsData!$M$10:$M$13,3),StandingsData!$M$10:$M$13,0)) -> 0 | K12: =INDEX(StandingsData!$I$10:$I$13,MATCH(LARGE(StandingsData!$M$10:$M$13,3),StandingsData!$M$10:$M$13,0)) -> 2 | L12: =INDEX(StandingsData!$J$10:$J$13,MATCH(LARGE(StandingsData!$M$10:$M$13,3),StandingsData!$M$10:$M$13,0)) -> -2
A13: C | B13: 4 | C13: =INDEX(StandingsData!$B$10:$B$13,MATCH(LARGE(StandingsData!$M$10:$M$13,4),StandingsData!$M$10:$M$13,0)) -> Pink 5ive | D13: =INDEX(StandingsData!$K$10:$K$13,MATCH(LARGE(StandingsData!$M$10:$M$13,4),StandingsData!$M$10:$M$13,0)) -> 0 | E13: =INDEX(StandingsData!$C$10:$C$13,MATCH(LARGE(StandingsData!$M$10:$M$13,4),StandingsData!$M$10:$M$13,0)) -> 1 | F13: =INDEX(StandingsData!$D$10:$D$13,MATCH(LARGE(StandingsData!$M$10:$M$13,4),StandingsData!$M$10:$M$13,0)) -> 0 | G13: =INDEX(StandingsData!$E$10:$E$13,MATCH(LARGE(StandingsData!$M$10:$M$13,4),StandingsData!$M$10:$M$13,0)) -> 0 | H13: =INDEX(StandingsData!$F$10:$F$13,MATCH(LARGE(StandingsData!$M$10:$M$13,4),StandingsData!$M$10:$M$13,0)) -> 0 | I13: =INDEX(StandingsData!$G$10:$G$13,MATCH(LARGE(StandingsData!$M$10:$M$13,4),StandingsData!$M$10:$M$13,0)) -> 1 | J13: =INDEX(StandingsData!$H$10:$H$13,MATCH(LARGE(StandingsData!$M$10:$M$13,4),StandingsData!$M$10:$M$13,0)) -> 0 | K13: =INDEX(StandingsData!$I$10:$I$13,MATCH(LARGE(StandingsData!$M$10:$M$13,4),StandingsData!$M$10:$M$13,0)) -> 5 | L13: =INDEX(StandingsData!$J$10:$J$13,MATCH(LARGE(StandingsData!$M$10:$M$13,4),StandingsData!$M$10:$M$13,0)) -> -5
A14: D | B14: 1 | C14: =INDEX(StandingsData!$B$14:$B$17,MATCH(LARGE(StandingsData!$M$14:$M$17,1),StandingsData!$M$14:$M$17,0)) -> Boldò Glimt | D14: =INDEX(StandingsData!$K$14:$K$17,MATCH(LARGE(StandingsData!$M$14:$M$17,1),StandingsData!$M$14:$M$17,0)) -> 3 | E14: =INDEX(StandingsData!$C$14:$C$17,MATCH(LARGE(StandingsData!$M$14:$M$17,1),StandingsData!$M$14:$M$17,0)) -> 1 | F14: =INDEX(StandingsData!$D$14:$D$17,MATCH(LARGE(StandingsData!$M$14:$M$17,1),StandingsData!$M$14:$M$17,0)) -> 1 | G14: =INDEX(StandingsData!$E$14:$E$17,MATCH(LARGE(StandingsData!$M$14:$M$17,1),StandingsData!$M$14:$M$17,0)) -> 0 | H14: =INDEX(StandingsData!$F$14:$F$17,MATCH(LARGE(StandingsData!$M$14:$M$17,1),StandingsData!$M$14:$M$17,0)) -> 0 | I14: =INDEX(StandingsData!$G$14:$G$17,MATCH(LARGE(StandingsData!$M$14:$M$17,1),StandingsData!$M$14:$M$17,0)) -> 0 | J14: =INDEX(StandingsData!$H$14:$H$17,MATCH(LARGE(StandingsData!$M$14:$M$17,1),StandingsData!$M$14:$M$17,0)) -> 2 | K14: =INDEX(StandingsData!$I$14:$I$17,MATCH(LARGE(StandingsData!$M$14:$M$17,1),StandingsData!$M$14:$M$17,0)) -> 1 | L14: =INDEX(StandingsData!$J$14:$J$17,MATCH(LARGE(StandingsData!$M$14:$M$17,1),StandingsData!$M$14:$M$17,0)) -> 1
A15: D | B15: 2 | C15: =INDEX(StandingsData!$B$14:$B$17,MATCH(LARGE(StandingsData!$M$14:$M$17,2),StandingsData!$M$14:$M$17,0)) -> Piadineria la Salsiccia | D15: =INDEX(StandingsData!$K$14:$K$17,MATCH(LARGE(StandingsData!$M$14:$M$17,2),StandingsData!$M$14:$M$17,0)) -> 3 | E15: =INDEX(StandingsData!$C$14:$C$17,MATCH(LARGE(StandingsData!$M$14:$M$17,2),StandingsData!$M$14:$M$17,0)) -> 1 | F15: =INDEX(StandingsData!$D$14:$D$17,MATCH(LARGE(StandingsData!$M$14:$M$17,2),StandingsData!$M$14:$M$17,0)) -> 1 | G15: =INDEX(StandingsData!$E$14:$E$17,MATCH(LARGE(StandingsData!$M$14:$M$17,2),StandingsData!$M$14:$M$17,0)) -> 0 | H15: =INDEX(StandingsData!$F$14:$F$17,MATCH(LARGE(StandingsData!$M$14:$M$17,2),StandingsData!$M$14:$M$17,0)) -> 0 | I15: =INDEX(StandingsData!$G$14:$G$17,MATCH(LARGE(StandingsData!$M$14:$M$17,2),StandingsData!$M$14:$M$17,0)) -> 0 | J15: =INDEX(StandingsData!$H$14:$H$17,MATCH(LARGE(StandingsData!$M$14:$M$17,2),StandingsData!$M$14:$M$17,0)) -> 1 | K15: =INDEX(StandingsData!$I$14:$I$17,MATCH(LARGE(StandingsData!$M$14:$M$17,2),StandingsData!$M$14:$M$17,0)) -> 0 | L15: =INDEX(StandingsData!$J$14:$J$17,MATCH(LARGE(StandingsData!$M$14:$M$17,2),StandingsData!$M$14:$M$17,0)) -> 1
A16: D | B16: 3 | C16: =INDEX(StandingsData!$B$14:$B$17,MATCH(LARGE(StandingsData!$M$14:$M$17,3),StandingsData!$M$14:$M$17,0)) -> All Blacks | D16: =INDEX(StandingsData!$K$14:$K$17,MATCH(LARGE(StandingsData!$M$14:$M$17,3),StandingsData!$M$14:$M$17,0)) -> 0 | E16: =INDEX(StandingsData!$C$14:$C$17,MATCH(LARGE(StandingsData!$M$14:$M$17,3),StandingsData!$M$14:$M$17,0)) -> 1 | F16: =INDEX(StandingsData!$D$14:$D$17,MATCH(LARGE(StandingsData!$M$14:$M$17,3),StandingsData!$M$14:$M$17,0)) -> 0 | G16: =INDEX(StandingsData!$E$14:$E$17,MATCH(LARGE(StandingsData!$M$14:$M$17,3),StandingsData!$M$14:$M$17,0)) -> 0 | H16: =INDEX(StandingsData!$F$14:$F$17,MATCH(LARGE(StandingsData!$M$14:$M$17,3),StandingsData!$M$14:$M$17,0)) -> 0 | I16: =INDEX(StandingsData!$G$14:$G$17,MATCH(LARGE(StandingsData!$M$14:$M$17,3),StandingsData!$M$14:$M$17,0)) -> 1 | J16: =INDEX(StandingsData!$H$14:$H$17,MATCH(LARGE(StandingsData!$M$14:$M$17,3),StandingsData!$M$14:$M$17,0)) -> 1 | K16: =INDEX(StandingsData!$I$14:$I$17,MATCH(LARGE(StandingsData!$M$14:$M$17,3),StandingsData!$M$14:$M$17,0)) -> 2 | L16: =INDEX(StandingsData!$J$14:$J$17,MATCH(LARGE(StandingsData!$M$14:$M$17,3),StandingsData!$M$14:$M$17,0)) -> -1
A17: D | B17: 4 | C17: =INDEX(StandingsData!$B$14:$B$17,MATCH(LARGE(StandingsData!$M$14:$M$17,4),StandingsData!$M$14:$M$17,0)) -> Coca Juniors | D17: =INDEX(StandingsData!$K$14:$K$17,MATCH(LARGE(StandingsData!$M$14:$M$17,4),StandingsData!$M$14:$M$17,0)) -> 0 | E17: =INDEX(StandingsData!$C$14:$C$17,MATCH(LARGE(StandingsData!$M$14:$M$17,4),StandingsData!$M$14:$M$17,0)) -> 1 | F17: =INDEX(StandingsData!$D$14:$D$17,MATCH(LARGE(StandingsData!$M$14:$M$17,4),StandingsData!$M$14:$M$17,0)) -> 0 | G17: =INDEX(StandingsData!$E$14:$E$17,MATCH(LARGE(StandingsData!$M$14:$M$17,4),StandingsData!$M$14:$M$17,0)) -> 0 | H17: =INDEX(StandingsData!$F$14:$F$17,MATCH(LARGE(StandingsData!$M$14:$M$17,4),StandingsData!$M$14:$M$17,0)) -> 0 | I17: =INDEX(StandingsData!$G$14:$G$17,MATCH(LARGE(StandingsData!$M$14:$M$17,4),StandingsData!$M$14:$M$17,0)) -> 1 | J17: =INDEX(StandingsData!$H$14:$H$17,MATCH(LARGE(StandingsData!$M$14:$M$17,4),StandingsData!$M$14:$M$17,0)) -> 0 | K17: =INDEX(StandingsData!$I$14:$I$17,MATCH(LARGE(StandingsData!$M$14:$M$17,4),StandingsData!$M$14:$M$17,0)) -> 1 | L17: =INDEX(StandingsData!$J$14:$J$17,MATCH(LARGE(StandingsData!$M$14:$M$17,4),StandingsData!$M$14:$M$17,0)) -> -1

Sheet Knockout
A1: MatchID | B1: Stage | C1: Group | D1: Round | E1: Field | F1: Time | G1: HomeTeam | H1: AwayTeam | I1: HomeGoals | J1: AwayGoals | K1: PenaltyWinner | L1: Winner | M1: ScoreLabel
A2: QF1 | B2: Quarter-final | E2: 1 | F2: 0.74027778 | L2: =IF(OR(I2="",J2=""),"",IF(I2>J2,G2,IF(J2>I2,H2,K2))) | M2: =IF(OR(I2="",J2=""),"",G2&" "&I2&" - "&J2&" "&H2&IF(K2<>""," (rigori: "&K2&")",""))
A3: QF2 | B3: Quarter-final | E3: 2 | F3: 20:00 | L3: =IF(OR(I3="",J3=""),"",IF(I3>J3,G3,IF(J3>I3,H3,K3))) | M3: =IF(OR(I3="",J3=""),"",G3&" "&I3&" - "&J3&" "&H3&IF(K3<>""," (rigori: "&K3&")",""))
A4: QF3 | B4: Quarter-final | E4: 1 | F4: 20:45 | L4: =IF(OR(I4="",J4=""),"",IF(I4>J4,G4,IF(J4>I4,H4,K4))) | M4: =IF(OR(I4="",J4=""),"",G4&" "&I4&" - "&J4&" "&H4&IF(K4<>""," (rigori: "&K4&")",""))
A5: QF4 | B5: Quarter-final | E5: 2 | F5: 20:45 | L5: =IF(OR(I5="",J5=""),"",IF(I5>J5,G5,IF(J5>I5,H5,K5))) | M5: =IF(OR(I5="",J5=""),"",G5&" "&I5&" - "&J5&" "&H5&IF(K5<>""," (rigori: "&K5&")",""))
A6: SF1 | B6: Semi-final | E6: 1 | F6: 21:45 | L6: =IF(OR(I6="",J6=""),"",IF(I6>J6,G6,IF(J6>I6,H6,K6))) | M6: =IF(OR(I6="",J6=""),"",G6&" "&I6&" - "&J6&" "&H6&IF(K6<>""," (rigori: "&K6&")",""))
A7: SF2 | B7: Semi-final | E7: 2 | F7: 21:45 | L7: =IF(OR(I7="",J7=""),"",IF(I7>J7,G7,IF(J7>I7,H7,K7))) | M7: =IF(OR(I7="",J7=""),"",G7&" "&I7&" - "&J7&" "&H7&IF(K7<>""," (rigori: "&K7&")",""))
A8: FIN | B8: Final | F8: 0.45486111 | L8: =IF(OR(I8="",J8=""),"",IF(I8>J8,G8,IF(J8>I8,H8,K8))) | M8: =IF(OR(I8="",J8=""),"",G8&" "&I8&" - "&J8&" "&H8&IF(K8<>""," (rigori: "&K8&")",""))

Sheet KnockoutGoals
A1: MatchID | B1: GoalForTeam | C1: GoalSlot | D1: GoalType | E1: Player | F1: ScorerTeam | G1: Status | H1: PlayerListRange | I1: MatchRow | J1: Slot | K1: Note
A2: =IF(OR(INDEX(Knockout!$I$2:$I$8,I2-1)="",INDEX(Knockout!$J$2:$J$8,I2-1)=""),"",IF(J2<=INDEX(Knockout!$I$2:$I$8,I2-1)+INDEX(Knockout!$J$2:$J$8,I2-1),INDEX(Knockout!$A$2:$A$8,I2-1),"")) | B2: =IF(A2="","",IF(J2<=INDEX(Knockout!$I$2:$I$8,I2-1),INDEX(Knockout!$G$2:$G$8,I2-1),INDEX(Knockout!$H$2:$H$8,I2-1))) | C2: =IF(A2="","",COUNTIFS($A$2:A2,A2,$B$2:B2,B2)) | D2: =IF(A2="","","Goal") | F2: =IF(A2="","",IF(D2="Autogol","",IF(D2="Goal",B2,""))) | G2: =IF(A2="","",IF(D2="","Manca tipo",IF(D2="Goal",IF(E2="","Manca giocatore","OK"),IF(D2="Autogol",IF(E2<>"","Autogol: svuota Player","OK"),"Tipo non valido")))) | H2: =IF(F2="","",VLOOKUP(F2,Validation!$A$2:$B$17,2,FALSE)) | I2: =INT((ROW()-2)/Settings!$B$6)+2 -> 2 | J2: =MOD(ROW()-2,Settings!$B$6)+1 -> 1 | K2: Marcatori knockout: il menu Player è vincolato alla squadra del gol.
A3: =IF(OR(INDEX(Knockout!$I$2:$I$8,I3-1)="",INDEX(Knockout!$J$2:$J$8,I3-1)=""),"",IF(J3<=INDEX(Knockout!$I$2:$I$8,I3-1)+INDEX(Knockout!$J$2:$J$8,I3-1),INDEX(Knockout!$A$2:$A$8,I3-1),"")) | B3: =IF(A3="","",IF(J3<=INDEX(Knockout!$I$2:$I$8,I3-1),INDEX(Knockout!$G$2:$G$8,I3-1),INDEX(Knockout!$H$2:$H$8,I3-1))) | C3: =IF(A3="","",COUNTIFS($A$2:A3,A3,$B$2:B3,B3)) | D3: =IF(A3="","","Goal") | F3: =IF(A3="","",IF(D3="Autogol","",IF(D3="Goal",B3,""))) | G3: =IF(A3="","",IF(D3="","Manca tipo",IF(D3="Goal",IF(E3="","Manca giocatore","OK"),IF(D3="Autogol",IF(E3<>"","Autogol: svuota Player","OK"),"Tipo non valido")))) | H3: =IF(F3="","",VLOOKUP(F3,Validation!$A$2:$B$17,2,FALSE)) | I3: =INT((ROW()-2)/Settings!$B$6)+2 -> 2 | J3: =MOD(ROW()-2,Settings!$B$6)+1 -> 2
A4: =IF(OR(INDEX(Knockout!$I$2:$I$8,I4-1)="",INDEX(Knockout!$J$2:$J$8,I4-1)=""),"",IF(J4<=INDEX(Knockout!$I$2:$I$8,I4-1)+INDEX(Knockout!$J$2:$J$8,I4-1),INDEX(Knockout!$A$2:$A$8,I4-1),"")) | B4: =IF(A4="","",IF(J4<=INDEX(Knockout!$I$2:$I$8,I4-1),INDEX(Knockout!$G$2:$G$8,I4-1),INDEX(Knockout!$H$2:$H$8,I4-1))) | C4: =IF(A4="","",COUNTIFS($A$2:A4,A4,$B$2:B4,B4)) | D4: =IF(A4="","","Goal") | F4: =IF(A4="","",IF(D4="Autogol","",IF(D4="Goal",B4,""))) | G4: =IF(A4="","",IF(D4="","Manca tipo",IF(D4="Goal",IF(E4="","Manca giocatore","OK"),IF(D4="Autogol",IF(E4<>"","Autogol: svuota Player","OK"),"Tipo non valido")))) | H4: =IF(F4="","",VLOOKUP(F4,Validation!$A$2:$B$17,2,FALSE)) | I4: =INT((ROW()-2)/Settings!$B$6)+2 -> 2 | J4: =MOD(ROW()-2,Settings!$B$6)+1 -> 3
A5: =IF(OR(INDEX(Knockout!$I$2:$I$8,I5-1)="",INDEX(Knockout!$J$2:$J$8,I5-1)=""),"",IF(J5<=INDEX(Knockout!$I$2:$I$8,I5-1)+INDEX(Knockout!$J$2:$J$8,I5-1),INDEX(Knockout!$A$2:$A$8,I5-1),"")) | B5: =IF(A5="","",IF(J5<=INDEX(Knockout!$I$2:$I$8,I5-1),INDEX(Knockout!$G$2:$G$8,I5-1),INDEX(Knockout!$H$2:$H$8,I5-1))) | C5: =IF(A5="","",COUNTIFS($A$2:A5,A5,$B$2:B5,B5)) | D5: =IF(A5="","","Goal") | F5: =IF(A5="","",IF(D5="Autogol","",IF(D5="Goal",B5,""))) | G5: =IF(A5="","",IF(D5="","Manca tipo",IF(D5="Goal",IF(E5="","Manca giocatore","OK"),IF(D5="Autogol",IF(E5<>"","Autogol: svuota Player","OK"),"Tipo non valido")))) | H5: =IF(F5="","",VLOOKUP(F5,Validation!$A$2:$B$17,2,FALSE)) | I5: =INT((ROW()-2)/Settings!$B$6)+2 -> 2 | J5: =MOD(ROW()-2,Settings!$B$6)+1 -> 4
A6: =IF(OR(INDEX(Knockout!$I$2:$I$8,I6-1)="",INDEX(Knockout!$J$2:$J$8,I6-1)=""),"",IF(J6<=INDEX(Knockout!$I$2:$I$8,I6-1)+INDEX(Knockout!$J$2:$J$8,I6-1),INDEX(Knockout!$A$2:$A$8,I6-1),"")) | B6: =IF(A6="","",IF(J6<=INDEX(Knockout!$I$2:$I$8,I6-1),INDEX(Knockout!$G$2:$G$8,I6-1),INDEX(Knockout!$H$2:$H$8,I6-1))) | C6: =IF(A6="","",COUNTIFS($A$2:A6,A6,$B$2:B6,B6)) | D6: =IF(A6="","","Goal") | F6: =IF(A6="","",IF(D6="Autogol","",IF(D6="Goal",B6,""))) | G6: =IF(A6="","",IF(D6="","Manca tipo",IF(D6="Goal",IF(E6="","Manca giocatore","OK"),IF(D6="Autogol",IF(E6<>"","Autogol: svuota Player","OK"),"Tipo non valido")))) | H6: =IF(F6="","",VLOOKUP(F6,Validation!$A$2:$B$17,2,FALSE)) | I6: =INT((ROW()-2)/Settings!$B$6)+2 -> 2 | J6: =MOD(ROW()-2,Settings!$B$6)+1 -> 5
A7: =IF(OR(INDEX(Knockout!$I$2:$I$8,I7-1)="",INDEX(Knockout!$J$2:$J$8,I7-1)=""),"",IF(J7<=INDEX(Knockout!$I$2:$I$8,I7-1)+INDEX(Knockout!$J$2:$J$8,I7-1),INDEX(Knockout!$A$2:$A$8,I7-1),"")) | B7: =IF(A7="","",IF(J7<=INDEX(Knockout!$I$2:$I$8,I7-1),INDEX(Knockout!$G$2:$G$8,I7-1),INDEX(Knockout!$H$2:$H$8,I7-1))) | C7: =IF(A7="","",COUNTIFS($A$2:A7,A7,$B$2:B7,B7)) | D7: =IF(A7="","","Goal") | F7: =IF(A7="","",IF(D7="Autogol","",IF(D7="Goal",B7,""))) | G7: =IF(A7="","",IF(D7="","Manca tipo",IF(D7="Goal",IF(E7="","Manca giocatore","OK"),IF(D7="Autogol",IF(E7<>"","Autogol: svuota Player","OK"),"Tipo non valido")))) | H7: =IF(F7="","",VLOOKUP(F7,Validation!$A$2:$B$17,2,FALSE)) | I7: =INT((ROW()-2)/Settings!$B$6)+2 -> 2 | J7: =MOD(ROW()-2,Settings!$B$6)+1 -> 6
A8: =IF(OR(INDEX(Knockout!$I$2:$I$8,I8-1)="",INDEX(Knockout!$J$2:$J$8,I8-1)=""),"",IF(J8<=INDEX(Knockout!$I$2:$I$8,I8-1)+INDEX(Knockout!$J$2:$J$8,I8-1),INDEX(Knockout!$A$2:$A$8,I8-1),"")) | B8: =IF(A8="","",IF(J8<=INDEX(Knockout!$I$2:$I$8,I8-1),INDEX(Knockout!$G$2:$G$8,I8-1),INDEX(Knockout!$H$2:$H$8,I8-1))) | C8: =IF(A8="","",COUNTIFS($A$2:A8,A8,$B$2:B8,B8)) | D8: =IF(A8="","","Goal") | F8: =IF(A8="","",IF(D8="Autogol","",IF(D8="Goal",B8,""))) | G8: =IF(A8="","",IF(D8="","Manca tipo",IF(D8="Goal",IF(E8="","Manca giocatore","OK"),IF(D8="Autogol",IF(E8<>"","Autogol: svuota Player","OK"),"Tipo non valido")))) | H8: =IF(F8="","",VLOOKUP(F8,Validation!$A$2:$B$17,2,FALSE)) | I8: =INT((ROW()-2)/Settings!$B$6)+2 -> 2 | J8: =MOD(ROW()-2,Settings!$B$6)+1 -> 7
A9: =IF(OR(INDEX(Knockout!$I$2:$I$8,I9-1)="",INDEX(Knockout!$J$2:$J$8,I9-1)=""),"",IF(J9<=INDEX(Knockout!$I$2:$I$8,I9-1)+INDEX(Knockout!$J$2:$J$8,I9-1),INDEX(Knockout!$A$2:$A$8,I9-1),"")) | B9: =IF(A9="","",IF(J9<=INDEX(Knockout!$I$2:$I$8,I9-1),INDEX(Knockout!$G$2:$G$8,I9-1),INDEX(Knockout!$H$2:$H$8,I9-1))) | C9: =IF(A9="","",COUNTIFS($A$2:A9,A9,$B$2:B9,B9)) | D9: =IF(A9="","","Goal") | F9: =IF(A9="","",IF(D9="Autogol","",IF(D9="Goal",B9,""))) | G9: =IF(A9="","",IF(D9="","Manca tipo",IF(D9="Goal",IF(E9="","Manca giocatore","OK"),IF(D9="Autogol",IF(E9<>"","Autogol: svuota Player","OK"),"Tipo non valido")))) | H9: =IF(F9="","",VLOOKUP(F9,Validation!$A$2:$B$17,2,FALSE)) | I9: =INT((ROW()-2)/Settings!$B$6)+2 -> 2 | J9: =MOD(ROW()-2,Settings!$B$6)+1 -> 8
