Workbook

Sheet README
A1: 12 ORE BOSARO 2026 — Tournament Manager
A3: Uso rapido: 1) inserisci risultati in Matches, colonne HomeGoals/AwayGoals/PenaltyWinner; 2) vai su Goals e completa solo le righe rosse con GoalType e Player; 3) Standings, TopScorers ed Export si aggiornano automaticamente.
A5: Punti vittoria | B5: 3
A6: Punti vittoria ai rigori | B6: 2
A7: Punti sconfitta ai rigori | B7: 1
A8: Punti sconfitta | B8: 0
A9: Ordinamento classifica | B9: Punti, H2H manuale, differenza reti, gol fatti
A10: Autogol | B10: Non associato ad alcun giocatore e non conteggiato nei marcatori
A11: Fonte rose | B11: Squadre_iscritte(1).pdf
A12: Fonte calendario | B12: calendario_partite.pdf / gironi.pdf / fase_finale.pdf
A14: Modifiche v4 | B14: Export include anche marcatori aggregati per partita e tabella normalizzata match_goals.
A15: PenaltyWinner | B15: Nel foglio Matches il vincitore ai rigori è vincolato a squadra casa/trasferta della riga.
A16: GoalType | B16: Nel foglio Goals il tipo è Goal di default; cambia in Autogol solo se serve e lascia Player vuoto.
A17: Export sito | B17: Usa sezione matches per risultati + marcatori aggregati, oppure match_goals per dati normalizzati.

Sheet Settings
A1: Setting | B1: Value
A2: WinPoints | B2: 3
A3: PenaltyWinPoints | B3: 2
A4: PenaltyLossPoints | B4: 1
A5: LossPoints | B5: 0
A6: MaxGoalSlotsPerMatch | B6: 12

Sheet Teams
A1: TeamID | B1: Group | C1: TeamName | D1: Players
A2: T01 | B2: A | C2: Fatine FC | D2: 10
A3: T02 | B3: A | C3: FC Internazionale Rovigo | D3: 10
A4: T03 | B4: A | C4: Moviola Utd | D4: 12
A5: T04 | B5: A | C5: Astolfi Impianti Elettrici | D5: 9
A6: T05 | B6: B | C6: Totani | D6: 9
A7: T06 | B7: B | C7: Vecchie Glorie Rovigo | D7: 11
A8: T07 | B8: B | C8: AS Bancatore | D8: 11
A9: T08 | B9: B | C9: Beverton | D9: 6
A10: T09 | B10: C | C10: Leoni di Ricky | D10: 8
A11: T10 | B11: C | C11: Pink 5ive | D11: 10
A12: T11 | B12: C | C12: Barrio Boys | D12: 10
A13: T12 | B13: C | C13: Cani | D13: 10
... A17: T16 | B17: D | C17: Piadineria la Salsiccia | D17: 10

Sheet Players
A1: PlayerID | B1: TeamID | C1: TeamName | D1: ShirtNumber | E1: PlayerName | F1: Captain | G1: DisplayName
A2: P001 | B2: T01 | C2: Fatine FC | D2: 1 | E2: PIETRO SEGATO | F2: No | G2: 1 - PIETRO SEGATO
A3: P002 | B3: T01 | C3: Fatine FC | D3: 4 | E3: GIOVANNI BALLO | F3: No | G3: 4 - GIOVANNI BALLO
A4: P003 | B4: T01 | C4: Fatine FC | D4: 5 | E4: DANIELE MARZOLLA | F4: No | G4: 5 - DANIELE MARZOLLA
A5: P004 | B5: T01 | C5: Fatine FC | D5: 7 | E5: NICHOLAS MILAN | F5: No | G5: 7 - NICHOLAS MILAN
A6: P005 | B6: T01 | C6: Fatine FC | D6: 8 | E6: ALESSIO MILAN | F6: No | G6: 8 - ALESSIO MILAN
A7: P006 | B7: T01 | C7: Fatine FC | D7: 10 | E7: LUCA MARINI | F7: No | G7: 10 - LUCA MARINI
A8: P007 | B8: T01 | C8: Fatine FC | D8: 11 | E8: DAVIDE GHIRARDI | F8: No | G8: 11 - DAVIDE GHIRARDI
A9: P008 | B9: T01 | C9: Fatine FC | D9: 23 | E9: NICOLA MARINI | F9: Yes | G9: 23 - NICOLA MARINI (C)
A10: P009 | B10: T01 | C10: Fatine FC | D10: 69 | E10: LUCA ROSSETTO | F10: No | G10: 69 - LUCA ROSSETTO
A11: P010 | B11: T01 | C11: Fatine FC | D11: 90 | E11: MANUEL MEDEA | F11: No | G11: 90 - MANUEL MEDEA
A12: P011 | B12: T02 | C12: FC Internazionale Rovigo | E12: BOGDAN ATAMANYUK | F12: No | G12: BOGDAN ATAMANYUK
A13: P012 | B13: T02 | C13: FC Internazionale Rovigo | E13: IVAN DENIS SHEVERAK | F13: No | G13: IVAN DENIS SHEVERAK
A14: P013 | B14: T02 | C14: FC Internazionale Rovigo | E14: MOHAMED IAICH | F14: No | G14: MOHAMED IAICH
A15: P014 | B15: T02 | C15: FC Internazionale Rovigo | E15: NICOLÒ ANDOLFO | F15: No | G15: NICOLÒ ANDOLFO
A16: P015 | B16: T02 | C16: FC Internazionale Rovigo | E16: AHMED ZOUZAF | F16: No | G16: AHMED ZOUZAF
A17: P016 | B17: T02 | C17: FC Internazionale Rovigo | E17: YOUSSEF IAICH | F17: No | G17: YOUSSEF IAICH
A18: P017 | B18: T02 | C18: FC Internazionale Rovigo | E18: HAMZA AGRIBI | F18: Yes | G18: HAMZA AGRIBI (C)
A19: P018 | B19: T02 | C19: FC Internazionale Rovigo | E19: KHALID BENNOUNE | F19: No | G19: KHALID BENNOUNE
A20: P019 | B20: T02 | C20: FC Internazionale Rovigo | E20: YASSINE SOHAYB | F20: No | G20: YASSINE SOHAYB
A21: P020 | B21: T02 | C21: FC Internazionale Rovigo | E21: ABDESSAMAD BAGHROUCH | F21: No | G21: ABDESSAMAD BAGHROUCH
A22: P021 | B22: T03 | C22: Moviola Utd | E22: FILIPPO ZANFORLIN | F22: No | G22: FILIPPO ZANFORLIN
A23: P022 | B23: T03 | C23: Moviola Utd | E23: MICHAEL STRENGHETTO | F23: Yes | G23: MICHAEL STRENGHETTO (C)
... A33: P032 | B33: T03 | C33: Moviola Utd | E33: MATTEO SENO | F33: No | G33: MATTEO SENO
A34: P033 | B34: T04 | C34: Astolfi Impianti Elettrici | D34: 1 | E34: NICOLAS ANDRIOTTO | F34: No | G34: 1 - NICOLAS ANDRIOTTO
A35: P034 | B35: T04 | C35: Astolfi Impianti Elettrici | D35: 4 | E35: GIANLUCA PAVAN | F35: No | G35: 4 - GIANLUCA PAVAN
A36: P035 | B36: T04 | C36: Astolfi Impianti Elettrici | D36: 6 | E36: NICOLA CAVALLIERI | F36: No | G36: 6 - NICOLA CAVALLIERI
A37: P036 | B37: T04 | C37: Astolfi Impianti Elettrici | D37: 7 | E37: ALBAN AHMATI | F37: No | G37: 7 - ALBAN AHMATI
A38: P037 | B38: T04 | C38: Astolfi Impianti Elettrici | D38: 8 | E38: MARCO PREVIATO | F38: No | G38: 8 - MARCO PREVIATO
A39: P038 | B39: T04 | C39: Astolfi Impianti Elettrici | D39: 9 | E39: LUCA SIMEONE | F39: No | G39: 9 - LUCA SIMEONE
A40: P039 | B40: T04 | C40: Astolfi Impianti Elettrici | D40: 10 | E40: ELIA NAGLIERI | F40: No | G40: 10 - ELIA NAGLIERI
A41: P040 | B41: T04 | C41: Astolfi Impianti Elettrici | D41: 11 | E41: FILIPPO ZANINI | F41: Yes | G41: 11 - FILIPPO ZANINI (C)
A42: P041 | B42: T04 | C42: Astolfi Impianti Elettrici | D42: 14 | E42: ALBERTO MUNERATO | F42: No | G42: 14 - ALBERTO MUNERATO
A43: P042 | B43: T05 | C43: Totani | D43: 5 | E43: DANIEL TARGA | F43: No | G43: 5 - DANIEL TARGA
A44: P043 | B44: T05 | C44: Totani | D44: 6 | E44: RICCARDO DAVÌ | F44: No | G44: 6 - RICCARDO DAVÌ
A45: P044 | B45: T05 | C45: Totani | D45: 7 | E45: RICCARDO SANTARATO | F45: No | G45: 7 - RICCARDO SANTARATO
... A51: P050 | B51: T05 | C51: Totani | D51: 71 | E51: DANIELE SECCO | F51: No | G51: 71 - DANIELE SECCO
A52: P051 | B52: T06 | C52: Vecchie Glorie Rovigo | E52: DAVIDE ZAGHI | F52: No | G52: DAVIDE ZAGHI
A53: P052 | B53: T06 | C53: Vecchie Glorie Rovigo | E53: JACOPO VOLTOLINA | F53: No | G53: JACOPO VOLTOLINA
A54: P053 | B54: T06 | C54: Vecchie Glorie Rovigo | E54: MATTEO ZAMBERLAN | F54: No | G54: MATTEO ZAMBERLAN
A55: P054 | B55: T06 | C55: Vecchie Glorie Rovigo | E55: MATTEO DALL'ARA | F55: No | G55: MATTEO DALL'ARA
A56: P055 | B56: T06 | C56: Vecchie Glorie Rovigo | E56: LEONARDO FUSCO | F56: No | G56: LEONARDO FUSCO
A57: P056 | B57: T06 | C57: Vecchie Glorie Rovigo | E57: DENIS TIMPANARO | F57: No | G57: DENIS TIMPANARO
A58: P057 | B58: T06 | C58: Vecchie Glorie Rovigo | E58: MATTEO TOSETTI | F58: No | G58: MATTEO TOSETTI
A59: P058 | B59: T06 | C59: Vecchie Glorie Rovigo | E59: MATTEO AMBROSINI | F59: No | G59: MATTEO AMBROSINI
A60: P059 | B60: T06 | C60: Vecchie Glorie Rovigo | E60: ANDREA BONIN | F60: No | G60: ANDREA BONIN
A61: P060 | B61: T06 | C61: Vecchie Glorie Rovigo | E61: DOMENICO IACOVINO | F61: Yes | G61: DOMENICO IACOVINO (C)
A62: P061 | B62: T06 | C62: Vecchie Glorie Rovigo | E62: GIACOMO PROTTI | F62: No | G62: GIACOMO PROTTI
A63: P062 | B63: T07 | C63: AS Bancatore | D63: 1 | E63: RICCARDO BROGLIO | F63: No | G63: 1 - RICCARDO BROGLIO
A64: P063 | B64: T07 | C64: AS Bancatore | D64: 2 | E64: NICOLÒ MARANGONI | F64: No | G64: 2 - NICOLÒ MARANGONI
A65: P064 | B65: T07 | C65: AS Bancatore | D65: 5 | E65: MATTEO LONGO | F65: No | G65: 5 - MATTEO LONGO
A66: P065 | B66: T07 | C66: AS Bancatore | D66: 7 | E66: MATTIA ZAGO | F66: No | G66: 7 - MATTIA ZAGO
A67: P066 | B67: T07 | C67: AS Bancatore | D67: 8 | E67: MATTEO SAVIOLI | F67: Yes | G67: 8 - MATTEO SAVIOLI (C)
A68: P067 | B68: T07 | C68: AS Bancatore | D68: 9 | E68: IGNAZIO BADALÌ | F68: No | G68: 9 - IGNAZIO BADALÌ
A69: P068 | B69: T07 | C69: AS Bancatore | D69: 10 | E69: GIANLUCA FREZZATI | F69: No | G69: 10 - GIANLUCA FREZZATI
A70: P069 | B70: T07 | C70: AS Bancatore | D70: 11 | E70: FEDERICO MASCELLANI | F70: No | G70: 11 - FEDERICO MASCELLANI
A71: P070 | B71: T07 | C71: AS Bancatore | D71: 13 | E71: ALBERTO OSTI | F71: No | G71: 13 - ALBERTO OSTI
A72: P071 | B72: T07 | C72: AS Bancatore | D72: 14 | E72: LUCA ROSSI | F72: No | G72: 14 - LUCA ROSSI
A73: P072 | B73: T07 | C73: AS Bancatore | D73: 20 | E73: NICOLA BARONI | F73: No | G73: 20 - NICOLA BARONI
A74: P073 | B74: T08 | C74: Beverton | D74: 4 | E74: SAMUEL MATTIELLO | F74: No | G74: 4 - SAMUEL MATTIELLO
... A158: P157 | B158: T16 | C158: Piadineria la Salsiccia | D158: 11 | E158: ALEX BERGO | F158: No | G158: 11 - ALEX BERGO

Sheet Matches
A1: MatchID | B1: Stage | C1: Group | D1: Round | E1: Field | F1: Time | G1: HomeTeam | H1: AwayTeam | I1: HomeGoals | J1: AwayGoals | K1: PenaltyWinner | L1: Status | M1: HomePoints | N1: AwayPoints | O1: Winner | P1: ScoreLabel
A2: M01 | B2: Group | C2: D | D2: 1 | E2: 1 | F2: 14:15 | G2: All Blacks | H2: Boldò Glimt | I2: 1 | J2: 0 | L2: =IF(OR(I2="",J2=""),"Pending",IF(I2=J2,IF(K2="","Needs penalty winner","Complete"),"Complete")) -> Complete | M2: =IF(OR(I2="",J2=""),"",IF(I2>J2,Settings!$B$2,IF(I2<J2,Settings!$B$5,IF(K2=G2,Settings!$B$3,IF(K2=H2,Settings!$B$4,""))))) -> 3 | N2: =IF(OR(I2="",J2=""),"",IF(J2>I2,Settings!$B$2,IF(J2<I2,Settings!$B$5,IF(K2=H2,Settings!$B$3,IF(K2=G2,Settings!$B$4,""))))) -> 0 | O2: =IF(OR(I2="",J2=""),"",IF(I2>J2,G2,IF(J2>I2,H2,K2))) -> All Blacks | P2: =IF(OR(I2="",J2=""),"",G2&" "&I2&" - "&J2&" "&H2&IF(K2<>""," (rigori: "&K2&")","")) -> All Blacks 1 - 0 Boldò Glimt
A3: M02 | B3: Group | C3: D | D3: 1 | E3: 2 | F3: 14:15 | G3: Coca Juniors | H3: Piadineria la Salsiccia | L3: =IF(OR(I3="",J3=""),"Pending",IF(I3=J3,IF(K3="","Needs penalty winner","Complete"),"Complete")) -> Pending | M3: =IF(OR(I3="",J3=""),"",IF(I3>J3,Settings!$B$2,IF(I3<J3,Settings!$B$5,IF(K3=G3,Settings!$B$3,IF(K3=H3,Settings!$B$4,""))))) | N3: =IF(OR(I3="",J3=""),"",IF(J3>I3,Settings!$B$2,IF(J3<I3,Settings!$B$5,IF(K3=H3,Settings!$B$3,IF(K3=G3,Settings!$B$4,""))))) | O3: =IF(OR(I3="",J3=""),"",IF(I3>J3,G3,IF(J3>I3,H3,K3))) | P3: =IF(OR(I3="",J3=""),"",G3&" "&I3&" - "&J3&" "&H3&IF(K3<>""," (rigori: "&K3&")",""))
A4: M03 | B4: Group | C4: B | D4: 1 | E4: 3 (S) | F4: 14:15 | G4: Totani | H4: Vecchie Glorie Rovigo | L4: =IF(OR(I4="",J4=""),"Pending",IF(I4=J4,IF(K4="","Needs penalty winner","Complete"),"Complete")) -> Pending | M4: =IF(OR(I4="",J4=""),"",IF(I4>J4,Settings!$B$2,IF(I4<J4,Settings!$B$5,IF(K4=G4,Settings!$B$3,IF(K4=H4,Settings!$B$4,""))))) | N4: =IF(OR(I4="",J4=""),"",IF(J4>I4,Settings!$B$2,IF(J4<I4,Settings!$B$5,IF(K4=H4,Settings!$B$3,IF(K4=G4,Settings!$B$4,""))))) | O4: =IF(OR(I4="",J4=""),"",IF(I4>J4,G4,IF(J4>I4,H4,K4))) | P4: =IF(OR(I4="",J4=""),"",G4&" "&I4&" - "&J4&" "&H4&IF(K4<>""," (rigori: "&K4&")",""))
A5: M04 | B5: Group | C5: C | D5: 1 | E5: 1 | F5: 14:45 | G5: Leoni di Ricky | H5: Pink 5ive | L5: =IF(OR(I5="",J5=""),"Pending",IF(I5=J5,IF(K5="","Needs penalty winner","Complete"),"Complete")) -> Pending | M5: =IF(OR(I5="",J5=""),"",IF(I5>J5,Settings!$B$2,IF(I5<J5,Settings!$B$5,IF(K5=G5,Settings!$B$3,IF(K5=H5,Settings!$B$4,""))))) | N5: =IF(OR(I5="",J5=""),"",IF(J5>I5,Settings!$B$2,IF(J5<I5,Settings!$B$5,IF(K5=H5,Settings!$B$3,IF(K5=G5,Settings!$B$4,""))))) | O5: =IF(OR(I5="",J5=""),"",IF(I5>J5,G5,IF(J5>I5,H5,K5))) | P5: =IF(OR(I5="",J5=""),"",G5&" "&I5&" - "&J5&" "&H5&IF(K5<>""," (rigori: "&K5&")",""))
A6: M05 | B6: Group | C6: C | D6: 1 | E6: 2 | F6: 14:45 | G6: Barrio Boys | H6: Cani | L6: =IF(OR(I6="",J6=""),"Pending",IF(I6=J6,IF(K6="","Needs penalty winner","Complete"),"Complete")) -> Pending | M6: =IF(OR(I6="",J6=""),"",IF(I6>J6,Settings!$B$2,IF(I6<J6,Settings!$B$5,IF(K6=G6,Settings!$B$3,IF(K6=H6,Settings!$B$4,""))))) | N6: =IF(OR(I6="",J6=""),"",IF(J6>I6,Settings!$B$2,IF(J6<I6,Settings!$B$5,IF(K6=H6,Settings!$B$3,IF(K6=G6,Settings!$B$4,""))))) | O6: =IF(OR(I6="",J6=""),"",IF(I6>J6,G6,IF(J6>I6,H6,K6))) | P6: =IF(OR(I6="",J6=""),"",G6&" "&I6&" - "&J6&" "&H6&IF(K6<>""," (rigori: "&K6&")",""))
A7: M06 | B7: Group | C7: B | D7: 1 | E7: 3 (S) | F7: 14:45 | G7: AS Bancatore | H7: Beverton | L7: =IF(OR(I7="",J7=""),"Pending",IF(I7=J7,IF(K7="","Needs penalty winner","Complete"),"Complete")) -> Pending | M7: =IF(OR(I7="",J7=""),"",IF(I7>J7,Settings!$B$2,IF(I7<J7,Settings!$B$5,IF(K7=G7,Settings!$B$3,IF(K7=H7,Settings!$B$4,""))))) | N7: =IF(OR(I7="",J7=""),"",IF(J7>I7,Settings!$B$2,IF(J7<I7,Settings!$B$5,IF(K7=H7,Settings!$B$3,IF(K7=G7,Settings!$B$4,""))))) | O7: =IF(OR(I7="",J7=""),"",IF(I7>J7,G7,IF(J7>I7,H7,K7))) | P7: =IF(OR(I7="",J7=""),"",G7&" "&I7&" - "&J7&" "&H7&IF(K7<>""," (rigori: "&K7&")",""))
A8: M07 | B8: Group | C8: A | D8: 1 | E8: 1 | F8: 15:15 | G8: Fatine FC | H8: FC Internazionale Rovigo | L8: =IF(OR(I8="",J8=""),"Pending",IF(I8=J8,IF(K8="","Needs penalty winner","Complete"),"Complete")) -> Pending | M8: =IF(OR(I8="",J8=""),"",IF(I8>J8,Settings!$B$2,IF(I8<J8,Settings!$B$5,IF(K8=G8,Settings!$B$3,IF(K8=H8,Settings!$B$4,""))))) | N8: =IF(OR(I8="",J8=""),"",IF(J8>I8,Settings!$B$2,IF(J8<I8,Settings!$B$5,IF(K8=H8,Settings!$B$3,IF(K8=G8,Settings!$B$4,""))))) | O8: =IF(OR(I8="",J8=""),"",IF(I8>J8,G8,IF(J8>I8,H8,K8))) | P8: =IF(OR(I8="",J8=""),"",G8&" "&I8&" - "&J8&" "&H8&IF(K8<>""," (rigori: "&K8&")",""))
A9: M08 | B9: Group | C9: A | D9: 1 | E9: 2 | F9: 15:15 | G9: Moviola Utd | H9: Astolfi Impianti Elettrici | L9: =IF(OR(I9="",J9=""),"Pending",IF(I9=J9,IF(K9="","Needs penalty winner","Complete"),"Complete")) -> Pending | M9: =IF(OR(I9="",J9=""),"",IF(I9>J9,Settings!$B$2,IF(I9<J9,Settings!$B$5,IF(K9=G9,Settings!$B$3,IF(K9=H9,Settings!$B$4,""))))) | N9: =IF(OR(I9="",J9=""),"",IF(J9>I9,Settings!$B$2,IF(J9<I9,Settings!$B$5,IF(K9=H9,Settings!$B$3,IF(K9=G9,Settings!$B$4,""))))) | O9: =IF(OR(I9="",J9=""),"",IF(I9>J9,G9,IF(J9>I9,H9,K9))) | P9: =IF(OR(I9="",J9=""),"",G9&" "&I9&" - "&J9&" "&H9&IF(K9<>""," (rigori: "&K9&")",""))
A10: M09 | B10: Group | C10: D | D10: 2 | E10: 3 (S) | F10: 15:15 | G10: All Blacks | H10: Coca Juniors | L10: =IF(OR(I10="",J10=""),"Pending",IF(I10=J10,IF(K10="","Needs penalty winner","Complete"),"Complete")) -> Pending | M10: =IF(OR(I10="",J10=""),"",IF(I10>J10,Settings!$B$2,IF(I10<J10,Settings!$B$5,IF(K10=G10,Settings!$B$3,IF(K10=H10,Settings!$B$4,""))))) | N10: =IF(OR(I10="",J10=""),"",IF(J10>I10,Settings!$B$2,IF(J10<I10,Settings!$B$5,IF(K10=H10,Settings!$B$3,IF(K10=G10,Settings!$B$4,""))))) | O10: =IF(OR(I10="",J10=""),"",IF(I10>J10,G10,IF(J10>I10,H10,K10))) | P10: =IF(OR(I10="",J10=""),"",G10&" "&I10&" - "&J10&" "&H10&IF(K10<>""," (rigori: "&K10&")",""))
A11: M10 | B11: Group | C11: B | D11: 2 | E11: 1 | F11: 15:45 | G11: Totani | H11: AS Bancatore | L11: =IF(OR(I11="",J11=""),"Pending",IF(I11=J11,IF(K11="","Needs penalty winner","Complete"),"Complete")) -> Pending | M11: =IF(OR(I11="",J11=""),"",IF(I11>J11,Settings!$B$2,IF(I11<J11,Settings!$B$5,IF(K11=G11,Settings!$B$3,IF(K11=H11,Settings!$B$4,""))))) | N11: =IF(OR(I11="",J11=""),"",IF(J11>I11,Settings!$B$2,IF(J11<I11,Settings!$B$5,IF(K11=H11,Settings!$B$3,IF(K11=G11,Settings!$B$4,""))))) | O11: =IF(OR(I11="",J11=""),"",IF(I11>J11,G11,IF(J11>I11,H11,K11))) | P11: =IF(OR(I11="",J11=""),"",G11&" "&I11&" - "&J11&" "&H11&IF(K11<>""," (rigori: "&K11&")",""))
A12: M11 | B12: Group | C12: B | D12: 2 | E12: 2 | F12: 15:45 | G12: Vecchie Glorie Rovigo | H12: Beverton | L12: =IF(OR(I12="",J12=""),"Pending",IF(I12=J12,IF(K12="","Needs penalty winner","Complete"),"Complete")) -> Pending | M12: =IF(OR(I12="",J12=""),"",IF(I12>J12,Settings!$B$2,IF(I12<J12,Settings!$B$5,IF(K12=G12,Settings!$B$3,IF(K12=H12,Settings!$B$4,""))))) | N12: =IF(OR(I12="",J12=""),"",IF(J12>I12,Settings!$B$2,IF(J12<I12,Settings!$B$5,IF(K12=H12,Settings!$B$3,IF(K12=G12,Settings!$B$4,""))))) | O12: =IF(OR(I12="",J12=""),"",IF(I12>J12,G12,IF(J12>I12,H12,K12))) | P12: =IF(OR(I12="",J12=""),"",G12&" "&I12&" - "&J12&" "&H12&IF(K12<>""," (rigori: "&K12&")",""))
A13: M12 | B13: Group | C13: D | D13: 2 | E13: 3 (S) | F13: 15:45 | G13: Boldò Glimt | H13: Piadineria la Salsiccia | L13: =IF(OR(I13="",J13=""),"Pending",IF(I13=J13,IF(K13="","Needs penalty winner","Complete"),"Complete")) -> Pending | M13: =IF(OR(I13="",J13=""),"",IF(I13>J13,Settings!$B$2,IF(I13<J13,Settings!$B$5,IF(K13=G13,Settings!$B$3,IF(K13=H13,Settings!$B$4,""))))) | N13: =IF(OR(I13="",J13=""),"",IF(J13>I13,Settings!$B$2,IF(J13<I13,Settings!$B$5,IF(K13=H13,Settings!$B$3,IF(K13=G13,Settings!$B$4,""))))) | O13: =IF(OR(I13="",J13=""),"",IF(I13>J13,G13,IF(J13>I13,H13,K13))) | P13: =IF(OR(I13="",J13=""),"",G13&" "&I13&" - "&J13&" "&H13&IF(K13<>""," (rigori: "&K13&")",""))
A14: M13 | B14: Group | C14: C | D14: 2 | E14: 1 | F14: 16:30 | G14: Leoni di Ricky | H14: Barrio Boys | L14: =IF(OR(I14="",J14=""),"Pending",IF(I14=J14,IF(K14="","Needs penalty winner","Complete"),"Complete")) -> Pending | M14: =IF(OR(I14="",J14=""),"",IF(I14>J14,Settings!$B$2,IF(I14<J14,Settings!$B$5,IF(K14=G14,Settings!$B$3,IF(K14=H14,Settings!$B$4,""))))) | N14: =IF(OR(I14="",J14=""),"",IF(J14>I14,Settings!$B$2,IF(J14<I14,Settings!$B$5,IF(K14=H14,Settings!$B$3,IF(K14=G14,Settings!$B$4,""))))) | O14: =IF(OR(I14="",J14=""),"",IF(I14>J14,G14,IF(J14>I14,H14,K14))) | P14: =IF(OR(I14="",J14=""),"",G14&" "&I14&" - "&J14&" "&H14&IF(K14<>""," (rigori: "&K14&")",""))
... A25: M24 | B25: Group | C25: C | D25: 3 | E25: 3 (S) | F25: 18:00 | G25: Pink 5ive | H25: Barrio Boys | L25: =IF(OR(I25="",J25=""),"Pending",IF(I25=J25,IF(K25="","Needs penalty winner","Complete"),"Complete")) -> Pending | M25: =IF(OR(I25="",J25=""),"",IF(I25>J25,Settings!$B$2,IF(I25<J25,Settings!$B$5,IF(K25=G25,Settings!$B$3,IF(K25=H25,Settings!$B$4,""))))) | N25: =IF(OR(I25="",J25=""),"",IF(J25>I25,Settings!$B$2,IF(J25<I25,Settings!$B$5,IF(K25=H25,Settings!$B$3,IF(K25=G25,Settings!$B$4,""))))) | O25: =IF(OR(I25="",J25=""),"",IF(I25>J25,G25,IF(J25>I25,H25,K25))) | P25: =IF(OR(I25="",J25=""),"",G25&" "&I25&" - "&J25&" "&H25&IF(K25<>""," (rigori: "&K25&")",""))

Sheet Goals
A1: MatchID | B1: GoalForTeam | C1: GoalSlot | D1: GoalType | E1: Player | F1: ScorerTeam | G1: Status | H1: PlayerListRange | I1: MatchRow | J1: Slot | K1: Note
A2: =IF(OR(INDEX(Matches!$I$2:$I$25,I2-1)="",INDEX(Matches!$J$2:$J$25,I2-1)=""),"",IF(J2<=INDEX(Matches!$I$2:$I$25,I2-1)+INDEX(Matches!$J$2:$J$25,I2-1),INDEX(Matches!$A$2:$A$25,I2-1),"")) -> M01 | B2: =IF(A2="","",IF(J2<=INDEX(Matches!$I$2:$I$25,I2-1),INDEX(Matches!$G$2:$G$25,I2-1),INDEX(Matches!$H$2:$H$25,I2-1))) -> All Blacks | C2: =IF(A2="","",COUNTIFS($A$2:A2,A2,$B$2:B2,B2)) -> 1 | D2: Goal | E2: 4 - STEFANO BRAGHIN | F2: =IF(A2="","",IF(D2="Autogol","",IF(D2="Goal",B2,""))) -> All Blacks | G2: =IF(A2="","",IF(D2="","Manca tipo",IF(D2="Goal",IF(E2="","Manca giocatore","OK"),IF(D2="Autogol",IF(E2<>"","Autogol: svuota Player","OK"),"Tipo non valido")))) -> OK | H2: =IF(F2="","",VLOOKUP(F2,Validation!$A$2:$B$17,2,FALSE)) -> Validation!$O$2:$O$12 | I2: =INT((ROW()-2)/Settings!$B$6)+2 -> 2 | J2: =MOD(ROW()-2,Settings!$B$6)+1 -> 1 | K2: Autogol: lasciare Player vuoto; non viene conteggiato nella classifica marcatori.
A3: =IF(OR(INDEX(Matches!$I$2:$I$25,I3-1)="",INDEX(Matches!$J$2:$J$25,I3-1)=""),"",IF(J3<=INDEX(Matches!$I$2:$I$25,I3-1)+INDEX(Matches!$J$2:$J$25,I3-1),INDEX(Matches!$A$2:$A$25,I3-1),"")) | B3: =IF(A3="","",IF(J3<=INDEX(Matches!$I$2:$I$25,I3-1),INDEX(Matches!$G$2:$G$25,I3-1),INDEX(Matches!$H$2:$H$25,I3-1))) | C3: =IF(A3="","",COUNTIFS($A$2:A3,A3,$B$2:B3,B3)) | F3: =IF(A3="","",IF(D3="Autogol","",IF(D3="Goal",B3,""))) | G3: =IF(A3="","",IF(D3="","Manca tipo",IF(D3="Goal",IF(E3="","Manca giocatore","OK"),IF(D3="Autogol",IF(E3<>"","Autogol: svuota Player","OK"),"Tipo non valido")))) | H3: =IF(F3="","",VLOOKUP(F3,Validation!$A$2:$B$17,2,FALSE)) | I3: =INT((ROW()-2)/Settings!$B$6)+2 -> 2 | J3: =MOD(ROW()-2,Settings!$B$6)+1 -> 2
A4: =IF(OR(INDEX(Matches!$I$2:$I$25,I4-1)="",INDEX(Matches!$J$2:$J$25,I4-1)=""),"",IF(J4<=INDEX(Matches!$I$2:$I$25,I4-1)+INDEX(Matches!$J$2:$J$25,I4-1),INDEX(Matches!$A$2:$A$25,I4-1),"")) | B4: =IF(A4="","",IF(J4<=INDEX(Matches!$I$2:$I$25,I4-1),INDEX(Matches!$G$2:$G$25,I4-1),INDEX(Matches!$H$2:$H$25,I4-1))) | C4: =IF(A4="","",COUNTIFS($A$2:A4,A4,$B$2:B4,B4)) | F4: =IF(A4="","",IF(D4="Autogol","",IF(D4="Goal",B4,""))) | G4: =IF(A4="","",IF(D4="","Manca tipo",IF(D4="Goal",IF(E4="","Manca giocatore","OK"),IF(D4="Autogol",IF(E4<>"","Autogol: svuota Player","OK"),"Tipo non valido")))) | H4: =IF(F4="","",VLOOKUP(F4,Validation!$A$2:$B$17,2,FALSE)) | I4: =INT((ROW()-2)/Settings!$B$6)+2 -> 2 | J4: =MOD(ROW()-2,Settings!$B$6)+1 -> 3
A5: =IF(OR(INDEX(Matches!$I$2:$I$25,I5-1)="",INDEX(Matches!$J$2:$J$25,I5-1)=""),"",IF(J5<=INDEX(Matches!$I$2:$I$25,I5-1)+INDEX(Matches!$J$2:$J$25,I5-1),INDEX(Matches!$A$2:$A$25,I5-1),"")) | B5: =IF(A5="","",IF(J5<=INDEX(Matches!$I$2:$I$25,I5-1),INDEX(Matches!$G$2:$G$25,I5-1),INDEX(Matches!$H$2:$H$25,I5-1))) | C5: =IF(A5="","",COUNTIFS($A$2:A5,A5,$B$2:B5,B5)) | F5: =IF(A5="","",IF(D5="Autogol","",IF(D5="Goal",B5,""))) | G5: =IF(A5="","",IF(D5="","Manca tipo",IF(D5="Goal",IF(E5="","Manca giocatore","OK"),IF(D5="Autogol",IF(E5<>"","Autogol: svuota Player","OK"),"Tipo non valido")))) | H5: =IF(F5="","",VLOOKUP(F5,Validation!$A$2:$B$17,2,FALSE)) | I5: =INT((ROW()-2)/Settings!$B$6)+2 -> 2 | J5: =MOD(ROW()-2,Settings!$B$6)+1 -> 4
A6: =IF(OR(INDEX(Matches!$I$2:$I$25,I6-1)="",INDEX(Matches!$J$2:$J$25,I6-1)=""),"",IF(J6<=INDEX(Matches!$I$2:$I$25,I6-1)+INDEX(Matches!$J$2:$J$25,I6-1),INDEX(Matches!$A$2:$A$25,I6-1),"")) | B6: =IF(A6="","",IF(J6<=INDEX(Matches!$I$2:$I$25,I6-1),INDEX(Matches!$G$2:$G$25,I6-1),INDEX(Matches!$H$2:$H$25,I6-1))) | C6: =IF(A6="","",COUNTIFS($A$2:A6,A6,$B$2:B6,B6)) | F6: =IF(A6="","",IF(D6="Autogol","",IF(D6="Goal",B6,""))) | G6: =IF(A6="","",IF(D6="","Manca tipo",IF(D6="Goal",IF(E6="","Manca giocatore","OK"),IF(D6="Autogol",IF(E6<>"","Autogol: svuota Player","OK"),"Tipo non valido")))) | H6: =IF(F6="","",VLOOKUP(F6,Validation!$A$2:$B$17,2,FALSE)) | I6: =INT((ROW()-2)/Settings!$B$6)+2 -> 2 | J6: =MOD(ROW()-2,Settings!$B$6)+1 -> 5
A7: =IF(OR(INDEX(Matches!$I$2:$I$25,I7-1)="",INDEX(Matches!$J$2:$J$25,I7-1)=""),"",IF(J7<=INDEX(Matches!$I$2:$I$25,I7-1)+INDEX(Matches!$J$2:$J$25,I7-1),INDEX(Matches!$A$2:$A$25,I7-1),"")) | B7: =IF(A7="","",IF(J7<=INDEX(Matches!$I$2:$I$25,I7-1),INDEX(Matches!$G$2:$G$25,I7-1),INDEX(Matches!$H$2:$H$25,I7-1))) | C7: =IF(A7="","",COUNTIFS($A$2:A7,A7,$B$2:B7,B7)) | F7: =IF(A7="","",IF(D7="Autogol","",IF(D7="Goal",B7,""))) | G7: =IF(A7="","",IF(D7="","Manca tipo",IF(D7="Goal",IF(E7="","Manca giocatore","OK"),IF(D7="Autogol",IF(E7<>"","Autogol: svuota Player","OK"),"Tipo non valido")))) | H7: =IF(F7="","",VLOOKUP(F7,Validation!$A$2:$B$17,2,FALSE)) | I7: =INT((ROW()-2)/Settings!$B$6)+2 -> 2 | J7: =MOD(ROW()-2,Settings!$B$6)+1 -> 6
A8: =IF(OR(INDEX(Matches!$I$2:$I$25,I8-1)="",INDEX(Matches!$J$2:$J$25,I8-1)=""),"",IF(J8<=INDEX(Matches!$I$2:$I$25,I8-1)+INDEX(Matches!$J$2:$J$25,I8-1),INDEX(Matches!$A$2:$A$25,I8-1),"")) | B8: =IF(A8="","",IF(J8<=INDEX(Matches!$I$2:$I$25,I8-1),INDEX(Matches!$G$2:$G$25,I8-1),INDEX(Matches!$H$2:$H$25,I8-1))) | C8: =IF(A8="","",COUNTIFS($A$2:A8,A8,$B$2:B8,B8)) | F8: =IF(A8="","",IF(D8="Autogol","",IF(D8="Goal",B8,""))) | G8: =IF(A8="","",IF(D8="","Manca tipo",IF(D8="Goal",IF(E8="","Manca giocatore","OK"),IF(D8="Autogol",IF(E8<>"","Autogol: svuota Player","OK"),"Tipo non valido")))) | H8: =IF(F8="","",VLOOKUP(F8,Validation!$A$2:$B$17,2,FALSE)) | I8: =INT((ROW()-2)/Settings!$B$6)+2 -> 2 | J8: =MOD(ROW()-2,Settings!$B$6)+1 -> 7
A9: =IF(OR(INDEX(Matches!$I$2:$I$25,I9-1)="",INDEX(Matches!$J$2:$J$25,I9-1)=""),"",IF(J9<=INDEX(Matches!$I$2:$I$25,I9-1)+INDEX(Matches!$J$2:$J$25,I9-1),INDEX(Matches!$A$2:$A$25,I9-1),"")) | B9: =IF(A9="","",IF(J9<=INDEX(Matches!$I$2:$I$25,I9-1),INDEX(Matches!$G$2:$G$25,I9-1),INDEX(Matches!$H$2:$H$25,I9-1))) | C9: =IF(A9="","",COUNTIFS($A$2:A9,A9,$B$2:B9,B9)) | F9: =IF(A9="","",IF(D9="Autogol","",IF(D9="Goal",B9,""))) | G9: =IF(A9="","",IF(D9="","Manca tipo",IF(D9="Goal",IF(E9="","Manca giocatore","OK"),IF(D9="Autogol",IF(E9<>"","Autogol: svuota Player","OK"),"Tipo non valido")))) | H9: =IF(F9="","",VLOOKUP(F9,Validation!$A$2:$B$17,2,FALSE)) | I9: =INT((ROW()-2)/Settings!$B$6)+2 -> 2 | J9: =MOD(ROW()-2,Settings!$B$6)+1 -> 8
A10: =IF(OR(INDEX(Matches!$I$2:$I$25,I10-1)="",INDEX(Matches!$J$2:$J$25,I10-1)=""),"",IF(J10<=INDEX(Matches!$I$2:$I$25,I10-1)+INDEX(Matches!$J$2:$J$25,I10-1),INDEX(Matches!$A$2:$A$25,I10-1),"")) | B10: =IF(A10="","",IF(J10<=INDEX(Matches!$I$2:$I$25,I10-1),INDEX(Matches!$G$2:$G$25,I10-1),INDEX(Matches!$H$2:$H$25,I10-1))) | C10: =IF(A10="","",COUNTIFS($A$2:A10,A10,$B$2:B10,B10)) | F10: =IF(A10="","",IF(D10="Autogol","",IF(D10="Goal",B10,""))) | G10: =IF(A10="","",IF(D10="","Manca tipo",IF(D10="Goal",IF(E10="","Manca giocatore","OK"),IF(D10="Autogol",IF(E10<>"","Autogol: svuota Player","OK"),"Tipo non valido")))) | H10: =IF(F10="","",VLOOKUP(F10,Validation!$A$2:$B$17,2,FALSE)) | I10: =INT((ROW()-2)/Settings!$B$6)+2 -> 2 | J10: =MOD(ROW()-2,Settings!$B$6)+1 -> 9
A11: =IF(OR(INDEX(Matches!$I$2:$I$25,I11-1)="",INDEX(Matches!$J$2:$J$25,I11-1)=""),"",IF(J11<=INDEX(Matches!$I$2:$I$25,I11-1)+INDEX(Matches!$J$2:$J$25,I11-1),INDEX(Matches!$A$2:$A$25,I11-1),"")) | B11: =IF(A11="","",IF(J11<=INDEX(Matches!$I$2:$I$25,I11-1),INDEX(Matches!$G$2:$G$25,I11-1),INDEX(Matches!$H$2:$H$25,I11-1))) | C11: =IF(A11="","",COUNTIFS($A$2:A11,A11,$B$2:B11,B11)) | F11: =IF(A11="","",IF(D11="Autogol","",IF(D11="Goal",B11,""))) | G11: =IF(A11="","",IF(D11="","Manca tipo",IF(D11="Goal",IF(E11="","Manca giocatore","OK"),IF(D11="Autogol",IF(E11<>"","Autogol: svuota Player","OK"),"Tipo non valido")))) | H11: =IF(F11="","",VLOOKUP(F11,Validation!$A$2:$B$17,2,FALSE)) | I11: =INT((ROW()-2)/Settings!$B$6)+2 -> 2 | J11: =MOD(ROW()-2,Settings!$B$6)+1 -> 10
A12: =IF(OR(INDEX(Matches!$I$2:$I$25,I12-1)="",INDEX(Matches!$J$2:$J$25,I12-1)=""),"",IF(J12<=INDEX(Matches!$I$2:$I$25,I12-1)+INDEX(Matches!$J$2:$J$25,I12-1),INDEX(Matches!$A$2:$A$25,I12-1),"")) | B12: =IF(A12="","",IF(J12<=INDEX(Matches!$I$2:$I$25,I12-1),INDEX(Matches!$G$2:$G$25,I12-1),INDEX(Matches!$H$2:$H$25,I12-1))) | C12: =IF(A12="","",COUNTIFS($A$2:A12,A12,$B$2:B12,B12)) | F12: =IF(A12="","",IF(D12="Autogol","",IF(D12="Goal",B12,""))) | G12: =IF(A12="","",IF(D12="","Manca tipo",IF(D12="Goal",IF(E12="","Manca giocatore","OK"),IF(D12="Autogol",IF(E12<>"","Autogol: svuota Player","OK"),"Tipo non valido")))) | H12: =IF(F12="","",VLOOKUP(F12,Validation!$A$2:$B$17,2,FALSE)) | I12: =INT((ROW()-2)/Settings!$B$6)+2 -> 2 | J12: =MOD(ROW()-2,Settings!$B$6)+1 -> 11
A13: =IF(OR(INDEX(Matches!$I$2:$I$25,I13-1)="",INDEX(Matches!$J$2:$J$25,I13-1)=""),"",IF(J13<=INDEX(Matches!$I$2:$I$25,I13-1)+INDEX(Matches!$J$2:$J$25,I13-1),INDEX(Matches!$A$2:$A$25,I13-1),"")) | B13: =IF(A13="","",IF(J13<=INDEX(Matches!$I$2:$I$25,I13-1),INDEX(Matches!$G$2:$G$25,I13-1),INDEX(Matches!$H$2:$H$25,I13-1))) | C13: =IF(A13="","",COUNTIFS($A$2:A13,A13,$B$2:B13,B13)) | F13: =IF(A13="","",IF(D13="Autogol","",IF(D13="Goal",B13,""))) | G13: =IF(A13="","",IF(D13="","Manca tipo",IF(D13="Goal",IF(E13="","Manca giocatore","OK"),IF(D13="Autogol",IF(E13<>"","Autogol: svuota Player","OK"),"Tipo non valido")))) | H13: =IF(F13="","",VLOOKUP(F13,Validation!$A$2:$B$17,2,FALSE)) | I13: =INT((ROW()-2)/Settings!$B$6)+2 -> 2 | J13: =MOD(ROW()-2,Settings!$B$6)+1 -> 12
A14: =IF(OR(INDEX(Matches!$I$2:$I$25,I14-1)="",INDEX(Matches!$J$2:$J$25,I14-1)=""),"",IF(J14<=INDEX(Matches!$I$2:$I$25,I14-1)+INDEX(Matches!$J$2:$J$25,I14-1),INDEX(Matches!$A$2:$A$25,I14-1),"")) | B14: =IF(A14="","",IF(J14<=INDEX(Matches!$I$2:$I$25,I14-1),INDEX(Matches!$G$2:$G$25,I14-1),INDEX(Matches!$H$2:$H$25,I14-1))) | C14: =IF(A14="","",COUNTIFS($A$2:A14,A14,$B$2:B14,B14)) | F14: =IF(A14="","",IF(D14="Autogol","",IF(D14="Goal",B14,""))) | G14: =IF(A14="","",IF(D14="","Manca tipo",IF(D14="Goal",IF(E14="","Manca giocatore","OK"),IF(D14="Autogol",IF(E14<>"","Autogol: svuota Player","OK"),"Tipo non valido")))) | H14: =IF(F14="","",VLOOKUP(F14,Validation!$A$2:$B$17,2,FALSE)) | I14: =INT((ROW()-2)/Settings!$B$6)+2 -> 3 | J14: =MOD(ROW()-2,Settings!$B$6)+1 -> 1
... A19: =IF(OR(INDEX(Matches!$I$2:$I$25,I19-1)="",INDEX(Matches!$J$2:$J$25,I19-1)=""),"",IF(J19<=INDEX(Matches!$I$2:$I$25,I19-1)+INDEX(Matches!$J$2:$J$25,I19-1),INDEX(Matches!$A$2:$A$25,I19-1),"")) | B19: =IF(A19="","",IF(J19<=INDEX(Matches!$I$2:$I$25,I19-1),INDEX(Matches!$G$2:$G$25,I19-1),INDEX(Matches!$H$2:$H$25,I19-1))) | C19: =IF(A19="","",COUNTIFS($A$2:A19,A19,$B$2:B19,B19)) | F19: =IF(A19="","",IF(D19="Autogol","",IF(D19="Goal",B19,""))) | G19: =IF(A19="","",IF(D19="","Manca tipo",IF(D19="Goal",IF(E19="","Manca giocatore","OK"),IF(D19="Autogol",IF(E19<>"","Autogol: svuota Player","OK"),"Tipo non valido")))) | H19: =IF(F19="","",VLOOKUP(F19,Validation!$A$2:$B$17,2,FALSE)) | I19: =INT((ROW()-2)/Settings!$B$6)+2 -> 3 | J19: =MOD(ROW()-2,Settings!$B$6)+1 -> 6
A20: =IF(OR(INDEX(Matches!$I$2:$I$25,I20-1)="",INDEX(Matches!$J$2:$J$25,I20-1)=""),"",IF(J20<=INDEX(Matches!$I$2:$I$25,I20-1)+INDEX(Matches!$J$2:$J$25,I20-1),INDEX(Matches!$A$2:$A$25,I20-1),"")) | B20: =IF(A20="","",IF(J20<=INDEX(Matches!$I$2:$I$25,I20-1),INDEX(Matches!$G$2:$G$25,I20-1),INDEX(Matches!$H$2:$H$25,I20-1))) | C20: =IF(A20="","",COUNTIFS($A$2:A20,A20,$B$2:B20,B20)) | D20: =IF(A20="","","Goal") | F20: =IF(A20="","",IF(D20="Autogol","",IF(D20="Goal",B20,""))) | G20: =IF(A20="","",IF(D20="","Manca tipo",IF(D20="Goal",IF(E20="","Manca giocatore","OK"),IF(D20="Autogol",IF(E20<>"","Autogol: svuota Player","OK"),"Tipo non valido")))) | H20: =IF(F20="","",VLOOKUP(F20,Validation!$A$2:$B$17,2,FALSE)) | I20: =INT((ROW()-2)/Settings!$B$6)+2 -> 3 | J20: =MOD(ROW()-2,Settings!$B$6)+1 -> 7
A21: =IF(OR(INDEX(Matches!$I$2:$I$25,I21-1)="",INDEX(Matches!$J$2:$J$25,I21-1)=""),"",IF(J21<=INDEX(Matches!$I$2:$I$25,I21-1)+INDEX(Matches!$J$2:$J$25,I21-1),INDEX(Matches!$A$2:$A$25,I21-1),"")) | B21: =IF(A21="","",IF(J21<=INDEX(Matches!$I$2:$I$25,I21-1),INDEX(Matches!$G$2:$G$25,I21-1),INDEX(Matches!$H$2:$H$25,I21-1))) | C21: =IF(A21="","",COUNTIFS($A$2:A21,A21,$B$2:B21,B21)) | D21: =IF(A21="","","Goal") | F21: =IF(A21="","",IF(D21="Autogol","",IF(D21="Goal",B21,""))) | G21: =IF(A21="","",IF(D21="","Manca tipo",IF(D21="Goal",IF(E21="","Manca giocatore","OK"),IF(D21="Autogol",IF(E21<>"","Autogol: svuota Player","OK"),"Tipo non valido")))) | H21: =IF(F21="","",VLOOKUP(F21,Validation!$A$2:$B$17,2,FALSE)) | I21: =INT((ROW()-2)/Settings!$B$6)+2 -> 3 | J21: =MOD(ROW()-2,Settings!$B$6)+1 -> 8
A22: =IF(OR(INDEX(Matches!$I$2:$I$25,I22-1)="",INDEX(Matches!$J$2:$J$25,I22-1)=""),"",IF(J22<=INDEX(Matches!$I$2:$I$25,I22-1)+INDEX(Matches!$J$2:$J$25,I22-1),INDEX(Matches!$A$2:$A$25,I22-1),"")) | B22: =IF(A22="","",IF(J22<=INDEX(Matches!$I$2:$I$25,I22-1),INDEX(Matches!$G$2:$G$25,I22-1),INDEX(Matches!$H$2:$H$25,I22-1))) | C22: =IF(A22="","",COUNTIFS($A$2:A22,A22,$B$2:B22,B22)) | D22: =IF(A22="","","Goal") | F22: =IF(A22="","",IF(D22="Autogol","",IF(D22="Goal",B22,""))) | G22: =IF(A22="","",IF(D22="","Manca tipo",IF(D22="Goal",IF(E22="","Manca giocatore","OK"),IF(D22="Autogol",IF(E22<>"","Autogol: svuota Player","OK"),"Tipo non valido")))) | H22: =IF(F22="","",VLOOKUP(F22,Validation!$A$2:$B$17,2,FALSE)) | I22: =INT((ROW()-2)/Settings!$B$6)+2 -> 3 | J22: =MOD(ROW()-2,Settings!$B$6)+1 -> 9
A23: =IF(OR(INDEX(Matches!$I$2:$I$25,I23-1)="",INDEX(Matches!$J$2:$J$25,I23-1)=""),"",IF(J23<=INDEX(Matches!$I$2:$I$25,I23-1)+INDEX(Matches!$J$2:$J$25,I23-1),INDEX(Matches!$A$2:$A$25,I23-1),"")) | B23: =IF(A23="","",IF(J23<=INDEX(Matches!$I$2:$I$25,I23-1),INDEX(Matches!$G$2:$G$25,I23-1),INDEX(Matches!$H$2:$H$25,I23-1))) | C23: =IF(A23="","",COUNTIFS($A$2:A23,A23,$B$2:B23,B23)) | D23: =IF(A23="","","Goal") | F23: =IF(A23="","",IF(D23="Autogol","",IF(D23="Goal",B23,""))) | G23: =IF(A23="","",IF(D23="","Manca tipo",IF(D23="Goal",IF(E23="","Manca giocatore","OK"),IF(D23="Autogol",IF(E23<>"","Autogol: svuota Player","OK"),"Tipo non valido")))) | H23: =IF(F23="","",VLOOKUP(F23,Validation!$A$2:$B$17,2,FALSE)) | I23: =INT((ROW()-2)/Settings!$B$6)+2 -> 3 | J23: =MOD(ROW()-2,Settings!$B$6)+1 -> 10
A24: =IF(OR(INDEX(Matches!$I$2:$I$25,I24-1)="",INDEX(Matches!$J$2:$J$25,I24-1)=""),"",IF(J24<=INDEX(Matches!$I$2:$I$25,I24-1)+INDEX(Matches!$J$2:$J$25,I24-1),INDEX(Matches!$A$2:$A$25,I24-1),"")) | B24: =IF(A24="","",IF(J24<=INDEX(Matches!$I$2:$I$25,I24-1),INDEX(Matches!$G$2:$G$25,I24-1),INDEX(Matches!$H$2:$H$25,I24-1))) | C24: =IF(A24="","",COUNTIFS($A$2:A24,A24,$B$2:B24,B24)) | D24: =IF(A24="","","Goal") | F24: =IF(A24="","",IF(D24="Autogol","",IF(D24="Goal",B24,""))) | G24: =IF(A24="","",IF(D24="","Manca tipo",IF(D24="Goal",IF(E24="","Manca giocatore","OK"),IF(D24="Autogol",IF(E24<>"","Autogol: svuota Player","OK"),"Tipo non valido")))) | H24: =IF(F24="","",VLOOKUP(F24,Validation!$A$2:$B$17,2,FALSE)) | I24: =INT((ROW()-2)/Settings!$B$6)+2 -> 3 | J24: =MOD(ROW()-2,Settings!$B$6)+1 -> 11
A25: =IF(OR(INDEX(Matches!$I$2:$I$25,I25-1)="",INDEX(Matches!$J$2:$J$25,I25-1)=""),"",IF(J25<=INDEX(Matches!$I$2:$I$25,I25-1)+INDEX(Matches!$J$2:$J$25,I25-1),INDEX(Matches!$A$2:$A$25,I25-1),"")) | B25: =IF(A25="","",IF(J25<=INDEX(Matches!$I$2:$I$25,I25-1),INDEX(Matches!$G$2:$G$25,I25-1),INDEX(Matches!$H$2:$H$25,I25-1))) | C25: =IF(A25="","",COUNTIFS($A$2:A25,A25,$B$2:B25,B25)) | D25: =IF(A25="","","Goal") | F25: =IF(A25="","",IF(D25="Autogol","",IF(D25="Goal",B25,""))) | G25: =IF(A25="","",IF(D25="","Manca tipo",IF(D25="Goal",IF(E25="","Manca giocatore","OK"),IF(D25="Autogol",IF(E25<>"","Autogol: svuota Player","OK"),"Tipo non valido")))) | H25: =IF(F25="","",VLOOKUP(F25,Validation!$A$2:$B$17,2,FALSE)) | I25: =INT((ROW()-2)/Settings!$B$6)+2 -> 3 | J25: =MOD(ROW()-2,Settings!$B$6)+1 -> 12
A26: =IF(OR(INDEX(Matches!$I$2:$I$25,I26-1)="",INDEX(Matches!$J$2:$J$25,I26-1)=""),"",IF(J26<=INDEX(Matches!$I$2:$I$25,I26-1)+INDEX(Matches!$J$2:$J$25,I26-1),INDEX(Matches!$A$2:$A$25,I26-1),"")) | B26: =IF(A26="","",IF(J26<=INDEX(Matches!$I$2:$I$25,I26-1),INDEX(Matches!$G$2:$G$25,I26-1),INDEX(Matches!$H$2:$H$25,I26-1))) | C26: =IF(A26="","",COUNTIFS($A$2:A26,A26,$B$2:B26,B26)) | F26: =IF(A26="","",IF(D26="Autogol","",IF(D26="Goal",B26,""))) | G26: =IF(A26="","",IF(D26="","Manca tipo",IF(D26="Goal",IF(E26="","Manca giocatore","OK"),IF(D26="Autogol",IF(E26<>"","Autogol: svuota Player","OK"),"Tipo non valido")))) | H26: =IF(F26="","",VLOOKUP(F26,Validation!$A$2:$B$17,2,FALSE)) | I26: =INT((ROW()-2)/Settings!$B$6)+2 -> 4 | J26: =MOD(ROW()-2,Settings!$B$6)+1 -> 1
A27: =IF(OR(INDEX(Matches!$I$2:$I$25,I27-1)="",INDEX(Matches!$J$2:$J$25,I27-1)=""),"",IF(J27<=INDEX(Matches!$I$2:$I$25,I27-1)+INDEX(Matches!$J$2:$J$25,I27-1),INDEX(Matches!$A$2:$A$25,I27-1),"")) | B27: =IF(A27="","",IF(J27<=INDEX(Matches!$I$2:$I$25,I27-1),INDEX(Matches!$G$2:$G$25,I27-1),INDEX(Matches!$H$2:$H$25,I27-1))) | C27: =IF(A27="","",COUNTIFS($A$2:A27,A27,$B$2:B27,B27)) | D27: =IF(A27="","","Goal") | F27: =IF(A27="","",IF(D27="Autogol","",IF(D27="Goal",B27,""))) | G27: =IF(A27="","",IF(D27="","Manca tipo",IF(D27="Goal",IF(E27="","Manca giocatore","OK"),IF(D27="Autogol",IF(E27<>"","Autogol: svuota Player","OK"),"Tipo non valido")))) | H27: =IF(F27="","",VLOOKUP(F27,Validation!$A$2:$B$17,2,FALSE)) | I27: =INT((ROW()-2)/Settings!$B$6)+2 -> 4 | J27: =MOD(ROW()-2,Settings!$B$6)+1 -> 2
A28: =IF(OR(INDEX(Matches!$I$2:$I$25,I28-1)="",INDEX(Matches!$J$2:$J$25,I28-1)=""),"",IF(J28<=INDEX(Matches!$I$2:$I$25,I28-1)+INDEX(Matches!$J$2:$J$25,I28-1),INDEX(Matches!$A$2:$A$25,I28-1),"")) | B28: =IF(A28="","",IF(J28<=INDEX(Matches!$I$2:$I$25,I28-1),INDEX(Matches!$G$2:$G$25,I28-1),INDEX(Matches!$H$2:$H$25,I28-1))) | C28: =IF(A28="","",COUNTIFS($A$2:A28,A28,$B$2:B28,B28)) | D28: =IF(A28="","","Goal") | F28: =IF(A28="","",IF(D28="Autogol","",IF(D28="Goal",B28,""))) | G28: =IF(A28="","",IF(D28="","Manca tipo",IF(D28="Goal",IF(E28="","Manca giocatore","OK"),IF(D28="Autogol",IF(E28<>"","Autogol: svuota Player","OK"),"Tipo non valido")))) | H28: =IF(F28="","",VLOOKUP(F28,Validation!$A$2:$B$17,2,FALSE)) | I28: =INT((ROW()-2)/Settings!$B$6)+2 -> 4 | J28: =MOD(ROW()-2,Settings!$B$6)+1 -> 3
A29: =IF(OR(INDEX(Matches!$I$2:$I$25,I29-1)="",INDEX(Matches!$J$2:$J$25,I29-1)=""),"",IF(J29<=INDEX(Matches!$I$2:$I$25,I29-1)+INDEX(Matches!$J$2:$J$25,I29-1),INDEX(Matches!$A$2:$A$25,I29-1),"")) | B29: =IF(A29="","",IF(J29<=INDEX(Matches!$I$2:$I$25,I29-1),INDEX(Matches!$G$2:$G$25,I29-1),INDEX(Matches!$H$2:$H$25,I29-1))) | C29: =IF(A29="","",COUNTIFS($A$2:A29,A29,$B$2:B29,B29)) | D29: =IF(A29="","","Goal") | F29: =IF(A29="","",IF(D29="Autogol","",IF(D29="Goal",B29,""))) | G29: =IF(A29="","",IF(D29="","Manca tipo",IF(D29="Goal",IF(E29="","Manca giocatore","OK"),IF(D29="Autogol",IF(E29<>"","Autogol: svuota Player","OK"),"Tipo non valido")))) | H29: =IF(F29="","",VLOOKUP(F29,Validation!$A$2:$B$17,2,FALSE)) | I29: =INT((ROW()-2)/Settings!$B$6)+2 -> 4 | J29: =MOD(ROW()-2,Settings!$B$6)+1 -> 4
A30: =IF(OR(INDEX(Matches!$I$2:$I$25,I30-1)="",INDEX(Matches!$J$2:$J$25,I30-1)=""),"",IF(J30<=INDEX(Matches!$I$2:$I$25,I30-1)+INDEX(Matches!$J$2:$J$25,I30-1),INDEX(Matches!$A$2:$A$25,I30-1),"")) | B30: =IF(A30="","",IF(J30<=INDEX(Matches!$I$2:$I$25,I30-1),INDEX(Matches!$G$2:$G$25,I30-1),INDEX(Matches!$H$2:$H$25,I30-1))) | C30: =IF(A30="","",COUNTIFS($A$2:A30,A30,$B$2:B30,B30)) | D30: =IF(A30="","","Goal") | F30: =IF(A30="","",IF(D30="Autogol","",IF(D30="Goal",B30,""))) | G30: =IF(A30="","",IF(D30="","Manca tipo",IF(D30="Goal",IF(E30="","Manca giocatore","OK"),IF(D30="Autogol",IF(E30<>"","Autogol: svuota Player","OK"),"Tipo non valido")))) | H30: =IF(F30="","",VLOOKUP(F30,Validation!$A$2:$B$17,2,FALSE)) | I30: =INT((ROW()-2)/Settings!$B$6)+2 -> 4 | J30: =MOD(ROW()-2,Settings!$B$6)+1 -> 5
A31: =IF(OR(INDEX(Matches!$I$2:$I$25,I31-1)="",INDEX(Matches!$J$2:$J$25,I31-1)=""),"",IF(J31<=INDEX(Matches!$I$2:$I$25,I31-1)+INDEX(Matches!$J$2:$J$25,I31-1),INDEX(Matches!$A$2:$A$25,I31-1),"")) | B31: =IF(A31="","",IF(J31<=INDEX(Matches!$I$2:$I$25,I31-1),INDEX(Matches!$G$2:$G$25,I31-1),INDEX(Matches!$H$2:$H$25,I31-1))) | C31: =IF(A31="","",COUNTIFS($A$2:A31,A31,$B$2:B31,B31)) | D31: =IF(A31="","","Goal") | F31: =IF(A31="","",IF(D31="Autogol","",IF(D31="Goal",B31,""))) | G31: =IF(A31="","",IF(D31="","Manca tipo",IF(D31="Goal",IF(E31="","Manca giocatore","OK"),IF(D31="Autogol",IF(E31<>"","Autogol: svuota Player","OK"),"Tipo non valido")))) | H31: =IF(F31="","",VLOOKUP(F31,Validation!$A$2:$B$17,2,FALSE)) | I31: =INT((ROW()-2)/Settings!$B$6)+2 -> 4 | J31: =MOD(ROW()-2,Settings!$B$6)+1 -> 6
A32: =IF(OR(INDEX(Matches!$I$2:$I$25,I32-1)="",INDEX(Matches!$J$2:$J$25,I32-1)=""),"",IF(J32<=INDEX(Matches!$I$2:$I$25,I32-1)+INDEX(Matches!$J$2:$J$25,I32-1),INDEX(Matches!$A$2:$A$25,I32-1),"")) | B32: =IF(A32="","",IF(J32<=INDEX(Matches!$I$2:$I$25,I32-1),INDEX(Matches!$G$2:$G$25,I32-1),INDEX(Matches!$H$2:$H$25,I32-1))) | C32: =IF(A32="","",COUNTIFS($A$2:A32,A32,$B$2:B32,B32)) | D32: =IF(A32="","","Goal") | F32: =IF(A32="","",IF(D32="Autogol","",IF(D32="Goal",B32,""))) | G32: =IF(A32="","",IF(D32="","Manca tipo",IF(D32="Goal",IF(E32="","Manca giocatore","OK"),IF(D32="Autogol",IF(E32<>"","Autogol: svuota Player","OK"),"Tipo non valido")))) | H32: =IF(F32="","",VLOOKUP(F32,Validation!$A$2:$B$17,2,FALSE)) | I32: =INT((ROW()-2)/Settings!$B$6)+2 -> 4 | J32: =MOD(ROW()-2,Settings!$B$6)+1 -> 7
A33: =IF(OR(INDEX(Matches!$I$2:$I$25,I33-1)="",INDEX(Matches!$J$2:$J$25,I33-1)=""),"",IF(J33<=INDEX(Matches!$I$2:$I$25,I33-1)+INDEX(Matches!$J$2:$J$25,I33-1),INDEX(Matches!$A$2:$A$25,I33-1),"")) | B33: =IF(A33="","",IF(J33<=INDEX(Matches!$I$2:$I$25,I33-1),INDEX(Matches!$G$2:$G$25,I33-1),INDEX(Matches!$H$2:$H$25,I33-1))) | C33: =IF(A33="","",COUNTIFS($A$2:A33,A33,$B$2:B33,B33)) | D33: =IF(A33="","","Goal") | F33: =IF(A33="","",IF(D33="Autogol","",IF(D33="Goal",B33,""))) | G33: =IF(A33="","",IF(D33="","Manca tipo",IF(D33="Goal",IF(E33="","Manca giocatore","OK"),IF(D33="Autogol",IF(E33<>"","Autogol: svuota Player","OK"),"Tipo non valido")))) | H33: =IF(F33="","",VLOOKUP(F33,Validation!$A$2:$B$17,2,FALSE)) | I33: =INT((ROW()-2)/Settings!$B$6)+2 -> 4 | J33: =MOD(ROW()-2,Settings!$B$6)+1 -> 8
A34: =IF(OR(INDEX(Matches!$I$2:$I$25,I34-1)="",INDEX(Matches!$J$2:$J$25,I34-1)=""),"",IF(J34<=INDEX(Matches!$I$2:$I$25,I34-1)+INDEX(Matches!$J$2:$J$25,I34-1),INDEX(Matches!$A$2:$A$25,I34-1),"")) | B34: =IF(A34="","",IF(J34<=INDEX(Matches!$I$2:$I$25,I34-1),INDEX(Matches!$G$2:$G$25,I34-1),INDEX(Matches!$H$2:$H$25,I34-1))) | C34: =IF(A34="","",COUNTIFS($A$2:A34,A34,$B$2:B34,B34)) | D34: =IF(A34="","","Goal") | F34: =IF(A34="","",IF(D34="Autogol","",IF(D34="Goal",B34,""))) | G34: =IF(A34="","",IF(D34="","Manca tipo",IF(D34="Goal",IF(E34="","Manca giocatore","OK"),IF(D34="Autogol",IF(E34<>"","Autogol: svuota Player","OK"),"Tipo non valido")))) | H34: =IF(F34="","",VLOOKUP(F34,Validation!$A$2:$B$17,2,FALSE)) | I34: =INT((ROW()-2)/Settings!$B$6)+2 -> 4 | J34: =MOD(ROW()-2,Settings!$B$6)+1 -> 9
A35: =IF(OR(INDEX(Matches!$I$2:$I$25,I35-1)="",INDEX(Matches!$J$2:$J$25,I35-1)=""),"",IF(J35<=INDEX(Matches!$I$2:$I$25,I35-1)+INDEX(Matches!$J$2:$J$25,I35-1),INDEX(Matches!$A$2:$A$25,I35-1),"")) | B35: =IF(A35="","",IF(J35<=INDEX(Matches!$I$2:$I$25,I35-1),INDEX(Matches!$G$2:$G$25,I35-1),INDEX(Matches!$H$2:$H$25,I35-1))) | C35: =IF(A35="","",COUNTIFS($A$2:A35,A35,$B$2:B35,B35)) | D35: =IF(A35="","","Goal") | F35: =IF(A35="","",IF(D35="Autogol","",IF(D35="Goal",B35,""))) | G35: =IF(A35="","",IF(D35="","Manca tipo",IF(D35="Goal",IF(E35="","Manca giocatore","OK"),IF(D35="Autogol",IF(E35<>"","Autogol: svuota Player","OK"),"Tipo non valido")))) | H35: =IF(F35="","",VLOOKUP(F35,Validation!$A$2:$B$17,2,FALSE)) | I35: =INT((ROW()-2)/Settings!$B$6)+2 -> 4 | J35: =MOD(ROW()-2,Settings!$B$6)+1 -> 10
A36: =IF(OR(INDEX(Matches!$I$2:$I$25,I36-1)="",INDEX(Matches!$J$2:$J$25,I36-1)=""),"",IF(J36<=INDEX(Matches!$I$2:$I$25,I36-1)+INDEX(Matches!$J$2:$J$25,I36-1),INDEX(Matches!$A$2:$A$25,I36-1),"")) | B36: =IF(A36="","",IF(J36<=INDEX(Matches!$I$2:$I$25,I36-1),INDEX(Matches!$G$2:$G$25,I36-1),INDEX(Matches!$H$2:$H$25,I36-1))) | C36: =IF(A36="","",COUNTIFS($A$2:A36,A36,$B$2:B36,B36)) | D36: =IF(A36="","","Goal") | F36: =IF(A36="","",IF(D36="Autogol","",IF(D36="Goal",B36,""))) | G36: =IF(A36="","",IF(D36="","Manca tipo",IF(D36="Goal",IF(E36="","Manca giocatore","OK"),IF(D36="Autogol",IF(E36<>"","Autogol: svuota Player","OK"),"Tipo non valido")))) | H36: =IF(F36="","",VLOOKUP(F36,Validation!$A$2:$B$17,2,FALSE)) | I36: =INT((ROW()-2)/Settings!$B$6)+2 -> 4 | J36: =MOD(ROW()-2,Settings!$B$6)+1 -> 11
A37: =IF(OR(INDEX(Matches!$I$2:$I$25,I37-1)="",INDEX(Matches!$J$2:$J$25,I37-1)=""),"",IF(J37<=INDEX(Matches!$I$2:$I$25,I37-1)+INDEX(Matches!$J$2:$J$25,I37-1),INDEX(Matches!$A$2:$A$25,I37-1),"")) | B37: =IF(A37="","",IF(J37<=INDEX(Matches!$I$2:$I$25,I37-1),INDEX(Matches!$G$2:$G$25,I37-1),INDEX(Matches!$H$2:$H$25,I37-1))) | C37: =IF(A37="","",COUNTIFS($A$2:A37,A37,$B$2:B37,B37)) | D37: =IF(A37="","","Goal") | F37: =IF(A37="","",IF(D37="Autogol","",IF(D37="Goal",B37,""))) | G37: =IF(A37="","",IF(D37="","Manca tipo",IF(D37="Goal",IF(E37="","Manca giocatore","OK"),IF(D37="Autogol",IF(E37<>"","Autogol: svuota Player","OK"),"Tipo non valido")))) | H37: =IF(F37="","",VLOOKUP(F37,Validation!$A$2:$B$17,2,FALSE)) | I37: =INT((ROW()-2)/Settings!$B$6)+2 -> 4 | J37: =MOD(ROW()-2,Settings!$B$6)+1 -> 12
A38: =IF(OR(INDEX(Matches!$I$2:$I$25,I38-1)="",INDEX(Matches!$J$2:$J$25,I38-1)=""),"",IF(J38<=INDEX(Matches!$I$2:$I$25,I38-1)+INDEX(Matches!$J$2:$J$25,I38-1),INDEX(Matches!$A$2:$A$25,I38-1),"")) | B38: =IF(A38="","",IF(J38<=INDEX(Matches!$I$2:$I$25,I38-1),INDEX(Matches!$G$2:$G$25,I38-1),INDEX(Matches!$H$2:$H$25,I38-1))) | C38: =IF(A38="","",COUNTIFS($A$2:A38,A38,$B$2:B38,B38)) | D38: =IF(A38="","","Goal") | F38: =IF(A38="","",IF(D38="Autogol","",IF(D38="Goal",B38,""))) | G38: =IF(A38="","",IF(D38="","Manca tipo",IF(D38="Goal",IF(E38="","Manca giocatore","OK"),IF(D38="Autogol",IF(E38<>"","Autogol: svuota Player","OK"),"Tipo non valido")))) | H38: =IF(F38="","",VLOOKUP(F38,Validation!$A$2:$B$17,2,FALSE)) | I38: =INT((ROW()-2)/Settings!$B$6)+2 -> 5 | J38: =MOD(ROW()-2,Settings!$B$6)+1 -> 1
... A361: =IF(OR(INDEX(Matches!$I$2:$I$25,I361-1)="",INDEX(Matches!$J$2:$J$25,I361-1)=""),"",IF(J361<=INDEX(Matches!$I$2:$I$25,I361-1)+INDEX(Matches!$J$2:$J$25,I361-1),INDEX(Matches!$A$2:$A$25,I361-1),"")) -> #REF! | B361: =IF(A361="","",IF(J361<=INDEX(Matches!$I$2:$I$25,I361-1),INDEX(Matches!$G$2:$G$25,I361-1),INDEX(Matches!$H$2:$H$25,I361-1))) -> #REF! | C361: =IF(A361="","",COUNTIFS($A$2:A361,A361,$B$2:B361,B361)) -> #REF! | D361: =IF(A361="","","Goal") -> #REF! | F361: =IF(A361="","",IF(D361="Autogol","",IF(D361="Goal",B361,""))) -> #REF! | G361: =IF(A361="","",IF(D361="","Manca tipo",IF(D361="Goal",IF(E361="","Manca giocatore","OK"),IF(D361="Autogol",IF(E361<>"","Autogol: svuota Player","OK"),"Tipo non valido")))) -> #REF! | H361: =IF(F361="","",VLOOKUP(F361,Validation!$A$2:$B$17,2,FALSE)) -> #REF! | I361: =INT((ROW()-2)/Settings!$B$6)+2 -> 31 | J361: =MOD(ROW()-2,Settings!$B$6)+1 -> 12

Sheet ScorerData
A1: Player | B1: Team | C1: DisplayName | D1: Goals | E1: SortKey
A2: PIETRO SEGATO | B2: Fatine FC | C2: 1 - PIETRO SEGATO | D2: =COUNTIFS(Goals!$D$2:$D$361,"Goal",Goals!$E$2:$E$361,C2,Goals!$F$2:$F$361,B2) -> 0 | E2: =D2*100000-ROW()/1000 -> -0.002
A3: GIOVANNI BALLO | B3: Fatine FC | C3: 4 - GIOVANNI BALLO | D3: =COUNTIFS(Goals!$D$2:$D$361,"Goal",Goals!$E$2:$E$361,C3,Goals!$F$2:$F$361,B3) -> 0 | E3: =D3*100000-ROW()/1000 -> -0.003
A4: DANIELE MARZOLLA | B4: Fatine FC | C4: 5 - DANIELE MARZOLLA | D4: =COUNTIFS(Goals!$D$2:$D$361,"Goal",Goals!$E$2:$E$361,C4,Goals!$F$2:$F$361,B4) -> 0 | E4: =D4*100000-ROW()/1000 -> -0.004
A5: NICHOLAS MILAN | B5: Fatine FC | C5: 7 - NICHOLAS MILAN | D5: =COUNTIFS(Goals!$D$2:$D$361,"Goal",Goals!$E$2:$E$361,C5,Goals!$F$2:$F$361,B5) -> 0 | E5: =D5*100000-ROW()/1000 -> -0.005
A6: ALESSIO MILAN | B6: Fatine FC | C6: 8 - ALESSIO MILAN | D6: =COUNTIFS(Goals!$D$2:$D$361,"Goal",Goals!$E$2:$E$361,C6,Goals!$F$2:$F$361,B6) -> 0 | E6: =D6*100000-ROW()/1000 -> -0.006
A7: LUCA MARINI | B7: Fatine FC | C7: 10 - LUCA MARINI | D7: =COUNTIFS(Goals!$D$2:$D$361,"Goal",Goals!$E$2:$E$361,C7,Goals!$F$2:$F$361,B7) -> 0 | E7: =D7*100000-ROW()/1000 -> -0.007
A8: DAVIDE GHIRARDI | B8: Fatine FC | C8: 11 - DAVIDE GHIRARDI | D8: =COUNTIFS(Goals!$D$2:$D$361,"Goal",Goals!$E$2:$E$361,C8,Goals!$F$2:$F$361,B8) -> 0 | E8: =D8*100000-ROW()/1000 -> -0.008
A9: NICOLA MARINI | B9: Fatine FC | C9: 23 - NICOLA MARINI (C) | D9: =COUNTIFS(Goals!$D$2:$D$361,"Goal",Goals!$E$2:$E$361,C9,Goals!$F$2:$F$361,B9) -> 0 | E9: =D9*100000-ROW()/1000 -> -0.009
A10: LUCA ROSSETTO | B10: Fatine FC | C10: 69 - LUCA ROSSETTO | D10: =COUNTIFS(Goals!$D$2:$D$361,"Goal",Goals!$E$2:$E$361,C10,Goals!$F$2:$F$361,B10) -> 0 | E10: =D10*100000-ROW()/1000 -> -0.01
A11: MANUEL MEDEA | B11: Fatine FC | C11: 90 - MANUEL MEDEA | D11: =COUNTIFS(Goals!$D$2:$D$361,"Goal",Goals!$E$2:$E$361,C11,Goals!$F$2:$F$361,B11) -> 0 | E11: =D11*100000-ROW()/1000 -> -0.011
A12: BOGDAN ATAMANYUK | B12: FC Internazionale Rovigo | C12: BOGDAN ATAMANYUK | D12: =COUNTIFS(Goals!$D$2:$D$361,"Goal",Goals!$E$2:$E$361,C12,Goals!$F$2:$F$361,B12) -> 0 | E12: =D12*100000-ROW()/1000 -> -0.012
A13: IVAN DENIS SHEVERAK | B13: FC Internazionale Rovigo | C13: IVAN DENIS SHEVERAK | D13: =COUNTIFS(Goals!$D$2:$D$361,"Goal",Goals!$E$2:$E$361,C13,Goals!$F$2:$F$361,B13) -> 0 | E13: =D13*100000-ROW()/1000 -> -0.013
... A158: ALEX BERGO | B158: Piadineria la Salsiccia | C158: 11 - ALEX BERGO | D158: =COUNTIFS(Goals!$D$2:$D$361,"Goal",Goals!$E$2:$E$361,C158,Goals!$F$2:$F$361,B158) -> 0 | E158: =D158*100000-ROW()/1000 -> -0.158

Sheet TopScorers
A1: Pos | B1: Player | C1: Team | D1: Goals
A2: =IFERROR(IF(INDEX(ScorerData!$D$2:$D$158,MATCH(LARGE(ScorerData!$E$2:$E$158,1),ScorerData!$E$2:$E$158,0))>0,1,""),"") -> 1 | B2: =IF($A2="","",INDEX(ScorerData!$A$2:$A$158,MATCH(LARGE(ScorerData!$E$2:$E$158,$A2),ScorerData!$E$2:$E$158,0))) -> STEFANO BRAGHIN | C2: =IF($A2="","",INDEX(ScorerData!$B$2:$B$158,MATCH(LARGE(ScorerData!$E$2:$E$158,$A2),ScorerData!$E$2:$E$158,0))) -> All Blacks | D2: =IF($A2="","",INDEX(ScorerData!$D$2:$D$158,MATCH(LARGE(ScorerData!$E$2:$E$158,$A2),ScorerData!$E$2:$E$158,0))) -> 1
A3: =IFERROR(IF(INDEX(ScorerData!$D$2:$D$158,MATCH(LARGE(ScorerData!$E$2:$E$158,2),ScorerData!$E$2:$E$158,0))>0,2,""),"") | B3: =IF($A3="","",INDEX(ScorerData!$A$2:$A$158,MATCH(LARGE(ScorerData!$E$2:$E$158,$A3),ScorerData!$E$2:$E$158,0))) | C3: =IF($A3="","",INDEX(ScorerData!$B$2:$B$158,MATCH(LARGE(ScorerData!$E$2:$E$158,$A3),ScorerData!$E$2:$E$158,0))) | D3: =IF($A3="","",INDEX(ScorerData!$D$2:$D$158,MATCH(LARGE(ScorerData!$E$2:$E$158,$A3),ScorerData!$E$2:$E$158,0)))
A4: =IFERROR(IF(INDEX(ScorerData!$D$2:$D$158,MATCH(LARGE(ScorerData!$E$2:$E$158,3),ScorerData!$E$2:$E$158,0))>0,3,""),"") | B4: =IF($A4="","",INDEX(ScorerData!$A$2:$A$158,MATCH(LARGE(ScorerData!$E$2:$E$158,$A4),ScorerData!$E$2:$E$158,0))) | C4: =IF($A4="","",INDEX(ScorerData!$B$2:$B$158,MATCH(LARGE(ScorerData!$E$2:$E$158,$A4),ScorerData!$E$2:$E$158,0))) | D4: =IF($A4="","",INDEX(ScorerData!$D$2:$D$158,MATCH(LARGE(ScorerData!$E$2:$E$158,$A4),ScorerData!$E$2:$E$158,0)))
A5: =IFERROR(IF(INDEX(ScorerData!$D$2:$D$158,MATCH(LARGE(ScorerData!$E$2:$E$158,4),ScorerData!$E$2:$E$158,0))>0,4,""),"") | B5: =IF($A5="","",INDEX(ScorerData!$A$2:$A$158,MATCH(LARGE(ScorerData!$E$2:$E$158,$A5),ScorerData!$E$2:$E$158,0))) | C5: =IF($A5="","",INDEX(ScorerData!$B$2:$B$158,MATCH(LARGE(ScorerData!$E$2:$E$158,$A5),ScorerData!$E$2:$E$158,0))) | D5: =IF($A5="","",INDEX(ScorerData!$D$2:$D$158,MATCH(LARGE(ScorerData!$E$2:$E$158,$A5),ScorerData!$E$2:$E$158,0)))
A6: =IFERROR(IF(INDEX(ScorerData!$D$2:$D$158,MATCH(LARGE(ScorerData!$E$2:$E$158,5),ScorerData!$E$2:$E$158,0))>0,5,""),"") | B6: =IF($A6="","",INDEX(ScorerData!$A$2:$A$158,MATCH(LARGE(ScorerData!$E$2:$E$158,$A6),ScorerData!$E$2:$E$158,0))) | C6: =IF($A6="","",INDEX(ScorerData!$B$2:$B$158,MATCH(LARGE(ScorerData!$E$2:$E$158,$A6),ScorerData!$E$2:$E$158,0))) | D6: =IF($A6="","",INDEX(ScorerData!$D$2:$D$158,MATCH(LARGE(ScorerData!$E$2:$E$158,$A6),ScorerData!$E$2:$E$158,0)))
A7: =IFERROR(IF(INDEX(ScorerData!$D$2:$D$158,MATCH(LARGE(ScorerData!$E$2:$E$158,6),ScorerData!$E$2:$E$158,0))>0,6,""),"") | B7: =IF($A7="","",INDEX(ScorerData!$A$2:$A$158,MATCH(LARGE(ScorerData!$E$2:$E$158,$A7),ScorerData!$E$2:$E$158,0))) | C7: =IF($A7="","",INDEX(ScorerData!$B$2:$B$158,MATCH(LARGE(ScorerData!$E$2:$E$158,$A7),ScorerData!$E$2:$E$158,0))) | D7: =IF($A7="","",INDEX(ScorerData!$D$2:$D$158,MATCH(LARGE(ScorerData!$E$2:$E$158,$A7),ScorerData!$E$2:$E$158,0)))
A8: =IFERROR(IF(INDEX(ScorerData!$D$2:$D$158,MATCH(LARGE(ScorerData!$E$2:$E$158,7),ScorerData!$E$2:$E$158,0))>0,7,""),"") | B8: =IF($A8="","",INDEX(ScorerData!$A$2:$A$158,MATCH(LARGE(ScorerData!$E$2:$E$158,$A8),ScorerData!$E$2:$E$158,0))) | C8: =IF($A8="","",INDEX(ScorerData!$B$2:$B$158,MATCH(LARGE(ScorerData!$E$2:$E$158,$A8),ScorerData!$E$2:$E$158,0))) | D8: =IF($A8="","",INDEX(ScorerData!$D$2:$D$158,MATCH(LARGE(ScorerData!$E$2:$E$158,$A8),ScorerData!$E$2:$E$158,0)))
A9: =IFERROR(IF(INDEX(ScorerData!$D$2:$D$158,MATCH(LARGE(ScorerData!$E$2:$E$158,8),ScorerData!$E$2:$E$158,0))>0,8,""),"") | B9: =IF($A9="","",INDEX(ScorerData!$A$2:$A$158,MATCH(LARGE(ScorerData!$E$2:$E$158,$A9),ScorerData!$E$2:$E$158,0))) | C9: =IF($A9="","",INDEX(ScorerData!$B$2:$B$158,MATCH(LARGE(ScorerData!$E$2:$E$158,$A9),ScorerData!$E$2:$E$158,0))) | D9: =IF($A9="","",INDEX(ScorerData!$D$2:$D$158,MATCH(LARGE(ScorerData!$E$2:$E$158,$A9),ScorerData!$E$2:$E$158,0)))
A10: =IFERROR(IF(INDEX(ScorerData!$D$2:$D$158,MATCH(LARGE(ScorerData!$E$2:$E$158,9),ScorerData!$E$2:$E$158,0))>0,9,""),"") | B10: =IF($A10="","",INDEX(ScorerData!$A$2:$A$158,MATCH(LARGE(ScorerData!$E$2:$E$158,$A10),ScorerData!$E$2:$E$158,0))) | C10: =IF($A10="","",INDEX(ScorerData!$B$2:$B$158,MATCH(LARGE(ScorerData!$E$2:$E$158,$A10),ScorerData!$E$2:$E$158,0))) | D10: =IF($A10="","",INDEX(ScorerData!$D$2:$D$158,MATCH(LARGE(ScorerData!$E$2:$E$158,$A10),ScorerData!$E$2:$E$158,0)))
A11: =IFERROR(IF(INDEX(ScorerData!$D$2:$D$158,MATCH(LARGE(ScorerData!$E$2:$E$158,10),ScorerData!$E$2:$E$158,0))>0,10,""),"") | B11: =IF($A11="","",INDEX(ScorerData!$A$2:$A$158,MATCH(LARGE(ScorerData!$E$2:$E$158,$A11),ScorerData!$E$2:$E$158,0))) | C11: =IF($A11="","",INDEX(ScorerData!$B$2:$B$158,MATCH(LARGE(ScorerData!$E$2:$E$158,$A11),ScorerData!$E$2:$E$158,0))) | D11: =IF($A11="","",INDEX(ScorerData!$D$2:$D$158,MATCH(LARGE(ScorerData!$E$2:$E$158,$A11),ScorerData!$E$2:$E$158,0)))
A12: =IFERROR(IF(INDEX(ScorerData!$D$2:$D$158,MATCH(LARGE(ScorerData!$E$2:$E$158,11),ScorerData!$E$2:$E$158,0))>0,11,""),"") | B12: =IF($A12="","",INDEX(ScorerData!$A$2:$A$158,MATCH(LARGE(ScorerData!$E$2:$E$158,$A12),ScorerData!$E$2:$E$158,0))) | C12: =IF($A12="","",INDEX(ScorerData!$B$2:$B$158,MATCH(LARGE(ScorerData!$E$2:$E$158,$A12),ScorerData!$E$2:$E$158,0))) | D12: =IF($A12="","",INDEX(ScorerData!$D$2:$D$158,MATCH(LARGE(ScorerData!$E$2:$E$158,$A12),ScorerData!$E$2:$E$158,0)))
A13: =IFERROR(IF(INDEX(ScorerData!$D$2:$D$158,MATCH(LARGE(ScorerData!$E$2:$E$158,12),ScorerData!$E$2:$E$158,0))>0,12,""),"") | B13: =IF($A13="","",INDEX(ScorerData!$A$2:$A$158,MATCH(LARGE(ScorerData!$E$2:$E$158,$A13),ScorerData!$E$2:$E$158,0))) | C13: =IF($A13="","",INDEX(ScorerData!$B$2:$B$158,MATCH(LARGE(ScorerData!$E$2:$E$158,$A13),ScorerData!$E$2:$E$158,0))) | D13: =IF($A13="","",INDEX(ScorerData!$D$2:$D$158,MATCH(LARGE(ScorerData!$E$2:$E$158,$A13),ScorerData!$E$2:$E$158,0)))
A14: =IFERROR(IF(INDEX(ScorerData!$D$2:$D$158,MATCH(LARGE(ScorerData!$E$2:$E$158,13),ScorerData!$E$2:$E$158,0))>0,13,""),"") | B14: =IF($A14="","",INDEX(ScorerData!$A$2:$A$158,MATCH(LARGE(ScorerData!$E$2:$E$158,$A14),ScorerData!$E$2:$E$158,0))) | C14: =IF($A14="","",INDEX(ScorerData!$B$2:$B$158,MATCH(LARGE(ScorerData!$E$2:$E$158,$A14),ScorerData!$E$2:$E$158,0))) | D14: =IF($A14="","",INDEX(ScorerData!$D$2:$D$158,MATCH(LARGE(ScorerData!$E$2:$E$158,$A14),ScorerData!$E$2:$E$158,0)))
A15: =IFERROR(IF(INDEX(ScorerData!$D$2:$D$158,MATCH(LARGE(ScorerData!$E$2:$E$158,14),ScorerData!$E$2:$E$158,0))>0,14,""),"") | B15: =IF($A15="","",INDEX(ScorerData!$A$2:$A$158,MATCH(LARGE(ScorerData!$E$2:$E$158,$A15),ScorerData!$E$2:$E$158,0))) | C15: =IF($A15="","",INDEX(ScorerData!$B$2:$B$158,MATCH(LARGE(ScorerData!$E$2:$E$158,$A15),ScorerData!$E$2:$E$158,0))) | D15: =IF($A15="","",INDEX(ScorerData!$D$2:$D$158,MATCH(LARGE(ScorerData!$E$2:$E$158,$A15),ScorerData!$E$2:$E$158,0)))
A16: =IFERROR(IF(INDEX(ScorerData!$D$2:$D$158,MATCH(LARGE(ScorerData!$E$2:$E$158,15),ScorerData!$E$2:$E$158,0))>0,15,""),"") | B16: =IF($A16="","",INDEX(ScorerData!$A$2:$A$158,MATCH(LARGE(ScorerData!$E$2:$E$158,$A16),ScorerData!$E$2:$E$158,0))) | C16: =IF($A16="","",INDEX(ScorerData!$B$2:$B$158,MATCH(LARGE(ScorerData!$E$2:$E$158,$A16),ScorerData!$E$2:$E$158,0))) | D16: =IF($A16="","",INDEX(ScorerData!$D$2:$D$158,MATCH(LARGE(ScorerData!$E$2:$E$158,$A16),ScorerData!$E$2:$E$158,0)))
A17: =IFERROR(IF(INDEX(ScorerData!$D$2:$D$158,MATCH(LARGE(ScorerData!$E$2:$E$158,16),ScorerData!$E$2:$E$158,0))>0,16,""),"") | B17: =IF($A17="","",INDEX(ScorerData!$A$2:$A$158,MATCH(LARGE(ScorerData!$E$2:$E$158,$A17),ScorerData!$E$2:$E$158,0))) | C17: =IF($A17="","",INDEX(ScorerData!$B$2:$B$158,MATCH(LARGE(ScorerData!$E$2:$E$158,$A17),ScorerData!$E$2:$E$158,0))) | D17: =IF($A17="","",INDEX(ScorerData!$D$2:$D$158,MATCH(LARGE(ScorerData!$E$2:$E$158,$A17),ScorerData!$E$2:$E$158,0)))
A18: =IFERROR(IF(INDEX(ScorerData!$D$2:$D$158,MATCH(LARGE(ScorerData!$E$2:$E$158,17),ScorerData!$E$2:$E$158,0))>0,17,""),"") | B18: =IF($A18="","",INDEX(ScorerData!$A$2:$A$158,MATCH(LARGE(ScorerData!$E$2:$E$158,$A18),ScorerData!$E$2:$E$158,0))) | C18: =IF($A18="","",INDEX(ScorerData!$B$2:$B$158,MATCH(LARGE(ScorerData!$E$2:$E$158,$A18),ScorerData!$E$2:$E$158,0))) | D18: =IF($A18="","",INDEX(ScorerData!$D$2:$D$158,MATCH(LARGE(ScorerData!$E$2:$E$158,$A18),ScorerData!$E$2:$E$158,0)))
A19: =IFERROR(IF(INDEX(ScorerData!$D$2:$D$158,MATCH(LARGE(ScorerData!$E$2:$E$158,18),ScorerData!$E$2:$E$158,0))>0,18,""),"") | B19: =IF($A19="","",INDEX(ScorerData!$A$2:$A$158,MATCH(LARGE(ScorerData!$E$2:$E$158,$A19),ScorerData!$E$2:$E$158,0))) | C19: =IF($A19="","",INDEX(ScorerData!$B$2:$B$158,MATCH(LARGE(ScorerData!$E$2:$E$158,$A19),ScorerData!$E$2:$E$158,0))) | D19: =IF($A19="","",INDEX(ScorerData!$D$2:$D$158,MATCH(LARGE(ScorerData!$E$2:$E$158,$A19),ScorerData!$E$2:$E$158,0)))
A20: =IFERROR(IF(INDEX(ScorerData!$D$2:$D$158,MATCH(LARGE(ScorerData!$E$2:$E$158,19),ScorerData!$E$2:$E$158,0))>0,19,""),"") | B20: =IF($A20="","",INDEX(ScorerData!$A$2:$A$158,MATCH(LARGE(ScorerData!$E$2:$E$158,$A20),ScorerData!$E$2:$E$158,0))) | C20: =IF($A20="","",INDEX(ScorerData!$B$2:$B$158,MATCH(LARGE(ScorerData!$E$2:$E$158,$A20),ScorerData!$E$2:$E$158,0))) | D20: =IF($A20="","",INDEX(ScorerData!$D$2:$D$158,MATCH(LARGE(ScorerData!$E$2:$E$158,$A20),ScorerData!$E$2:$E$158,0)))
A21: =IFERROR(IF(INDEX(ScorerData!$D$2:$D$158,MATCH(LARGE(ScorerData!$E$2:$E$158,20),ScorerData!$E$2:$E$158,0))>0,20,""),"") | B21: =IF($A21="","",INDEX(ScorerData!$A$2:$A$158,MATCH(LARGE(ScorerData!$E$2:$E$158,$A21),ScorerData!$E$2:$E$158,0))) | C21: =IF($A21="","",INDEX(ScorerData!$B$2:$B$158,MATCH(LARGE(ScorerData!$E$2:$E$158,$A21),ScorerData!$E$2:$E$158,0))) | D21: =IF($A21="","",INDEX(ScorerData!$D$2:$D$158,MATCH(LARGE(ScorerData!$E$2:$E$158,$A21),ScorerData!$E$2:$E$158,0)))
A22: =IFERROR(IF(INDEX(ScorerData!$D$2:$D$158,MATCH(LARGE(ScorerData!$E$2:$E$158,21),ScorerData!$E$2:$E$158,0))>0,21,""),"") | B22: =IF($A22="","",INDEX(ScorerData!$A$2:$A$158,MATCH(LARGE(ScorerData!$E$2:$E$158,$A22),ScorerData!$E$2:$E$158,0))) | C22: =IF($A22="","",INDEX(ScorerData!$B$2:$B$158,MATCH(LARGE(ScorerData!$E$2:$E$158,$A22),ScorerData!$E$2:$E$158,0))) | D22: =IF($A22="","",INDEX(ScorerData!$D$2:$D$158,MATCH(LARGE(ScorerData!$E$2:$E$158,$A22),ScorerData!$E$2:$E$158,0)))
A23: =IFERROR(IF(INDEX(ScorerData!$D$2:$D$158,MATCH(LARGE(ScorerData!$E$2:$E$158,22),ScorerData!$E$2:$E$158,0))>0,22,""),"") | B23: =IF($A23="","",INDEX(ScorerData!$A$2:$A$158,MATCH(LARGE(ScorerData!$E$2:$E$158,$A23),ScorerData!$E$2:$E$158,0))) | C23: =IF($A23="","",INDEX(ScorerData!$B$2:$B$158,MATCH(LARGE(ScorerData!$E$2:$E$158,$A23),ScorerData!$E$2:$E$158,0))) | D23: =IF($A23="","",INDEX(ScorerData!$D$2:$D$158,MATCH(LARGE(ScorerData!$E$2:$E$158,$A23),ScorerData!$E$2:$E$158,0)))
A24: =IFERROR(IF(INDEX(ScorerData!$D$2:$D$158,MATCH(LARGE(ScorerData!$E$2:$E$158,23),ScorerData!$E$2:$E$158,0))>0,23,""),"") | B24: =IF($A24="","",INDEX(ScorerData!$A$2:$A$158,MATCH(LARGE(ScorerData!$E$2:$E$158,$A24),ScorerData!$E$2:$E$158,0))) | C24: =IF($A24="","",INDEX(ScorerData!$B$2:$B$158,MATCH(LARGE(ScorerData!$E$2:$E$158,$A24),ScorerData!$E$2:$E$158,0))) | D24: =IF($A24="","",INDEX(ScorerData!$D$2:$D$158,MATCH(LARGE(ScorerData!$E$2:$E$158,$A24),ScorerData!$E$2:$E$158,0)))
A25: =IFERROR(IF(INDEX(ScorerData!$D$2:$D$158,MATCH(LARGE(ScorerData!$E$2:$E$158,24),ScorerData!$E$2:$E$158,0))>0,24,""),"") | B25: =IF($A25="","",INDEX(ScorerData!$A$2:$A$158,MATCH(LARGE(ScorerData!$E$2:$E$158,$A25),ScorerData!$E$2:$E$158,0))) | C25: =IF($A25="","",INDEX(ScorerData!$B$2:$B$158,MATCH(LARGE(ScorerData!$E$2:$E$158,$A25),ScorerData!$E$2:$E$158,0))) | D25: =IF($A25="","",INDEX(ScorerData!$D$2:$D$158,MATCH(LARGE(ScorerData!$E$2:$E$158,$A25),ScorerData!$E$2:$E$158,0)))
A26: =IFERROR(IF(INDEX(ScorerData!$D$2:$D$158,MATCH(LARGE(ScorerData!$E$2:$E$158,25),ScorerData!$E$2:$E$158,0))>0,25,""),"") | B26: =IF($A26="","",INDEX(ScorerData!$A$2:$A$158,MATCH(LARGE(ScorerData!$E$2:$E$158,$A26),ScorerData!$E$2:$E$158,0))) | C26: =IF($A26="","",INDEX(ScorerData!$B$2:$B$158,MATCH(LARGE(ScorerData!$E$2:$E$158,$A26),ScorerData!$E$2:$E$158,0))) | D26: =IF($A26="","",INDEX(ScorerData!$D$2:$D$158,MATCH(LARGE(ScorerData!$E$2:$E$158,$A26),ScorerData!$E$2:$E$158,0)))
A27: =IFERROR(IF(INDEX(ScorerData!$D$2:$D$158,MATCH(LARGE(ScorerData!$E$2:$E$158,26),ScorerData!$E$2:$E$158,0))>0,26,""),"") | B27: =IF($A27="","",INDEX(ScorerData!$A$2:$A$158,MATCH(LARGE(ScorerData!$E$2:$E$158,$A27),ScorerData!$E$2:$E$158,0))) | C27: =IF($A27="","",INDEX(ScorerData!$B$2:$B$158,MATCH(LARGE(ScorerData!$E$2:$E$158,$A27),ScorerData!$E$2:$E$158,0))) | D27: =IF($A27="","",INDEX(ScorerData!$D$2:$D$158,MATCH(LARGE(ScorerData!$E$2:$E$158,$A27),ScorerData!$E$2:$E$158,0)))
A28: =IFERROR(IF(INDEX(ScorerData!$D$2:$D$158,MATCH(LARGE(ScorerData!$E$2:$E$158,27),ScorerData!$E$2:$E$158,0))>0,27,""),"") | B28: =IF($A28="","",INDEX(ScorerData!$A$2:$A$158,MATCH(LARGE(ScorerData!$E$2:$E$158,$A28),ScorerData!$E$2:$E$158,0))) | C28: =IF($A28="","",INDEX(ScorerData!$B$2:$B$158,MATCH(LARGE(ScorerData!$E$2:$E$158,$A28),ScorerData!$E$2:$E$158,0))) | D28: =IF($A28="","",INDEX(ScorerData!$D$2:$D$158,MATCH(LARGE(ScorerData!$E$2:$E$158,$A28),ScorerData!$E$2:$E$158,0)))
A29: =IFERROR(IF(INDEX(ScorerData!$D$2:$D$158,MATCH(LARGE(ScorerData!$E$2:$E$158,28),ScorerData!$E$2:$E$158,0))>0,28,""),"") | B29: =IF($A29="","",INDEX(ScorerData!$A$2:$A$158,MATCH(LARGE(ScorerData!$E$2:$E$158,$A29),ScorerData!$E$2:$E$158,0))) | C29: =IF($A29="","",INDEX(ScorerData!$B$2:$B$158,MATCH(LARGE(ScorerData!$E$2:$E$158,$A29),ScorerData!$E$2:$E$158,0))) | D29: =IF($A29="","",INDEX(ScorerData!$D$2:$D$158,MATCH(LARGE(ScorerData!$E$2:$E$158,$A29),ScorerData!$E$2:$E$158,0)))
A30: =IFERROR(IF(INDEX(ScorerData!$D$2:$D$158,MATCH(LARGE(ScorerData!$E$2:$E$158,29),ScorerData!$E$2:$E$158,0))>0,29,""),"") | B30: =IF($A30="","",INDEX(ScorerData!$A$2:$A$158,MATCH(LARGE(ScorerData!$E$2:$E$158,$A30),ScorerData!$E$2:$E$158,0))) | C30: =IF($A30="","",INDEX(ScorerData!$B$2:$B$158,MATCH(LARGE(ScorerData!$E$2:$E$158,$A30),ScorerData!$E$2:$E$158,0))) | D30: =IF($A30="","",INDEX(ScorerData!$D$2:$D$158,MATCH(LARGE(ScorerData!$E$2:$E$158,$A30),ScorerData!$E$2:$E$158,0)))
A31: =IFERROR(IF(INDEX(ScorerData!$D$2:$D$158,MATCH(LARGE(ScorerData!$E$2:$E$158,30),ScorerData!$E$2:$E$158,0))>0,30,""),"") | B31: =IF($A31="","",INDEX(ScorerData!$A$2:$A$158,MATCH(LARGE(ScorerData!$E$2:$E$158,$A31),ScorerData!$E$2:$E$158,0))) | C31: =IF($A31="","",INDEX(ScorerData!$B$2:$B$158,MATCH(LARGE(ScorerData!$E$2:$E$158,$A31),ScorerData!$E$2:$E$158,0))) | D31: =IF($A31="","",INDEX(ScorerData!$D$2:$D$158,MATCH(LARGE(ScorerData!$E$2:$E$158,$A31),ScorerData!$E$2:$E$158,0)))
A32: =IFERROR(IF(INDEX(ScorerData!$D$2:$D$158,MATCH(LARGE(ScorerData!$E$2:$E$158,31),ScorerData!$E$2:$E$158,0))>0,31,""),"") | B32: =IF($A32="","",INDEX(ScorerData!$A$2:$A$158,MATCH(LARGE(ScorerData!$E$2:$E$158,$A32),ScorerData!$E$2:$E$158,0))) | C32: =IF($A32="","",INDEX(ScorerData!$B$2:$B$158,MATCH(LARGE(ScorerData!$E$2:$E$158,$A32),ScorerData!$E$2:$E$158,0))) | D32: =IF($A32="","",INDEX(ScorerData!$D$2:$D$158,MATCH(LARGE(ScorerData!$E$2:$E$158,$A32),ScorerData!$E$2:$E$158,0)))
A33: =IFERROR(IF(INDEX(ScorerData!$D$2:$D$158,MATCH(LARGE(ScorerData!$E$2:$E$158,32),ScorerData!$E$2:$E$158,0))>0,32,""),"") | B33: =IF($A33="","",INDEX(ScorerData!$A$2:$A$158,MATCH(LARGE(ScorerData!$E$2:$E$158,$A33),ScorerData!$E$2:$E$158,0))) | C33: =IF($A33="","",INDEX(ScorerData!$B$2:$B$158,MATCH(LARGE(ScorerData!$E$2:$E$158,$A33),ScorerData!$E$2:$E$158,0))) | D33: =IF($A33="","",INDEX(ScorerData!$D$2:$D$158,MATCH(LARGE(ScorerData!$E$2:$E$158,$A33),ScorerData!$E$2:$E$158,0)))
A34: =IFERROR(IF(INDEX(ScorerData!$D$2:$D$158,MATCH(LARGE(ScorerData!$E$2:$E$158,33),ScorerData!$E$2:$E$158,0))>0,33,""),"") | B34: =IF($A34="","",INDEX(ScorerData!$A$2:$A$158,MATCH(LARGE(ScorerData!$E$2:$E$158,$A34),ScorerData!$E$2:$E$158,0))) | C34: =IF($A34="","",INDEX(ScorerData!$B$2:$B$158,MATCH(LARGE(ScorerData!$E$2:$E$158,$A34),ScorerData!$E$2:$E$158,0))) | D34: =IF($A34="","",INDEX(ScorerData!$D$2:$D$158,MATCH(LARGE(ScorerData!$E$2:$E$158,$A34),ScorerData!$E$2:$E$158,0)))
A35: =IFERROR(IF(INDEX(ScorerData!$D$2:$D$158,MATCH(LARGE(ScorerData!$E$2:$E$158,34),ScorerData!$E$2:$E$158,0))>0,34,""),"") | B35: =IF($A35="","",INDEX(ScorerData!$A$2:$A$158,MATCH(LARGE(ScorerData!$E$2:$E$158,$A35),ScorerData!$E$2:$E$158,0))) | C35: =IF($A35="","",INDEX(ScorerData!$B$2:$B$158,MATCH(LARGE(ScorerData!$E$2:$E$158,$A35),ScorerData!$E$2:$E$158,0))) | D35: =IF($A35="","",INDEX(ScorerData!$D$2:$D$158,MATCH(LARGE(ScorerData!$E$2:$E$158,$A35),ScorerData!$E$2:$E$158,0)))
A36: =IFERROR(IF(INDEX(ScorerData!$D$2:$D$158,MATCH(LARGE(ScorerData!$E$2:$E$158,35),ScorerData!$E$2:$E$158,0))>0,35,""),"") | B36: =IF($A36="","",INDEX(ScorerData!$A$2:$A$158,MATCH(LARGE(ScorerData!$E$2:$E$158,$A36),ScorerData!$E$2:$E$158,0))) | C36: =IF($A36="","",INDEX(ScorerData!$B$2:$B$158,MATCH(LARGE(ScorerData!$E$2:$E$158,$A36),ScorerData!$E$2:$E$158,0))) | D36: =IF($A36="","",INDEX(ScorerData!$D$2:$D$158,MATCH(LARGE(ScorerData!$E$2:$E$158,$A36),ScorerData!$E$2:$E$158,0)))
A37: =IFERROR(IF(INDEX(ScorerData!$D$2:$D$158,MATCH(LARGE(ScorerData!$E$2:$E$158,36),ScorerData!$E$2:$E$158,0))>0,36,""),"") | B37: =IF($A37="","",INDEX(ScorerData!$A$2:$A$158,MATCH(LARGE(ScorerData!$E$2:$E$158,$A37),ScorerData!$E$2:$E$158,0))) | C37: =IF($A37="","",INDEX(ScorerData!$B$2:$B$158,MATCH(LARGE(ScorerData!$E$2:$E$158,$A37),ScorerData!$E$2:$E$158,0))) | D37: =IF($A37="","",INDEX(ScorerData!$D$2:$D$158,MATCH(LARGE(ScorerData!$E$2:$E$158,$A37),ScorerData!$E$2:$E$158,0)))
A38: =IFERROR(IF(INDEX(ScorerData!$D$2:$D$158,MATCH(LARGE(ScorerData!$E$2:$E$158,37),ScorerData!$E$2:$E$158,0))>0,37,""),"") | B38: =IF($A38="","",INDEX(ScorerData!$A$2:$A$158,MATCH(LARGE(ScorerData!$E$2:$E$158,$A38),ScorerData!$E$2:$E$158,0))) | C38: =IF($A38="","",INDEX(ScorerData!$B$2:$B$158,MATCH(LARGE(ScorerData!$E$2:$E$158,$A38),ScorerData!$E$2:$E$158,0))) | D38: =IF($A38="","",INDEX(ScorerData!$D$2:$D$158,MATCH(LARGE(ScorerData!$E$2:$E$158,$A38),ScorerData!$E$2:$E$158,0)))
A39: =IFERROR(IF(INDEX(ScorerData!$D$2:$D$158,MATCH(LARGE(ScorerData!$E$2:$E$158,38),ScorerData!$E$2:$E$158,0))>0,38,""),"") | B39: =IF($A39="","",INDEX(ScorerData!$A$2:$A$158,MATCH(LARGE(ScorerData!$E$2:$E$158,$A39),ScorerData!$E$2:$E$158,0))) | C39: =IF($A39="","",INDEX(ScorerData!$B$2:$B$158,MATCH(LARGE(ScorerData!$E$2:$E$158,$A39),ScorerData!$E$2:$E$158,0))) | D39: =IF($A39="","",INDEX(ScorerData!$D$2:$D$158,MATCH(LARGE(ScorerData!$E$2:$E$158,$A39),ScorerData!$E$2:$E$158,0)))
A40: =IFERROR(IF(INDEX(ScorerData!$D$2:$D$158,MATCH(LARGE(ScorerData!$E$2:$E$158,39),ScorerData!$E$2:$E$158,0))>0,39,""),"") | B40: =IF($A40="","",INDEX(ScorerData!$A$2:$A$158,MATCH(LARGE(ScorerData!$E$2:$E$158,$A40),ScorerData!$E$2:$E$158,0))) | C40: =IF($A40="","",INDEX(ScorerData!$B$2:$B$158,MATCH(LARGE(ScorerData!$E$2:$E$158,$A40),ScorerData!$E$2:$E$158,0))) | D40: =IF($A40="","",INDEX(ScorerData!$D$2:$D$158,MATCH(LARGE(ScorerData!$E$2:$E$158,$A40),ScorerData!$E$2:$E$158,0)))
A41: =IFERROR(IF(INDEX(ScorerData!$D$2:$D$158,MATCH(LARGE(ScorerData!$E$2:$E$158,40),ScorerData!$E$2:$E$158,0))>0,40,""),"") | B41: =IF($A41="","",INDEX(ScorerData!$A$2:$A$158,MATCH(LARGE(ScorerData!$E$2:$E$158,$A41),ScorerData!$E$2:$E$158,0))) | C41: =IF($A41="","",INDEX(ScorerData!$B$2:$B$158,MATCH(LARGE(ScorerData!$E$2:$E$158,$A41),ScorerData!$E$2:$E$158,0))) | D41: =IF($A41="","",INDEX(ScorerData!$D$2:$D$158,MATCH(LARGE(ScorerData!$E$2:$E$158,$A41),ScorerData!$E$2:$E$158,0)))
A42: =IFERROR(IF(INDEX(ScorerData!$D$2:$D$158,MATCH(LARGE(ScorerData!$E$2:$E$158,41),ScorerData!$E$2:$E$158,0))>0,41,""),"") | B42: =IF($A42="","",INDEX(ScorerData!$A$2:$A$158,MATCH(LARGE(ScorerData!$E$2:$E$158,$A42),ScorerData!$E$2:$E$158,0))) | C42: =IF($A42="","",INDEX(ScorerData!$B$2:$B$158,MATCH(LARGE(ScorerData!$E$2:$E$158,$A42),ScorerData!$E$2:$E$158,0))) | D42: =IF($A42="","",INDEX(ScorerData!$D$2:$D$158,MATCH(LARGE(ScorerData!$E$2:$E$158,$A42),ScorerData!$E$2:$E$158,0)))
A43: =IFERROR(IF(INDEX(ScorerData!$D$2:$D$158,MATCH(LARGE(ScorerData!$E$2:$E$158,42),ScorerData!$E$2:$E$158,0))>0,42,""),"") | B43: =IF($A43="","",INDEX(ScorerData!$A$2:$A$158,MATCH(LARGE(ScorerData!$E$2:$E$158,$A43),ScorerData!$E$2:$E$158,0))) | C43: =IF($A43="","",INDEX(ScorerData!$B$2:$B$158,MATCH(LARGE(ScorerData!$E$2:$E$158,$A43),ScorerData!$E$2:$E$158,0))) | D43: =IF($A43="","",INDEX(ScorerData!$D$2:$D$158,MATCH(LARGE(ScorerData!$E$2:$E$158,$A43),ScorerData!$E$2:$E$158,0)))
A44: =IFERROR(IF(INDEX(ScorerData!$D$2:$D$158,MATCH(LARGE(ScorerData!$E$2:$E$158,43),ScorerData!$E$2:$E$158,0))>0,43,""),"") | B44: =IF($A44="","",INDEX(ScorerData!$A$2:$A$158,MATCH(LARGE(ScorerData!$E$2:$E$158,$A44),ScorerData!$E$2:$E$158,0))) | C44: =IF($A44="","",INDEX(ScorerData!$B$2:$B$158,MATCH(LARGE(ScorerData!$E$2:$E$158,$A44),ScorerData!$E$2:$E$158,0))) | D44: =IF($A44="","",INDEX(ScorerData!$D$2:$D$158,MATCH(LARGE(ScorerData!$E$2:$E$158,$A44),ScorerData!$E$2:$E$158,0)))
A45: =IFERROR(IF(INDEX(ScorerData!$D$2:$D$158,MATCH(LARGE(ScorerData!$E$2:$E$158,44),ScorerData!$E$2:$E$158,0))>0,44,""),"") | B45: =IF($A45="","",INDEX(ScorerData!$A$2:$A$158,MATCH(LARGE(ScorerData!$E$2:$E$158,$A45),ScorerData!$E$2:$E$158,0))) | C45: =IF($A45="","",INDEX(ScorerData!$B$2:$B$158,MATCH(LARGE(ScorerData!$E$2:$E$158,$A45),ScorerData!$E$2:$E$158,0))) | D45: =IF($A45="","",INDEX(ScorerData!$D$2:$D$158,MATCH(LARGE(ScorerData!$E$2:$E$158,$A45),ScorerData!$E$2:$E$158,0)))
A46: =IFERROR(IF(INDEX(ScorerData!$D$2:$D$158,MATCH(LARGE(ScorerData!$E$2:$E$158,45),ScorerData!$E$2:$E$158,0))>0,45,""),"") | B46: =IF($A46="","",INDEX(ScorerData!$A$2:$A$158,MATCH(LARGE(ScorerData!$E$2:$E$158,$A46),ScorerData!$E$2:$E$158,0))) | C46: =IF($A46="","",INDEX(ScorerData!$B$2:$B$158,MATCH(LARGE(ScorerData!$E$2:$E$158,$A46),ScorerData!$E$2:$E$158,0))) | D46: =IF($A46="","",INDEX(ScorerData!$D$2:$D$158,MATCH(LARGE(ScorerData!$E$2:$E$158,$A46),ScorerData!$E$2:$E$158,0)))
A47: =IFERROR(IF(INDEX(ScorerData!$D$2:$D$158,MATCH(LARGE(ScorerData!$E$2:$E$158,46),ScorerData!$E$2:$E$158,0))>0,46,""),"") | B47: =IF($A47="","",INDEX(ScorerData!$A$2:$A$158,MATCH(LARGE(ScorerData!$E$2:$E$158,$A47),ScorerData!$E$2:$E$158,0))) | C47: =IF($A47="","",INDEX(ScorerData!$B$2:$B$158,MATCH(LARGE(ScorerData!$E$2:$E$158,$A47),ScorerData!$E$2:$E$158,0))) | D47: =IF($A47="","",INDEX(ScorerData!$D$2:$D$158,MATCH(LARGE(ScorerData!$E$2:$E$158,$A47),ScorerData!$E$2:$E$158,0)))
A48: =IFERROR(IF(INDEX(ScorerData!$D$2:$D$158,MATCH(LARGE(ScorerData!$E$2:$E$158,47),ScorerData!$E$2:$E$158,0))>0,47,""),"") | B48: =IF($A48="","",INDEX(ScorerData!$A$2:$A$158,MATCH(LARGE(ScorerData!$E$2:$E$158,$A48),ScorerData!$E$2:$E$158,0))) | C48: =IF($A48="","",INDEX(ScorerData!$B$2:$B$158,MATCH(LARGE(ScorerData!$E$2:$E$158,$A48),ScorerData!$E$2:$E$158,0))) | D48: =IF($A48="","",INDEX(ScorerData!$D$2:$D$158,MATCH(LARGE(ScorerData!$E$2:$E$158,$A48),ScorerData!$E$2:$E$158,0)))
A49: =IFERROR(IF(INDEX(ScorerData!$D$2:$D$158,MATCH(LARGE(ScorerData!$E$2:$E$158,48),ScorerData!$E$2:$E$158,0))>0,48,""),"") | B49: =IF($A49="","",INDEX(ScorerData!$A$2:$A$158,MATCH(LARGE(ScorerData!$E$2:$E$158,$A49),ScorerData!$E$2:$E$158,0))) | C49: =IF($A49="","",INDEX(ScorerData!$B$2:$B$158,MATCH(LARGE(ScorerData!$E$2:$E$158,$A49),ScorerData!$E$2:$E$158,0))) | D49: =IF($A49="","",INDEX(ScorerData!$D$2:$D$158,MATCH(LARGE(ScorerData!$E$2:$E$158,$A49),ScorerData!$E$2:$E$158,0)))
A50: =IFERROR(IF(INDEX(ScorerData!$D$2:$D$158,MATCH(LARGE(ScorerData!$E$2:$E$158,49),ScorerData!$E$2:$E$158,0))>0,49,""),"") | B50: =IF($A50="","",INDEX(ScorerData!$A$2:$A$158,MATCH(LARGE(ScorerData!$E$2:$E$158,$A50),ScorerData!$E$2:$E$158,0))) | C50: =IF($A50="","",INDEX(ScorerData!$B$2:$B$158,MATCH(LARGE(ScorerData!$E$2:$E$158,$A50),ScorerData!$E$2:$E$158,0))) | D50: =IF($A50="","",INDEX(ScorerData!$D$2:$D$158,MATCH(LARGE(ScorerData!$E$2:$E$158,$A50),ScorerData!$E$2:$E$158,0)))
A51: =IFERROR(IF(INDEX(ScorerData!$D$2:$D$158,MATCH(LARGE(ScorerData!$E$2:$E$158,50),ScorerData!$E$2:$E$158,0))>0,50,""),"") | B51: =IF($A51="","",INDEX(ScorerData!$A$2:$A$158,MATCH(LARGE(ScorerData!$E$2:$E$158,$A51),ScorerData!$E$2:$E$158,0))) | C51: =IF($A51="","",INDEX(ScorerData!$B$2:$B$158,MATCH(LARGE(ScorerData!$E$2:$E$158,$A51),ScorerData!$E$2:$E$158,0))) | D51: =IF($A51="","",INDEX(ScorerData!$D$2:$D$158,MATCH(LARGE(ScorerData!$E$2:$E$158,$A51),ScorerData!$E$2:$E$158,0)))

Sheet StandingsData
A1: Group | B1: Team | C1: Played | D1: Won | E1: WonPen | F1: LostPen | G1: Lost | H1: GF | I1: GA | J1: GD | K1: Points | L1: H2H_Manual | M1: SortKey
A2: A | B2: Fatine FC | C2: =COUNTIFS(Matches!$G$2:$G$25,$B2,Matches!$L$2:$L$25,"Complete")+COUNTIFS(Matches!$H$2:$H$25,$B2,Matches!$L$2:$L$25,"Complete") -> 0 | D2: =COUNTIFS(Matches!$G$2:$G$25,$B2,Matches!$L$2:$L$25,"Complete",Matches!$M$2:$M$25,3)+COUNTIFS(Matches!$H$2:$H$25,$B2,Matches!$L$2:$L$25,"Complete",Matches!$N$2:$N$25,3) -> 0 | E2: =COUNTIFS(Matches!$G$2:$G$25,$B2,Matches!$L$2:$L$25,"Complete",Matches!$M$2:$M$25,2)+COUNTIFS(Matches!$H$2:$H$25,$B2,Matches!$L$2:$L$25,"Complete",Matches!$N$2:$N$25,2) -> 0 | F2: =COUNTIFS(Matches!$G$2:$G$25,$B2,Matches!$L$2:$L$25,"Complete",Matches!$M$2:$M$25,1)+COUNTIFS(Matches!$H$2:$H$25,$B2,Matches!$L$2:$L$25,"Complete",Matches!$N$2:$N$25,1) -> 0 | G2: =COUNTIFS(Matches!$G$2:$G$25,$B2,Matches!$L$2:$L$25,"Complete",Matches!$M$2:$M$25,0)+COUNTIFS(Matches!$H$2:$H$25,$B2,Matches!$L$2:$L$25,"Complete",Matches!$N$2:$N$25,0) -> 0 | H2: =SUMIFS(Matches!$I$2:$I$25,Matches!$G$2:$G$25,$B2,Matches!$L$2:$L$25,"Complete")+SUMIFS(Matches!$J$2:$J$25,Matches!$H$2:$H$25,$B2,Matches!$L$2:$L$25,"Complete") -> 0 | I2: =SUMIFS(Matches!$J$2:$J$25,Matches!$G$2:$G$25,$B2,Matches!$L$2:$L$25,"Complete")+SUMIFS(Matches!$I$2:$I$25,Matches!$H$2:$H$25,$B2,Matches!$L$2:$L$25,"Complete") -> 0 | J2: =H2-I2 -> 0 | K2: =SUMIFS(Matches!$M$2:$M$25,Matches!$G$2:$G$25,$B2,Matches!$L$2:$L$25,"Complete")+SUMIFS(Matches!$N$2:$N$25,Matches!$H$2:$H$25,$B2,Matches!$L$2:$L$25,"Complete") -> 0 | L2: 0 | M2: =K2*1000000+L2*10000+J2*100+H2-ROW()/1000 -> -0.002
A3: A | B3: FC Internazionale Rovigo | C3: =COUNTIFS(Matches!$G$2:$G$25,$B3,Matches!$L$2:$L$25,"Complete")+COUNTIFS(Matches!$H$2:$H$25,$B3,Matches!$L$2:$L$25,"Complete") -> 0 | D3: =COUNTIFS(Matches!$G$2:$G$25,$B3,Matches!$L$2:$L$25,"Complete",Matches!$M$2:$M$25,3)+COUNTIFS(Matches!$H$2:$H$25,$B3,Matches!$L$2:$L$25,"Complete",Matches!$N$2:$N$25,3) -> 0 | E3: =COUNTIFS(Matches!$G$2:$G$25,$B3,Matches!$L$2:$L$25,"Complete",Matches!$M$2:$M$25,2)+COUNTIFS(Matches!$H$2:$H$25,$B3,Matches!$L$2:$L$25,"Complete",Matches!$N$2:$N$25,2) -> 0 | F3: =COUNTIFS(Matches!$G$2:$G$25,$B3,Matches!$L$2:$L$25,"Complete",Matches!$M$2:$M$25,1)+COUNTIFS(Matches!$H$2:$H$25,$B3,Matches!$L$2:$L$25,"Complete",Matches!$N$2:$N$25,1) -> 0 | G3: =COUNTIFS(Matches!$G$2:$G$25,$B3,Matches!$L$2:$L$25,"Complete",Matches!$M$2:$M$25,0)+COUNTIFS(Matches!$H$2:$H$25,$B3,Matches!$L$2:$L$25,"Complete",Matches!$N$2:$N$25,0) -> 0 | H3: =SUMIFS(Matches!$I$2:$I$25,Matches!$G$2:$G$25,$B3,Matches!$L$2:$L$25,"Complete")+SUMIFS(Matches!$J$2:$J$25,Matches!$H$2:$H$25,$B3,Matches!$L$2:$L$25,"Complete") -> 0 | I3: =SUMIFS(Matches!$J$2:$J$25,Matches!$G$2:$G$25,$B3,Matches!$L$2:$L$25,"Complete")+SUMIFS(Matches!$I$2:$I$25,Matches!$H$2:$H$25,$B3,Matches!$L$2:$L$25,"Complete") -> 0 | J3: =H3-I3 -> 0 | K3: =SUMIFS(Matches!$M$2:$M$25,Matches!$G$2:$G$25,$B3,Matches!$L$2:$L$25,"Complete")+SUMIFS(Matches!$N$2:$N$25,Matches!$H$2:$H$25,$B3,Matches!$L$2:$L$25,"Complete") -> 0 | L3: =0 -> 0 | M3: =K3*1000000+L3*10000+J3*100+H3-ROW()/1000 -> -0.003
A4: A | B4: Moviola Utd | C4: =COUNTIFS(Matches!$G$2:$G$25,$B4,Matches!$L$2:$L$25,"Complete")+COUNTIFS(Matches!$H$2:$H$25,$B4,Matches!$L$2:$L$25,"Complete") -> 0 | D4: =COUNTIFS(Matches!$G$2:$G$25,$B4,Matches!$L$2:$L$25,"Complete",Matches!$M$2:$M$25,3)+COUNTIFS(Matches!$H$2:$H$25,$B4,Matches!$L$2:$L$25,"Complete",Matches!$N$2:$N$25,3) -> 0 | E4: =COUNTIFS(Matches!$G$2:$G$25,$B4,Matches!$L$2:$L$25,"Complete",Matches!$M$2:$M$25,2)+COUNTIFS(Matches!$H$2:$H$25,$B4,Matches!$L$2:$L$25,"Complete",Matches!$N$2:$N$25,2) -> 0 | F4: =COUNTIFS(Matches!$G$2:$G$25,$B4,Matches!$L$2:$L$25,"Complete",Matches!$M$2:$M$25,1)+COUNTIFS(Matches!$H$2:$H$25,$B4,Matches!$L$2:$L$25,"Complete",Matches!$N$2:$N$25,1) -> 0 | G4: =COUNTIFS(Matches!$G$2:$G$25,$B4,Matches!$L$2:$L$25,"Complete",Matches!$M$2:$M$25,0)+COUNTIFS(Matches!$H$2:$H$25,$B4,Matches!$L$2:$L$25,"Complete",Matches!$N$2:$N$25,0) -> 0 | H4: =SUMIFS(Matches!$I$2:$I$25,Matches!$G$2:$G$25,$B4,Matches!$L$2:$L$25,"Complete")+SUMIFS(Matches!$J$2:$J$25,Matches!$H$2:$H$25,$B4,Matches!$L$2:$L$25,"Complete") -> 0 | I4: =SUMIFS(Matches!$J$2:$J$25,Matches!$G$2:$G$25,$B4,Matches!$L$2:$L$25,"Complete")+SUMIFS(Matches!$I$2:$I$25,Matches!$H$2:$H$25,$B4,Matches!$L$2:$L$25,"Complete") -> 0 | J4: =H4-I4 -> 0 | K4: =SUMIFS(Matches!$M$2:$M$25,Matches!$G$2:$G$25,$B4,Matches!$L$2:$L$25,"Complete")+SUMIFS(Matches!$N$2:$N$25,Matches!$H$2:$H$25,$B4,Matches!$L$2:$L$25,"Complete") -> 0 | L4: =0 -> 0 | M4: =K4*1000000+L4*10000+J4*100+H4-ROW()/1000 -> -0.004
A5: A | B5: Astolfi Impianti Elettrici | C5: =COUNTIFS(Matches!$G$2:$G$25,$B5,Matches!$L$2:$L$25,"Complete")+COUNTIFS(Matches!$H$2:$H$25,$B5,Matches!$L$2:$L$25,"Complete") -> 0 | D5: =COUNTIFS(Matches!$G$2:$G$25,$B5,Matches!$L$2:$L$25,"Complete",Matches!$M$2:$M$25,3)+COUNTIFS(Matches!$H$2:$H$25,$B5,Matches!$L$2:$L$25,"Complete",Matches!$N$2:$N$25,3) -> 0 | E5: =COUNTIFS(Matches!$G$2:$G$25,$B5,Matches!$L$2:$L$25,"Complete",Matches!$M$2:$M$25,2)+COUNTIFS(Matches!$H$2:$H$25,$B5,Matches!$L$2:$L$25,"Complete",Matches!$N$2:$N$25,2) -> 0 | F5: =COUNTIFS(Matches!$G$2:$G$25,$B5,Matches!$L$2:$L$25,"Complete",Matches!$M$2:$M$25,1)+COUNTIFS(Matches!$H$2:$H$25,$B5,Matches!$L$2:$L$25,"Complete",Matches!$N$2:$N$25,1) -> 0 | G5: =COUNTIFS(Matches!$G$2:$G$25,$B5,Matches!$L$2:$L$25,"Complete",Matches!$M$2:$M$25,0)+COUNTIFS(Matches!$H$2:$H$25,$B5,Matches!$L$2:$L$25,"Complete",Matches!$N$2:$N$25,0) -> 0 | H5: =SUMIFS(Matches!$I$2:$I$25,Matches!$G$2:$G$25,$B5,Matches!$L$2:$L$25,"Complete")+SUMIFS(Matches!$J$2:$J$25,Matches!$H$2:$H$25,$B5,Matches!$L$2:$L$25,"Complete") -> 0 | I5: =SUMIFS(Matches!$J$2:$J$25,Matches!$G$2:$G$25,$B5,Matches!$L$2:$L$25,"Complete")+SUMIFS(Matches!$I$2:$I$25,Matches!$H$2:$H$25,$B5,Matches!$L$2:$L$25,"Complete") -> 0 | J5: =H5-I5 -> 0 | K5: =SUMIFS(Matches!$M$2:$M$25,Matches!$G$2:$G$25,$B5,Matches!$L$2:$L$25,"Complete")+SUMIFS(Matches!$N$2:$N$25,Matches!$H$2:$H$25,$B5,Matches!$L$2:$L$25,"Complete") -> 0 | L5: =0 -> 0 | M5: =K5*1000000+L5*10000+J5*100+H5-ROW()/1000 -> -0.005
A6: B | B6: Totani | C6: =COUNTIFS(Matches!$G$2:$G$25,$B6,Matches!$L$2:$L$25,"Complete")+COUNTIFS(Matches!$H$2:$H$25,$B6,Matches!$L$2:$L$25,"Complete") -> 0 | D6: =COUNTIFS(Matches!$G$2:$G$25,$B6,Matches!$L$2:$L$25,"Complete",Matches!$M$2:$M$25,3)+COUNTIFS(Matches!$H$2:$H$25,$B6,Matches!$L$2:$L$25,"Complete",Matches!$N$2:$N$25,3) -> 0 | E6: =COUNTIFS(Matches!$G$2:$G$25,$B6,Matches!$L$2:$L$25,"Complete",Matches!$M$2:$M$25,2)+COUNTIFS(Matches!$H$2:$H$25,$B6,Matches!$L$2:$L$25,"Complete",Matches!$N$2:$N$25,2) -> 0 | F6: =COUNTIFS(Matches!$G$2:$G$25,$B6,Matches!$L$2:$L$25,"Complete",Matches!$M$2:$M$25,1)+COUNTIFS(Matches!$H$2:$H$25,$B6,Matches!$L$2:$L$25,"Complete",Matches!$N$2:$N$25,1) -> 0 | G6: =COUNTIFS(Matches!$G$2:$G$25,$B6,Matches!$L$2:$L$25,"Complete",Matches!$M$2:$M$25,0)+COUNTIFS(Matches!$H$2:$H$25,$B6,Matches!$L$2:$L$25,"Complete",Matches!$N$2:$N$25,0) -> 0 | H6: =SUMIFS(Matches!$I$2:$I$25,Matches!$G$2:$G$25,$B6,Matches!$L$2:$L$25,"Complete")+SUMIFS(Matches!$J$2:$J$25,Matches!$H$2:$H$25,$B6,Matches!$L$2:$L$25,"Complete") -> 0 | I6: =SUMIFS(Matches!$J$2:$J$25,Matches!$G$2:$G$25,$B6,Matches!$L$2:$L$25,"Complete")+SUMIFS(Matches!$I$2:$I$25,Matches!$H$2:$H$25,$B6,Matches!$L$2:$L$25,"Complete") -> 0 | J6: =H6-I6 -> 0 | K6: =SUMIFS(Matches!$M$2:$M$25,Matches!$G$2:$G$25,$B6,Matches!$L$2:$L$25,"Complete")+SUMIFS(Matches!$N$2:$N$25,Matches!$H$2:$H$25,$B6,Matches!$L$2:$L$25,"Complete") -> 0 | L6: =0 -> 0 | M6: =K6*1000000+L6*10000+J6*100+H6-ROW()/1000 -> -0.006
A7: B | B7: Vecchie Glorie Rovigo | C7: =COUNTIFS(Matches!$G$2:$G$25,$B7,Matches!$L$2:$L$25,"Complete")+COUNTIFS(Matches!$H$2:$H$25,$B7,Matches!$L$2:$L$25,"Complete") -> 0 | D7: =COUNTIFS(Matches!$G$2:$G$25,$B7,Matches!$L$2:$L$25,"Complete",Matches!$M$2:$M$25,3)+COUNTIFS(Matches!$H$2:$H$25,$B7,Matches!$L$2:$L$25,"Complete",Matches!$N$2:$N$25,3) -> 0 | E7: =COUNTIFS(Matches!$G$2:$G$25,$B7,Matches!$L$2:$L$25,"Complete",Matches!$M$2:$M$25,2)+COUNTIFS(Matches!$H$2:$H$25,$B7,Matches!$L$2:$L$25,"Complete",Matches!$N$2:$N$25,2) -> 0 | F7: =COUNTIFS(Matches!$G$2:$G$25,$B7,Matches!$L$2:$L$25,"Complete",Matches!$M$2:$M$25,1)+COUNTIFS(Matches!$H$2:$H$25,$B7,Matches!$L$2:$L$25,"Complete",Matches!$N$2:$N$25,1) -> 0 | G7: =COUNTIFS(Matches!$G$2:$G$25,$B7,Matches!$L$2:$L$25,"Complete",Matches!$M$2:$M$25,0)+COUNTIFS(Matches!$H$2:$H$25,$B7,Matches!$L$2:$L$25,"Complete",Matches!$N$2:$N$25,0) -> 0 | H7: =SUMIFS(Matches!$I$2:$I$25,Matches!$G$2:$G$25,$B7,Matches!$L$2:$L$25,"Complete")+SUMIFS(Matches!$J$2:$J$25,Matches!$H$2:$H$25,$B7,Matches!$L$2:$L$25,"Complete") -> 0 | I7: =SUMIFS(Matches!$J$2:$J$25,Matches!$G$2:$G$25,$B7,Matches!$L$2:$L$25,"Complete")+SUMIFS(Matches!$I$2:$I$25,Matches!$H$2:$H$25,$B7,Matches!$L$2:$L$25,"Complete") -> 0 | J7: =H7-I7 -> 0 | K7: =SUMIFS(Matches!$M$2:$M$25,Matches!$G$2:$G$25,$B7,Matches!$L$2:$L$25,"Complete")+SUMIFS(Matches!$N$2:$N$25,Matches!$H$2:$H$25,$B7,Matches!$L$2:$L$25,"Complete") -> 0 | L7: =0 -> 0 | M7: =K7*1000000+L7*10000+J7*100+H7-ROW()/1000 -> -0.007
A8: B | B8: AS Bancatore | C8: =COUNTIFS(Matches!$G$2:$G$25,$B8,Matches!$L$2:$L$25,"Complete")+COUNTIFS(Matches!$H$2:$H$25,$B8,Matches!$L$2:$L$25,"Complete") -> 0 | D8: =COUNTIFS(Matches!$G$2:$G$25,$B8,Matches!$L$2:$L$25,"Complete",Matches!$M$2:$M$25,3)+COUNTIFS(Matches!$H$2:$H$25,$B8,Matches!$L$2:$L$25,"Complete",Matches!$N$2:$N$25,3) -> 0 | E8: =COUNTIFS(Matches!$G$2:$G$25,$B8,Matches!$L$2:$L$25,"Complete",Matches!$M$2:$M$25,2)+COUNTIFS(Matches!$H$2:$H$25,$B8,Matches!$L$2:$L$25,"Complete",Matches!$N$2:$N$25,2) -> 0 | F8: =COUNTIFS(Matches!$G$2:$G$25,$B8,Matches!$L$2:$L$25,"Complete",Matches!$M$2:$M$25,1)+COUNTIFS(Matches!$H$2:$H$25,$B8,Matches!$L$2:$L$25,"Complete",Matches!$N$2:$N$25,1) -> 0 | G8: =COUNTIFS(Matches!$G$2:$G$25,$B8,Matches!$L$2:$L$25,"Complete",Matches!$M$2:$M$25,0)+COUNTIFS(Matches!$H$2:$H$25,$B8,Matches!$L$2:$L$25,"Complete",Matches!$N$2:$N$25,0) -> 0 | H8: =SUMIFS(Matches!$I$2:$I$25,Matches!$G$2:$G$25,$B8,Matches!$L$2:$L$25,"Complete")+SUMIFS(Matches!$J$2:$J$25,Matches!$H$2:$H$25,$B8,Matches!$L$2:$L$25,"Complete") -> 0 | I8: =SUMIFS(Matches!$J$2:$J$25,Matches!$G$2:$G$25,$B8,Matches!$L$2:$L$25,"Complete")+SUMIFS(Matches!$I$2:$I$25,Matches!$H$2:$H$25,$B8,Matches!$L$2:$L$25,"Complete") -> 0 | J8: =H8-I8 -> 0 | K8: =SUMIFS(Matches!$M$2:$M$25,Matches!$G$2:$G$25,$B8,Matches!$L$2:$L$25,"Complete")+SUMIFS(Matches!$N$2:$N$25,Matches!$H$2:$H$25,$B8,Matches!$L$2:$L$25,"Complete") -> 0 | L8: =0 -> 0 | M8: =K8*1000000+L8*10000+J8*100+H8-ROW()/1000 -> -0.008
A9: B | B9: Beverton | C9: =COUNTIFS(Matches!$G$2:$G$25,$B9,Matches!$L$2:$L$25,"Complete")+COUNTIFS(Matches!$H$2:$H$25,$B9,Matches!$L$2:$L$25,"Complete") -> 0 | D9: =COUNTIFS(Matches!$G$2:$G$25,$B9,Matches!$L$2:$L$25,"Complete",Matches!$M$2:$M$25,3)+COUNTIFS(Matches!$H$2:$H$25,$B9,Matches!$L$2:$L$25,"Complete",Matches!$N$2:$N$25,3) -> 0 | E9: =COUNTIFS(Matches!$G$2:$G$25,$B9,Matches!$L$2:$L$25,"Complete",Matches!$M$2:$M$25,2)+COUNTIFS(Matches!$H$2:$H$25,$B9,Matches!$L$2:$L$25,"Complete",Matches!$N$2:$N$25,2) -> 0 | F9: =COUNTIFS(Matches!$G$2:$G$25,$B9,Matches!$L$2:$L$25,"Complete",Matches!$M$2:$M$25,1)+COUNTIFS(Matches!$H$2:$H$25,$B9,Matches!$L$2:$L$25,"Complete",Matches!$N$2:$N$25,1) -> 0 | G9: =COUNTIFS(Matches!$G$2:$G$25,$B9,Matches!$L$2:$L$25,"Complete",Matches!$M$2:$M$25,0)+COUNTIFS(Matches!$H$2:$H$25,$B9,Matches!$L$2:$L$25,"Complete",Matches!$N$2:$N$25,0) -> 0 | H9: =SUMIFS(Matches!$I$2:$I$25,Matches!$G$2:$G$25,$B9,Matches!$L$2:$L$25,"Complete")+SUMIFS(Matches!$J$2:$J$25,Matches!$H$2:$H$25,$B9,Matches!$L$2:$L$25,"Complete") -> 0 | I9: =SUMIFS(Matches!$J$2:$J$25,Matches!$G$2:$G$25,$B9,Matches!$L$2:$L$25,"Complete")+SUMIFS(Matches!$I$2:$I$25,Matches!$H$2:$H$25,$B9,Matches!$L$2:$L$25,"Complete") -> 0 | J9: =H9-I9 -> 0 | K9: =SUMIFS(Matches!$M$2:$M$25,Matches!$G$2:$G$25,$B9,Matches!$L$2:$L$25,"Complete")+SUMIFS(Matches!$N$2:$N$25,Matches!$H$2:$H$25,$B9,Matches!$L$2:$L$25,"Complete") -> 0 | L9: =0 -> 0 | M9: =K9*1000000+L9*10000+J9*100+H9-ROW()/1000 -> -0.009
A10: C | B10: Leoni di Ricky | C10: =COUNTIFS(Matches!$G$2:$G$25,$B10,Matches!$L$2:$L$25,"Complete")+COUNTIFS(Matches!$H$2:$H$25,$B10,Matches!$L$2:$L$25,"Complete") -> 0 | D10: =COUNTIFS(Matches!$G$2:$G$25,$B10,Matches!$L$2:$L$25,"Complete",Matches!$M$2:$M$25,3)+COUNTIFS(Matches!$H$2:$H$25,$B10,Matches!$L$2:$L$25,"Complete",Matches!$N$2:$N$25,3) -> 0 | E10: =COUNTIFS(Matches!$G$2:$G$25,$B10,Matches!$L$2:$L$25,"Complete",Matches!$M$2:$M$25,2)+COUNTIFS(Matches!$H$2:$H$25,$B10,Matches!$L$2:$L$25,"Complete",Matches!$N$2:$N$25,2) -> 0 | F10: =COUNTIFS(Matches!$G$2:$G$25,$B10,Matches!$L$2:$L$25,"Complete",Matches!$M$2:$M$25,1)+COUNTIFS(Matches!$H$2:$H$25,$B10,Matches!$L$2:$L$25,"Complete",Matches!$N$2:$N$25,1) -> 0 | G10: =COUNTIFS(Matches!$G$2:$G$25,$B10,Matches!$L$2:$L$25,"Complete",Matches!$M$2:$M$25,0)+COUNTIFS(Matches!$H$2:$H$25,$B10,Matches!$L$2:$L$25,"Complete",Matches!$N$2:$N$25,0) -> 0 | H10: =SUMIFS(Matches!$I$2:$I$25,Matches!$G$2:$G$25,$B10,Matches!$L$2:$L$25,"Complete")+SUMIFS(Matches!$J$2:$J$25,Matches!$H$2:$H$25,$B10,Matches!$L$2:$L$25,"Complete") -> 0 | I10: =SUMIFS(Matches!$J$2:$J$25,Matches!$G$2:$G$25,$B10,Matches!$L$2:$L$25,"Complete")+SUMIFS(Matches!$I$2:$I$25,Matches!$H$2:$H$25,$B10,Matches!$L$2:$L$25,"Complete") -> 0 | J10: =H10-I10 -> 0 | K10: =SUMIFS(Matches!$M$2:$M$25,Matches!$G$2:$G$25,$B10,Matches!$L$2:$L$25,"Complete")+SUMIFS(Matches!$N$2:$N$25,Matches!$H$2:$H$25,$B10,Matches!$L$2:$L$25,"Complete") -> 0 | L10: =0 -> 0 | M10: =K10*1000000+L10*10000+J10*100+H10-ROW()/1000 -> -0.01
A11: C | B11: Pink 5ive | C11: =COUNTIFS(Matches!$G$2:$G$25,$B11,Matches!$L$2:$L$25,"Complete")+COUNTIFS(Matches!$H$2:$H$25,$B11,Matches!$L$2:$L$25,"Complete") -> 0 | D11: =COUNTIFS(Matches!$G$2:$G$25,$B11,Matches!$L$2:$L$25,"Complete",Matches!$M$2:$M$25,3)+COUNTIFS(Matches!$H$2:$H$25,$B11,Matches!$L$2:$L$25,"Complete",Matches!$N$2:$N$25,3) -> 0 | E11: =COUNTIFS(Matches!$G$2:$G$25,$B11,Matches!$L$2:$L$25,"Complete",Matches!$M$2:$M$25,2)+COUNTIFS(Matches!$H$2:$H$25,$B11,Matches!$L$2:$L$25,"Complete",Matches!$N$2:$N$25,2) -> 0 | F11: =COUNTIFS(Matches!$G$2:$G$25,$B11,Matches!$L$2:$L$25,"Complete",Matches!$M$2:$M$25,1)+COUNTIFS(Matches!$H$2:$H$25,$B11,Matches!$L$2:$L$25,"Complete",Matches!$N$2:$N$25,1) -> 0 | G11: =COUNTIFS(Matches!$G$2:$G$25,$B11,Matches!$L$2:$L$25,"Complete",Matches!$M$2:$M$25,0)+COUNTIFS(Matches!$H$2:$H$25,$B11,Matches!$L$2:$L$25,"Complete",Matches!$N$2:$N$25,0) -> 0 | H11: =SUMIFS(Matches!$I$2:$I$25,Matches!$G$2:$G$25,$B11,Matches!$L$2:$L$25,"Complete")+SUMIFS(Matches!$J$2:$J$25,Matches!$H$2:$H$25,$B11,Matches!$L$2:$L$25,"Complete") -> 0 | I11: =SUMIFS(Matches!$J$2:$J$25,Matches!$G$2:$G$25,$B11,Matches!$L$2:$L$25,"Complete")+SUMIFS(Matches!$I$2:$I$25,Matches!$H$2:$H$25,$B11,Matches!$L$2:$L$25,"Complete") -> 0 | J11: =H11-I11 -> 0 | K11: =SUMIFS(Matches!$M$2:$M$25,Matches!$G$2:$G$25,$B11,Matches!$L$2:$L$25,"Complete")+SUMIFS(Matches!$N$2:$N$25,Matches!$H$2:$H$25,$B11,Matches!$L$2:$L$25,"Complete") -> 0 | L11: =0 -> 0 | M11: =K11*1000000+L11*10000+J11*100+H11-ROW()/1000 -> -0.011
A12: C | B12: Barrio Boys | C12: =COUNTIFS(Matches!$G$2:$G$25,$B12,Matches!$L$2:$L$25,"Complete")+COUNTIFS(Matches!$H$2:$H$25,$B12,Matches!$L$2:$L$25,"Complete") -> 0 | D12: =COUNTIFS(Matches!$G$2:$G$25,$B12,Matches!$L$2:$L$25,"Complete",Matches!$M$2:$M$25,3)+COUNTIFS(Matches!$H$2:$H$25,$B12,Matches!$L$2:$L$25,"Complete",Matches!$N$2:$N$25,3) -> 0 | E12: =COUNTIFS(Matches!$G$2:$G$25,$B12,Matches!$L$2:$L$25,"Complete",Matches!$M$2:$M$25,2)+COUNTIFS(Matches!$H$2:$H$25,$B12,Matches!$L$2:$L$25,"Complete",Matches!$N$2:$N$25,2) -> 0 | F12: =COUNTIFS(Matches!$G$2:$G$25,$B12,Matches!$L$2:$L$25,"Complete",Matches!$M$2:$M$25,1)+COUNTIFS(Matches!$H$2:$H$25,$B12,Matches!$L$2:$L$25,"Complete",Matches!$N$2:$N$25,1) -> 0 | G12: =COUNTIFS(Matches!$G$2:$G$25,$B12,Matches!$L$2:$L$25,"Complete",Matches!$M$2:$M$25,0)+COUNTIFS(Matches!$H$2:$H$25,$B12,Matches!$L$2:$L$25,"Complete",Matches!$N$2:$N$25,0) -> 0 | H12: =SUMIFS(Matches!$I$2:$I$25,Matches!$G$2:$G$25,$B12,Matches!$L$2:$L$25,"Complete")+SUMIFS(Matches!$J$2:$J$25,Matches!$H$2:$H$25,$B12,Matches!$L$2:$L$25,"Complete") -> 0 | I12: =SUMIFS(Matches!$J$2:$J$25,Matches!$G$2:$G$25,$B12,Matches!$L$2:$L$25,"Complete")+SUMIFS(Matches!$I$2:$I$25,Matches!$H$2:$H$25,$B12,Matches!$L$2:$L$25,"Complete") -> 0 | J12: =H12-I12 -> 0 | K12: =SUMIFS(Matches!$M$2:$M$25,Matches!$G$2:$G$25,$B12,Matches!$L$2:$L$25,"Complete")+SUMIFS(Matches!$N$2:$N$25,Matches!$H$2:$H$25,$B12,Matches!$L$2:$L$25,"Complete") -> 0 | L12: =0 -> 0 | M12: =K12*1000000+L12*10000+J12*100+H12-ROW()/1000 -> -0.012
A13: C | B13: Cani | C13: =COUNTIFS(Matches!$G$2:$G$25,$B13,Matches!$L$2:$L$25,"Complete")+COUNTIFS(Matches!$H$2:$H$25,$B13,Matches!$L$2:$L$25,"Complete") -> 0 | D13: =COUNTIFS(Matches!$G$2:$G$25,$B13,Matches!$L$2:$L$25,"Complete",Matches!$M$2:$M$25,3)+COUNTIFS(Matches!$H$2:$H$25,$B13,Matches!$L$2:$L$25,"Complete",Matches!$N$2:$N$25,3) -> 0 | E13: =COUNTIFS(Matches!$G$2:$G$25,$B13,Matches!$L$2:$L$25,"Complete",Matches!$M$2:$M$25,2)+COUNTIFS(Matches!$H$2:$H$25,$B13,Matches!$L$2:$L$25,"Complete",Matches!$N$2:$N$25,2) -> 0 | F13: =COUNTIFS(Matches!$G$2:$G$25,$B13,Matches!$L$2:$L$25,"Complete",Matches!$M$2:$M$25,1)+COUNTIFS(Matches!$H$2:$H$25,$B13,Matches!$L$2:$L$25,"Complete",Matches!$N$2:$N$25,1) -> 0 | G13: =COUNTIFS(Matches!$G$2:$G$25,$B13,Matches!$L$2:$L$25,"Complete",Matches!$M$2:$M$25,0)+COUNTIFS(Matches!$H$2:$H$25,$B13,Matches!$L$2:$L$25,"Complete",Matches!$N$2:$N$25,0) -> 0 | H13: =SUMIFS(Matches!$I$2:$I$25,Matches!$G$2:$G$25,$B13,Matches!$L$2:$L$25,"Complete")+SUMIFS(Matches!$J$2:$J$25,Matches!$H$2:$H$25,$B13,Matches!$L$2:$L$25,"Complete") -> 0 | I13: =SUMIFS(Matches!$J$2:$J$25,Matches!$G$2:$G$25,$B13,Matches!$L$2:$L$25,"Complete")+SUMIFS(Matches!$I$2:$I$25,Matches!$H$2:$H$25,$B13,Matches!$L$2:$L$25,"Complete") -> 0 | J13: =H13-I13 -> 0 | K13: =SUMIFS(Matches!$M$2:$M$25,Matches!$G$2:$G$25,$B13,Matches!$L$2:$L$25,"Complete")+SUMIFS(Matches!$N$2:$N$25,Matches!$H$2:$H$25,$B13,Matches!$L$2:$L$25,"Complete") -> 0 | L13: =0 -> 0 | M13: =K13*1000000+L13*10000+J13*100+H13-ROW()/1000 -> -0.013
A14: D | B14: All Blacks | C14: =COUNTIFS(Matches!$G$2:$G$25,$B14,Matches!$L$2:$L$25,"Complete")+COUNTIFS(Matches!$H$2:$H$25,$B14,Matches!$L$2:$L$25,"Complete") -> 1 | D14: =COUNTIFS(Matches!$G$2:$G$25,$B14,Matches!$L$2:$L$25,"Complete",Matches!$M$2:$M$25,3)+COUNTIFS(Matches!$H$2:$H$25,$B14,Matches!$L$2:$L$25,"Complete",Matches!$N$2:$N$25,3) -> 1 | E14: =COUNTIFS(Matches!$G$2:$G$25,$B14,Matches!$L$2:$L$25,"Complete",Matches!$M$2:$M$25,2)+COUNTIFS(Matches!$H$2:$H$25,$B14,Matches!$L$2:$L$25,"Complete",Matches!$N$2:$N$25,2) -> 0 | F14: =COUNTIFS(Matches!$G$2:$G$25,$B14,Matches!$L$2:$L$25,"Complete",Matches!$M$2:$M$25,1)+COUNTIFS(Matches!$H$2:$H$25,$B14,Matches!$L$2:$L$25,"Complete",Matches!$N$2:$N$25,1) -> 0 | G14: =COUNTIFS(Matches!$G$2:$G$25,$B14,Matches!$L$2:$L$25,"Complete",Matches!$M$2:$M$25,0)+COUNTIFS(Matches!$H$2:$H$25,$B14,Matches!$L$2:$L$25,"Complete",Matches!$N$2:$N$25,0) -> 0 | H14: =SUMIFS(Matches!$I$2:$I$25,Matches!$G$2:$G$25,$B14,Matches!$L$2:$L$25,"Complete")+SUMIFS(Matches!$J$2:$J$25,Matches!$H$2:$H$25,$B14,Matches!$L$2:$L$25,"Complete") -> 1 | I14: =SUMIFS(Matches!$J$2:$J$25,Matches!$G$2:$G$25,$B14,Matches!$L$2:$L$25,"Complete")+SUMIFS(Matches!$I$2:$I$25,Matches!$H$2:$H$25,$B14,Matches!$L$2:$L$25,"Complete") -> 0 | J14: =H14-I14 -> 1 | K14: =SUMIFS(Matches!$M$2:$M$25,Matches!$G$2:$G$25,$B14,Matches!$L$2:$L$25,"Complete")+SUMIFS(Matches!$N$2:$N$25,Matches!$H$2:$H$25,$B14,Matches!$L$2:$L$25,"Complete") -> 3 | L14: =0 -> 0 | M14: =K14*1000000+L14*10000+J14*100+H14-ROW()/1000 -> 3000101
... A17: D | B17: Piadineria la Salsiccia | C17: =COUNTIFS(Matches!$G$2:$G$25,$B17,Matches!$L$2:$L$25,"Complete")+COUNTIFS(Matches!$H$2:$H$25,$B17,Matches!$L$2:$L$25,"Complete") -> 0 | D17: =COUNTIFS(Matches!$G$2:$G$25,$B17,Matches!$L$2:$L$25,"Complete",Matches!$M$2:$M$25,3)+COUNTIFS(Matches!$H$2:$H$25,$B17,Matches!$L$2:$L$25,"Complete",Matches!$N$2:$N$25,3) -> 0 | E17: =COUNTIFS(Matches!$G$2:$G$25,$B17,Matches!$L$2:$L$25,"Complete",Matches!$M$2:$M$25,2)+COUNTIFS(Matches!$H$2:$H$25,$B17,Matches!$L$2:$L$25,"Complete",Matches!$N$2:$N$25,2) -> 0 | F17: =COUNTIFS(Matches!$G$2:$G$25,$B17,Matches!$L$2:$L$25,"Complete",Matches!$M$2:$M$25,1)+COUNTIFS(Matches!$H$2:$H$25,$B17,Matches!$L$2:$L$25,"Complete",Matches!$N$2:$N$25,1) -> 0 | G17: =COUNTIFS(Matches!$G$2:$G$25,$B17,Matches!$L$2:$L$25,"Complete",Matches!$M$2:$M$25,0)+COUNTIFS(Matches!$H$2:$H$25,$B17,Matches!$L$2:$L$25,"Complete",Matches!$N$2:$N$25,0) -> 0 | H17: =SUMIFS(Matches!$I$2:$I$25,Matches!$G$2:$G$25,$B17,Matches!$L$2:$L$25,"Complete")+SUMIFS(Matches!$J$2:$J$25,Matches!$H$2:$H$25,$B17,Matches!$L$2:$L$25,"Complete") -> 0 | I17: =SUMIFS(Matches!$J$2:$J$25,Matches!$G$2:$G$25,$B17,Matches!$L$2:$L$25,"Complete")+SUMIFS(Matches!$I$2:$I$25,Matches!$H$2:$H$25,$B17,Matches!$L$2:$L$25,"Complete") -> 0 | J17: =H17-I17 -> 0 | K17: =SUMIFS(Matches!$M$2:$M$25,Matches!$G$2:$G$25,$B17,Matches!$L$2:$L$25,"Complete")+SUMIFS(Matches!$N$2:$N$25,Matches!$H$2:$H$25,$B17,Matches!$L$2:$L$25,"Complete") -> 0 | L17: =0 -> 0 | M17: =K17*1000000+L17*10000+J17*100+H17-ROW()/1000 -> -0.017

Sheet Standings
A1: Group | B1: Pos | C1: Team | D1: Pts | E1: P | F1: W | G1: WP | H1: LP | I1: L | J1: GF | K1: GA | L1: GD
A2: A | B2: 1 | C2: =INDEX(StandingsData!$B$2:$B$5,MATCH(LARGE(StandingsData!$M$2:$M$5,1),StandingsData!$M$2:$M$5,0)) -> Fatine FC | D2: =INDEX(StandingsData!$K$2:$K$5,MATCH(LARGE(StandingsData!$M$2:$M$5,1),StandingsData!$M$2:$M$5,0)) -> 0 | E2: =INDEX(StandingsData!$C$2:$C$5,MATCH(LARGE(StandingsData!$M$2:$M$5,1),StandingsData!$M$2:$M$5,0)) -> 0 | F2: =INDEX(StandingsData!$D$2:$D$5,MATCH(LARGE(StandingsData!$M$2:$M$5,1),StandingsData!$M$2:$M$5,0)) -> 0 | G2: =INDEX(StandingsData!$E$2:$E$5,MATCH(LARGE(StandingsData!$M$2:$M$5,1),StandingsData!$M$2:$M$5,0)) -> 0 | H2: =INDEX(StandingsData!$F$2:$F$5,MATCH(LARGE(StandingsData!$M$2:$M$5,1),StandingsData!$M$2:$M$5,0)) -> 0 | I2: =INDEX(StandingsData!$G$2:$G$5,MATCH(LARGE(StandingsData!$M$2:$M$5,1),StandingsData!$M$2:$M$5,0)) -> 0 | J2: =INDEX(StandingsData!$H$2:$H$5,MATCH(LARGE(StandingsData!$M$2:$M$5,1),StandingsData!$M$2:$M$5,0)) -> 0 | K2: =INDEX(StandingsData!$I$2:$I$5,MATCH(LARGE(StandingsData!$M$2:$M$5,1),StandingsData!$M$2:$M$5,0)) -> 0 | L2: =INDEX(StandingsData!$J$2:$J$5,MATCH(LARGE(StandingsData!$M$2:$M$5,1),StandingsData!$M$2:$M$5,0)) -> 0
A3: A | B3: 2 | C3: =INDEX(StandingsData!$B$2:$B$5,MATCH(LARGE(StandingsData!$M$2:$M$5,2),StandingsData!$M$2:$M$5,0)) -> FC Internazionale Rovigo | D3: =INDEX(StandingsData!$K$2:$K$5,MATCH(LARGE(StandingsData!$M$2:$M$5,2),StandingsData!$M$2:$M$5,0)) -> 0 | E3: =INDEX(StandingsData!$C$2:$C$5,MATCH(LARGE(StandingsData!$M$2:$M$5,2),StandingsData!$M$2:$M$5,0)) -> 0 | F3: =INDEX(StandingsData!$D$2:$D$5,MATCH(LARGE(StandingsData!$M$2:$M$5,2),StandingsData!$M$2:$M$5,0)) -> 0 | G3: =INDEX(StandingsData!$E$2:$E$5,MATCH(LARGE(StandingsData!$M$2:$M$5,2),StandingsData!$M$2:$M$5,0)) -> 0 | H3: =INDEX(StandingsData!$F$2:$F$5,MATCH(LARGE(StandingsData!$M$2:$M$5,2),StandingsData!$M$2:$M$5,0)) -> 0 | I3: =INDEX(StandingsData!$G$2:$G$5,MATCH(LARGE(StandingsData!$M$2:$M$5,2),StandingsData!$M$2:$M$5,0)) -> 0 | J3: =INDEX(StandingsData!$H$2:$H$5,MATCH(LARGE(StandingsData!$M$2:$M$5,2),StandingsData!$M$2:$M$5,0)) -> 0 | K3: =INDEX(StandingsData!$I$2:$I$5,MATCH(LARGE(StandingsData!$M$2:$M$5,2),StandingsData!$M$2:$M$5,0)) -> 0 | L3: =INDEX(StandingsData!$J$2:$J$5,MATCH(LARGE(StandingsData!$M$2:$M$5,2),StandingsData!$M$2:$M$5,0)) -> 0
A4: A | B4: 3 | C4: =INDEX(StandingsData!$B$2:$B$5,MATCH(LARGE(StandingsData!$M$2:$M$5,3),StandingsData!$M$2:$M$5,0)) -> Moviola Utd | D4: =INDEX(StandingsData!$K$2:$K$5,MATCH(LARGE(StandingsData!$M$2:$M$5,3),StandingsData!$M$2:$M$5,0)) -> 0 | E4: =INDEX(StandingsData!$C$2:$C$5,MATCH(LARGE(StandingsData!$M$2:$M$5,3),StandingsData!$M$2:$M$5,0)) -> 0 | F4: =INDEX(StandingsData!$D$2:$D$5,MATCH(LARGE(StandingsData!$M$2:$M$5,3),StandingsData!$M$2:$M$5,0)) -> 0 | G4: =INDEX(StandingsData!$E$2:$E$5,MATCH(LARGE(StandingsData!$M$2:$M$5,3),StandingsData!$M$2:$M$5,0)) -> 0 | H4: =INDEX(StandingsData!$F$2:$F$5,MATCH(LARGE(StandingsData!$M$2:$M$5,3),StandingsData!$M$2:$M$5,0)) -> 0 | I4: =INDEX(StandingsData!$G$2:$G$5,MATCH(LARGE(StandingsData!$M$2:$M$5,3),StandingsData!$M$2:$M$5,0)) -> 0 | J4: =INDEX(StandingsData!$H$2:$H$5,MATCH(LARGE(StandingsData!$M$2:$M$5,3),StandingsData!$M$2:$M$5,0)) -> 0 | K4: =INDEX(StandingsData!$I$2:$I$5,MATCH(LARGE(StandingsData!$M$2:$M$5,3),StandingsData!$M$2:$M$5,0)) -> 0 | L4: =INDEX(StandingsData!$J$2:$J$5,MATCH(LARGE(StandingsData!$M$2:$M$5,3),StandingsData!$M$2:$M$5,0)) -> 0
A5: A | B5: 4 | C5: =INDEX(StandingsData!$B$2:$B$5,MATCH(LARGE(StandingsData!$M$2:$M$5,4),StandingsData!$M$2:$M$5,0)) -> Astolfi Impianti Elettrici | D5: =INDEX(StandingsData!$K$2:$K$5,MATCH(LARGE(StandingsData!$M$2:$M$5,4),StandingsData!$M$2:$M$5,0)) -> 0 | E5: =INDEX(StandingsData!$C$2:$C$5,MATCH(LARGE(StandingsData!$M$2:$M$5,4),StandingsData!$M$2:$M$5,0)) -> 0 | F5: =INDEX(StandingsData!$D$2:$D$5,MATCH(LARGE(StandingsData!$M$2:$M$5,4),StandingsData!$M$2:$M$5,0)) -> 0 | G5: =INDEX(StandingsData!$E$2:$E$5,MATCH(LARGE(StandingsData!$M$2:$M$5,4),StandingsData!$M$2:$M$5,0)) -> 0 | H5: =INDEX(StandingsData!$F$2:$F$5,MATCH(LARGE(StandingsData!$M$2:$M$5,4),StandingsData!$M$2:$M$5,0)) -> 0 | I5: =INDEX(StandingsData!$G$2:$G$5,MATCH(LARGE(StandingsData!$M$2:$M$5,4),StandingsData!$M$2:$M$5,0)) -> 0 | J5: =INDEX(StandingsData!$H$2:$H$5,MATCH(LARGE(StandingsData!$M$2:$M$5,4),StandingsData!$M$2:$M$5,0)) -> 0 | K5: =INDEX(StandingsData!$I$2:$I$5,MATCH(LARGE(StandingsData!$M$2:$M$5,4),StandingsData!$M$2:$M$5,0)) -> 0 | L5: =INDEX(StandingsData!$J$2:$J$5,MATCH(LARGE(StandingsData!$M$2:$M$5,4),StandingsData!$M$2:$M$5,0)) -> 0
A6: B | B6: 1 | C6: =INDEX(StandingsData!$B$6:$B$9,MATCH(LARGE(StandingsData!$M$6:$M$9,1),StandingsData!$M$6:$M$9,0)) -> Totani | D6: =INDEX(StandingsData!$K$6:$K$9,MATCH(LARGE(StandingsData!$M$6:$M$9,1),StandingsData!$M$6:$M$9,0)) -> 0 | E6: =INDEX(StandingsData!$C$6:$C$9,MATCH(LARGE(StandingsData!$M$6:$M$9,1),StandingsData!$M$6:$M$9,0)) -> 0 | F6: =INDEX(StandingsData!$D$6:$D$9,MATCH(LARGE(StandingsData!$M$6:$M$9,1),StandingsData!$M$6:$M$9,0)) -> 0 | G6: =INDEX(StandingsData!$E$6:$E$9,MATCH(LARGE(StandingsData!$M$6:$M$9,1),StandingsData!$M$6:$M$9,0)) -> 0 | H6: =INDEX(StandingsData!$F$6:$F$9,MATCH(LARGE(StandingsData!$M$6:$M$9,1),StandingsData!$M$6:$M$9,0)) -> 0 | I6: =INDEX(StandingsData!$G$6:$G$9,MATCH(LARGE(StandingsData!$M$6:$M$9,1),StandingsData!$M$6:$M$9,0)) -> 0 | J6: =INDEX(StandingsData!$H$6:$H$9,MATCH(LARGE(StandingsData!$M$6:$M$9,1),StandingsData!$M$6:$M$9,0)) -> 0 | K6: =INDEX(StandingsData!$I$6:$I$9,MATCH(LARGE(StandingsData!$M$6:$M$9,1),StandingsData!$M$6:$M$9,0)) -> 0 | L6: =INDEX(StandingsData!$J$6:$J$9,MATCH(LARGE(StandingsData!$M$6:$M$9,1),StandingsData!$M$6:$M$9,0)) -> 0
A7: B | B7: 2 | C7: =INDEX(StandingsData!$B$6:$B$9,MATCH(LARGE(StandingsData!$M$6:$M$9,2),StandingsData!$M$6:$M$9,0)) -> Vecchie Glorie Rovigo | D7: =INDEX(StandingsData!$K$6:$K$9,MATCH(LARGE(StandingsData!$M$6:$M$9,2),StandingsData!$M$6:$M$9,0)) -> 0 | E7: =INDEX(StandingsData!$C$6:$C$9,MATCH(LARGE(StandingsData!$M$6:$M$9,2),StandingsData!$M$6:$M$9,0)) -> 0 | F7: =INDEX(StandingsData!$D$6:$D$9,MATCH(LARGE(StandingsData!$M$6:$M$9,2),StandingsData!$M$6:$M$9,0)) -> 0 | G7: =INDEX(StandingsData!$E$6:$E$9,MATCH(LARGE(StandingsData!$M$6:$M$9,2),StandingsData!$M$6:$M$9,0)) -> 0 | H7: =INDEX(StandingsData!$F$6:$F$9,MATCH(LARGE(StandingsData!$M$6:$M$9,2),StandingsData!$M$6:$M$9,0)) -> 0 | I7: =INDEX(StandingsData!$G$6:$G$9,MATCH(LARGE(StandingsData!$M$6:$M$9,2),StandingsData!$M$6:$M$9,0)) -> 0 | J7: =INDEX(StandingsData!$H$6:$H$9,MATCH(LARGE(StandingsData!$M$6:$M$9,2),StandingsData!$M$6:$M$9,0)) -> 0 | K7: =INDEX(StandingsData!$I$6:$I$9,MATCH(LARGE(StandingsData!$M$6:$M$9,2),StandingsData!$M$6:$M$9,0)) -> 0 | L7: =INDEX(StandingsData!$J$6:$J$9,MATCH(LARGE(StandingsData!$M$6:$M$9,2),StandingsData!$M$6:$M$9,0)) -> 0
A8: B | B8: 3 | C8: =INDEX(StandingsData!$B$6:$B$9,MATCH(LARGE(StandingsData!$M$6:$M$9,3),StandingsData!$M$6:$M$9,0)) -> AS Bancatore | D8: =INDEX(StandingsData!$K$6:$K$9,MATCH(LARGE(StandingsData!$M$6:$M$9,3),StandingsData!$M$6:$M$9,0)) -> 0 | E8: =INDEX(StandingsData!$C$6:$C$9,MATCH(LARGE(StandingsData!$M$6:$M$9,3),StandingsData!$M$6:$M$9,0)) -> 0 | F8: =INDEX(StandingsData!$D$6:$D$9,MATCH(LARGE(StandingsData!$M$6:$M$9,3),StandingsData!$M$6:$M$9,0)) -> 0 | G8: =INDEX(StandingsData!$E$6:$E$9,MATCH(LARGE(StandingsData!$M$6:$M$9,3),StandingsData!$M$6:$M$9,0)) -> 0 | H8: =INDEX(StandingsData!$F$6:$F$9,MATCH(LARGE(StandingsData!$M$6:$M$9,3),StandingsData!$M$6:$M$9,0)) -> 0 | I8: =INDEX(StandingsData!$G$6:$G$9,MATCH(LARGE(StandingsData!$M$6:$M$9,3),StandingsData!$M$6:$M$9,0)) -> 0 | J8: =INDEX(StandingsData!$H$6:$H$9,MATCH(LARGE(StandingsData!$M$6:$M$9,3),StandingsData!$M$6:$M$9,0)) -> 0 | K8: =INDEX(StandingsData!$I$6:$I$9,MATCH(LARGE(StandingsData!$M$6:$M$9,3),StandingsData!$M$6:$M$9,0)) -> 0 | L8: =INDEX(StandingsData!$J$6:$J$9,MATCH(LARGE(StandingsData!$M$6:$M$9,3),StandingsData!$M$6:$M$9,0)) -> 0
A9: B | B9: 4 | C9: =INDEX(StandingsData!$B$6:$B$9,MATCH(LARGE(StandingsData!$M$6:$M$9,4),StandingsData!$M$6:$M$9,0)) -> Beverton | D9: =INDEX(StandingsData!$K$6:$K$9,MATCH(LARGE(StandingsData!$M$6:$M$9,4),StandingsData!$M$6:$M$9,0)) -> 0 | E9: =INDEX(StandingsData!$C$6:$C$9,MATCH(LARGE(StandingsData!$M$6:$M$9,4),StandingsData!$M$6:$M$9,0)) -> 0 | F9: =INDEX(StandingsData!$D$6:$D$9,MATCH(LARGE(StandingsData!$M$6:$M$9,4),StandingsData!$M$6:$M$9,0)) -> 0 | G9: =INDEX(StandingsData!$E$6:$E$9,MATCH(LARGE(StandingsData!$M$6:$M$9,4),StandingsData!$M$6:$M$9,0)) -> 0 | H9: =INDEX(StandingsData!$F$6:$F$9,MATCH(LARGE(StandingsData!$M$6:$M$9,4),StandingsData!$M$6:$M$9,0)) -> 0 | I9: =INDEX(StandingsData!$G$6:$G$9,MATCH(LARGE(StandingsData!$M$6:$M$9,4),StandingsData!$M$6:$M$9,0)) -> 0 | J9: =INDEX(StandingsData!$H$6:$H$9,MATCH(LARGE(StandingsData!$M$6:$M$9,4),StandingsData!$M$6:$M$9,0)) -> 0 | K9: =INDEX(StandingsData!$I$6:$I$9,MATCH(LARGE(StandingsData!$M$6:$M$9,4),StandingsData!$M$6:$M$9,0)) -> 0 | L9: =INDEX(StandingsData!$J$6:$J$9,MATCH(LARGE(StandingsData!$M$6:$M$9,4),StandingsData!$M$6:$M$9,0)) -> 0
A10: C | B10: 1 | C10: =INDEX(StandingsData!$B$10:$B$13,MATCH(LARGE(StandingsData!$M$10:$M$13,1),StandingsData!$M$10:$M$13,0)) -> Leoni di Ricky | D10: =INDEX(StandingsData!$K$10:$K$13,MATCH(LARGE(StandingsData!$M$10:$M$13,1),StandingsData!$M$10:$M$13,0)) -> 0 | E10: =INDEX(StandingsData!$C$10:$C$13,MATCH(LARGE(StandingsData!$M$10:$M$13,1),StandingsData!$M$10:$M$13,0)) -> 0 | F10: =INDEX(StandingsData!$D$10:$D$13,MATCH(LARGE(StandingsData!$M$10:$M$13,1),StandingsData!$M$10:$M$13,0)) -> 0 | G10: =INDEX(StandingsData!$E$10:$E$13,MATCH(LARGE(StandingsData!$M$10:$M$13,1),StandingsData!$M$10:$M$13,0)) -> 0 | H10: =INDEX(StandingsData!$F$10:$F$13,MATCH(LARGE(StandingsData!$M$10:$M$13,1),StandingsData!$M$10:$M$13,0)) -> 0 | I10: =INDEX(StandingsData!$G$10:$G$13,MATCH(LARGE(StandingsData!$M$10:$M$13,1),StandingsData!$M$10:$M$13,0)) -> 0 | J10: =INDEX(StandingsData!$H$10:$H$13,MATCH(LARGE(StandingsData!$M$10:$M$13,1),StandingsData!$M$10:$M$13,0)) -> 0 | K10: =INDEX(StandingsData!$I$10:$I$13,MATCH(LARGE(StandingsData!$M$10:$M$13,1),StandingsData!$M$10:$M$13,0)) -> 0 | L10: =INDEX(StandingsData!$J$10:$J$13,MATCH(LARGE(StandingsData!$M$10:$M$13,1),StandingsData!$M$10:$M$13,0)) -> 0
A11: C | B11: 2 | C11: =INDEX(StandingsData!$B$10:$B$13,MATCH(LARGE(StandingsData!$M$10:$M$13,2),StandingsData!$M$10:$M$13,0)) -> Pink 5ive | D11: =INDEX(StandingsData!$K$10:$K$13,MATCH(LARGE(StandingsData!$M$10:$M$13,2),StandingsData!$M$10:$M$13,0)) -> 0 | E11: =INDEX(StandingsData!$C$10:$C$13,MATCH(LARGE(StandingsData!$M$10:$M$13,2),StandingsData!$M$10:$M$13,0)) -> 0 | F11: =INDEX(StandingsData!$D$10:$D$13,MATCH(LARGE(StandingsData!$M$10:$M$13,2),StandingsData!$M$10:$M$13,0)) -> 0 | G11: =INDEX(StandingsData!$E$10:$E$13,MATCH(LARGE(StandingsData!$M$10:$M$13,2),StandingsData!$M$10:$M$13,0)) -> 0 | H11: =INDEX(StandingsData!$F$10:$F$13,MATCH(LARGE(StandingsData!$M$10:$M$13,2),StandingsData!$M$10:$M$13,0)) -> 0 | I11: =INDEX(StandingsData!$G$10:$G$13,MATCH(LARGE(StandingsData!$M$10:$M$13,2),StandingsData!$M$10:$M$13,0)) -> 0 | J11: =INDEX(StandingsData!$H$10:$H$13,MATCH(LARGE(StandingsData!$M$10:$M$13,2),StandingsData!$M$10:$M$13,0)) -> 0 | K11: =INDEX(StandingsData!$I$10:$I$13,MATCH(LARGE(StandingsData!$M$10:$M$13,2),StandingsData!$M$10:$M$13,0)) -> 0 | L11: =INDEX(StandingsData!$J$10:$J$13,MATCH(LARGE(StandingsData!$M$10:$M$13,2),StandingsData!$M$10:$M$13,0)) -> 0
A12: C | B12: 3 | C12: =INDEX(StandingsData!$B$10:$B$13,MATCH(LARGE(StandingsData!$M$10:$M$13,3),StandingsData!$M$10:$M$13,0)) -> Barrio Boys | D12: =INDEX(StandingsData!$K$10:$K$13,MATCH(LARGE(StandingsData!$M$10:$M$13,3),StandingsData!$M$10:$M$13,0)) -> 0 | E12: =INDEX(StandingsData!$C$10:$C$13,MATCH(LARGE(StandingsData!$M$10:$M$13,3),StandingsData!$M$10:$M$13,0)) -> 0 | F12: =INDEX(StandingsData!$D$10:$D$13,MATCH(LARGE(StandingsData!$M$10:$M$13,3),StandingsData!$M$10:$M$13,0)) -> 0 | G12: =INDEX(StandingsData!$E$10:$E$13,MATCH(LARGE(StandingsData!$M$10:$M$13,3),StandingsData!$M$10:$M$13,0)) -> 0 | H12: =INDEX(StandingsData!$F$10:$F$13,MATCH(LARGE(StandingsData!$M$10:$M$13,3),StandingsData!$M$10:$M$13,0)) -> 0 | I12: =INDEX(StandingsData!$G$10:$G$13,MATCH(LARGE(StandingsData!$M$10:$M$13,3),StandingsData!$M$10:$M$13,0)) -> 0 | J12: =INDEX(StandingsData!$H$10:$H$13,MATCH(LARGE(StandingsData!$M$10:$M$13,3),StandingsData!$M$10:$M$13,0)) -> 0 | K12: =INDEX(StandingsData!$I$10:$I$13,MATCH(LARGE(StandingsData!$M$10:$M$13,3),StandingsData!$M$10:$M$13,0)) -> 0 | L12: =INDEX(StandingsData!$J$10:$J$13,MATCH(LARGE(StandingsData!$M$10:$M$13,3),StandingsData!$M$10:$M$13,0)) -> 0
A13: C | B13: 4 | C13: =INDEX(StandingsData!$B$10:$B$13,MATCH(LARGE(StandingsData!$M$10:$M$13,4),StandingsData!$M$10:$M$13,0)) -> Cani | D13: =INDEX(StandingsData!$K$10:$K$13,MATCH(LARGE(StandingsData!$M$10:$M$13,4),StandingsData!$M$10:$M$13,0)) -> 0 | E13: =INDEX(StandingsData!$C$10:$C$13,MATCH(LARGE(StandingsData!$M$10:$M$13,4),StandingsData!$M$10:$M$13,0)) -> 0 | F13: =INDEX(StandingsData!$D$10:$D$13,MATCH(LARGE(StandingsData!$M$10:$M$13,4),StandingsData!$M$10:$M$13,0)) -> 0 | G13: =INDEX(StandingsData!$E$10:$E$13,MATCH(LARGE(StandingsData!$M$10:$M$13,4),StandingsData!$M$10:$M$13,0)) -> 0 | H13: =INDEX(StandingsData!$F$10:$F$13,MATCH(LARGE(StandingsData!$M$10:$M$13,4),StandingsData!$M$10:$M$13,0)) -> 0 | I13: =INDEX(StandingsData!$G$10:$G$13,MATCH(LARGE(StandingsData!$M$10:$M$13,4),StandingsData!$M$10:$M$13,0)) -> 0 | J13: =INDEX(StandingsData!$H$10:$H$13,MATCH(LARGE(StandingsData!$M$10:$M$13,4),StandingsData!$M$10:$M$13,0)) -> 0 | K13: =INDEX(StandingsData!$I$10:$I$13,MATCH(LARGE(StandingsData!$M$10:$M$13,4),StandingsData!$M$10:$M$13,0)) -> 0 | L13: =INDEX(StandingsData!$J$10:$J$13,MATCH(LARGE(StandingsData!$M$10:$M$13,4),StandingsData!$M$10:$M$13,0)) -> 0
A14: D | B14: 1 | C14: =INDEX(StandingsData!$B$14:$B$17,MATCH(LARGE(StandingsData!$M$14:$M$17,1),StandingsData!$M$14:$M$17,0)) -> All Blacks | D14: =INDEX(StandingsData!$K$14:$K$17,MATCH(LARGE(StandingsData!$M$14:$M$17,1),StandingsData!$M$14:$M$17,0)) -> 3 | E14: =INDEX(StandingsData!$C$14:$C$17,MATCH(LARGE(StandingsData!$M$14:$M$17,1),StandingsData!$M$14:$M$17,0)) -> 1 | F14: =INDEX(StandingsData!$D$14:$D$17,MATCH(LARGE(StandingsData!$M$14:$M$17,1),StandingsData!$M$14:$M$17,0)) -> 1 | G14: =INDEX(StandingsData!$E$14:$E$17,MATCH(LARGE(StandingsData!$M$14:$M$17,1),StandingsData!$M$14:$M$17,0)) -> 0 | H14: =INDEX(StandingsData!$F$14:$F$17,MATCH(LARGE(StandingsData!$M$14:$M$17,1),StandingsData!$M$14:$M$17,0)) -> 0 | I14: =INDEX(StandingsData!$G$14:$G$17,MATCH(LARGE(StandingsData!$M$14:$M$17,1),StandingsData!$M$14:$M$17,0)) -> 0 | J14: =INDEX(StandingsData!$H$14:$H$17,MATCH(LARGE(StandingsData!$M$14:$M$17,1),StandingsData!$M$14:$M$17,0)) -> 1 | K14: =INDEX(StandingsData!$I$14:$I$17,MATCH(LARGE(StandingsData!$M$14:$M$17,1),StandingsData!$M$14:$M$17,0)) -> 0 | L14: =INDEX(StandingsData!$J$14:$J$17,MATCH(LARGE(StandingsData!$M$14:$M$17,1),StandingsData!$M$14:$M$17,0)) -> 1
A15: D | B15: 2 | C15: =INDEX(StandingsData!$B$14:$B$17,MATCH(LARGE(StandingsData!$M$14:$M$17,2),StandingsData!$M$14:$M$17,0)) -> Coca Juniors | D15: =INDEX(StandingsData!$K$14:$K$17,MATCH(LARGE(StandingsData!$M$14:$M$17,2),StandingsData!$M$14:$M$17,0)) -> 0 | E15: =INDEX(StandingsData!$C$14:$C$17,MATCH(LARGE(StandingsData!$M$14:$M$17,2),StandingsData!$M$14:$M$17,0)) -> 0 | F15: =INDEX(StandingsData!$D$14:$D$17,MATCH(LARGE(StandingsData!$M$14:$M$17,2),StandingsData!$M$14:$M$17,0)) -> 0 | G15: =INDEX(StandingsData!$E$14:$E$17,MATCH(LARGE(StandingsData!$M$14:$M$17,2),StandingsData!$M$14:$M$17,0)) -> 0 | H15: =INDEX(StandingsData!$F$14:$F$17,MATCH(LARGE(StandingsData!$M$14:$M$17,2),StandingsData!$M$14:$M$17,0)) -> 0 | I15: =INDEX(StandingsData!$G$14:$G$17,MATCH(LARGE(StandingsData!$M$14:$M$17,2),StandingsData!$M$14:$M$17,0)) -> 0 | J15: =INDEX(StandingsData!$H$14:$H$17,MATCH(LARGE(StandingsData!$M$14:$M$17,2),StandingsData!$M$14:$M$17,0)) -> 0 | K15: =INDEX(StandingsData!$I$14:$I$17,MATCH(LARGE(StandingsData!$M$14:$M$17,2),StandingsData!$M$14:$M$17,0)) -> 0 | L15: =INDEX(StandingsData!$J$14:$J$17,MATCH(LARGE(StandingsData!$M$14:$M$17,2),StandingsData!$M$14:$M$17,0)) -> 0
A16: D | B16: 3 | C16: =INDEX(StandingsData!$B$14:$B$17,MATCH(LARGE(StandingsData!$M$14:$M$17,3),StandingsData!$M$14:$M$17,0)) -> Piadineria la Salsiccia | D16: =INDEX(StandingsData!$K$14:$K$17,MATCH(LARGE(StandingsData!$M$14:$M$17,3),StandingsData!$M$14:$M$17,0)) -> 0 | E16: =INDEX(StandingsData!$C$14:$C$17,MATCH(LARGE(StandingsData!$M$14:$M$17,3),StandingsData!$M$14:$M$17,0)) -> 0 | F16: =INDEX(StandingsData!$D$14:$D$17,MATCH(LARGE(StandingsData!$M$14:$M$17,3),StandingsData!$M$14:$M$17,0)) -> 0 | G16: =INDEX(StandingsData!$E$14:$E$17,MATCH(LARGE(StandingsData!$M$14:$M$17,3),StandingsData!$M$14:$M$17,0)) -> 0 | H16: =INDEX(StandingsData!$F$14:$F$17,MATCH(LARGE(StandingsData!$M$14:$M$17,3),StandingsData!$M$14:$M$17,0)) -> 0 | I16: =INDEX(StandingsData!$G$14:$G$17,MATCH(LARGE(StandingsData!$M$14:$M$17,3),StandingsData!$M$14:$M$17,0)) -> 0 | J16: =INDEX(StandingsData!$H$14:$H$17,MATCH(LARGE(StandingsData!$M$14:$M$17,3),StandingsData!$M$14:$M$17,0)) -> 0 | K16: =INDEX(StandingsData!$I$14:$I$17,MATCH(LARGE(StandingsData!$M$14:$M$17,3),StandingsData!$M$14:$M$17,0)) -> 0 | L16: =INDEX(StandingsData!$J$14:$J$17,MATCH(LARGE(StandingsData!$M$14:$M$17,3),StandingsData!$M$14:$M$17,0)) -> 0
A17: D | B17: 4 | C17: =INDEX(StandingsData!$B$14:$B$17,MATCH(LARGE(StandingsData!$M$14:$M$17,4),StandingsData!$M$14:$M$17,0)) -> Boldò Glimt | D17: =INDEX(StandingsData!$K$14:$K$17,MATCH(LARGE(StandingsData!$M$14:$M$17,4),StandingsData!$M$14:$M$17,0)) -> 0 | E17: =INDEX(StandingsData!$C$14:$C$17,MATCH(LARGE(StandingsData!$M$14:$M$17,4),StandingsData!$M$14:$M$17,0)) -> 1 | F17: =INDEX(StandingsData!$D$14:$D$17,MATCH(LARGE(StandingsData!$M$14:$M$17,4),StandingsData!$M$14:$M$17,0)) -> 0 | G17: =INDEX(StandingsData!$E$14:$E$17,MATCH(LARGE(StandingsData!$M$14:$M$17,4),StandingsData!$M$14:$M$17,0)) -> 0 | H17: =INDEX(StandingsData!$F$14:$F$17,MATCH(LARGE(StandingsData!$M$14:$M$17,4),StandingsData!$M$14:$M$17,0)) -> 0 | I17: =INDEX(StandingsData!$G$14:$G$17,MATCH(LARGE(StandingsData!$M$14:$M$17,4),StandingsData!$M$14:$M$17,0)) -> 1 | J17: =INDEX(StandingsData!$H$14:$H$17,MATCH(LARGE(StandingsData!$M$14:$M$17,4),StandingsData!$M$14:$M$17,0)) -> 0 | K17: =INDEX(StandingsData!$I$14:$I$17,MATCH(LARGE(StandingsData!$M$14:$M$17,4),StandingsData!$M$14:$M$17,0)) -> 1 | L17: =INDEX(StandingsData!$J$14:$J$17,MATCH(LARGE(StandingsData!$M$14:$M$17,4),StandingsData!$M$14:$M$17,0)) -> -1

Sheet Knockout
A1: MatchID | B1: Stage | C1: Group | D1: Round | E1: Field | F1: Time | G1: HomeTeam | H1: AwayTeam | I1: HomeGoals | J1: AwayGoals | K1: PenaltyWinner | L1: Winner | M1: ScoreLabel
A2: QF1 | B2: Quarter-final | E2: 1 | F2: 20:00 | L2: =IF(OR(I2="",J2=""),"",IF(I2>J2,G2,IF(J2>I2,H2,K2))) | M2: =IF(OR(I2="",J2=""),"",G2&" "&I2&" - "&J2&" "&H2&IF(K2<>""," (rigori: "&K2&")",""))
A3: QF2 | B3: Quarter-final | E3: 2 | F3: 20:00 | L3: =IF(OR(I3="",J3=""),"",IF(I3>J3,G3,IF(J3>I3,H3,K3))) | M3: =IF(OR(I3="",J3=""),"",G3&" "&I3&" - "&J3&" "&H3&IF(K3<>""," (rigori: "&K3&")",""))
A4: QF3 | B4: Quarter-final | E4: 1 | F4: 20:45 | L4: =IF(OR(I4="",J4=""),"",IF(I4>J4,G4,IF(J4>I4,H4,K4))) | M4: =IF(OR(I4="",J4=""),"",G4&" "&I4&" - "&J4&" "&H4&IF(K4<>""," (rigori: "&K4&")",""))
A5: QF4 | B5: Quarter-final | E5: 2 | F5: 20:45 | L5: =IF(OR(I5="",J5=""),"",IF(I5>J5,G5,IF(J5>I5,H5,K5))) | M5: =IF(OR(I5="",J5=""),"",G5&" "&I5&" - "&J5&" "&H5&IF(K5<>""," (rigori: "&K5&")",""))
A6: SF1 | B6: Semi-final | E6: 1 | F6: 21:45 | L6: =IF(OR(I6="",J6=""),"",IF(I6>J6,G6,IF(J6>I6,H6,K6))) | M6: =IF(OR(I6="",J6=""),"",G6&" "&I6&" - "&J6&" "&H6&IF(K6<>""," (rigori: "&K6&")",""))
A7: SF2 | B7: Semi-final | E7: 2 | F7: 21:45 | L7: =IF(OR(I7="",J7=""),"",IF(I7>J7,G7,IF(J7>I7,H7,K7))) | M7: =IF(OR(I7="",J7=""),"",G7&" "&I7&" - "&J7&" "&H7&IF(K7<>""," (rigori: "&K7&")",""))
A8: FIN | B8: Final | F8: 22:45 | L8: =IF(OR(I8="",J8=""),"",IF(I8>J8,G8,IF(J8>I8,H8,K8))) | M8: =IF(OR(I8="",J8=""),"",G8&" "&I8&" - "&J8&" "&H8&IF(K8<>""," (rigori: "&K8&")",""))

Sheet Validation
A1: TeamName | B1: PlayerRangeForINDIRECT | C1: Fatine FC | D1: FC Internazionale Rovigo | E1: Moviola Utd | F1: Astolfi Impianti Elettrici | G1: Totani | H1: Vecchie Glorie Rovigo | I1: AS Bancatore | J1: Beverton | K1: Leoni di Ricky | L1: Pink 5ive | M1: Barrio Boys | N1: Cani | O1: All Blacks | P1: Boldò Glimt | Q1: Coca Juniors | R1: Piadineria la Salsiccia
A2: Fatine FC | B2: Validation!$C$2:$C$11 | C2: 1 - PIETRO SEGATO | D2: BOGDAN ATAMANYUK | E2: FILIPPO ZANFORLIN | F2: 1 - NICOLAS ANDRIOTTO | G2: 5 - DANIEL TARGA | H2: DAVIDE ZAGHI | I2: 1 - RICCARDO BROGLIO | J2: 4 - SAMUEL MATTIELLO | K2: 1 - ANDREA DEGAN | L2: 4 - LORENZO BOSCOLO | M2: 1 - NICCOLÒ LIMAJ | N2: 4 - MANUEL IMPELLICCIERI | O2: 1 - GIACOMO DE SIMONE | P2: 1 - MATTIA BELLUCCO | Q2: 1 - LUCA CAVALLARO | R2: 1 - KEVIN CASTELLAN
A3: FC Internazionale Rovigo | B3: Validation!$D$2:$D$11 | C3: 4 - GIOVANNI BALLO | D3: IVAN DENIS SHEVERAK | E3: MICHAEL STRENGHETTO (C) | F3: 4 - GIANLUCA PAVAN | G3: 6 - RICCARDO DAVÌ | H3: JACOPO VOLTOLINA | I3: 2 - NICOLÒ MARANGONI | J3: 10 - SAMUEL BONSU (C) | K3: 3 - LEONARDO MAGGIO | L3: 7 - TOMMASO FERRARESI | M3: 2 - LUCA NONNATO | N3: 5 - MOURAD ECHCHARI | O3: 3 - MARTINO GRANFO | P3: 2 - NICOLÒ BERTIPAGLIA | Q3: 3 - KEVIN DOBROZI | R3: 2 - SOUFIANE KHECHAB
A4: Moviola Utd | B4: Validation!$E$2:$E$13 | C4: 5 - DANIELE MARZOLLA | D4: MOHAMED IAICH | E4: LUCA BACCO | F4: 6 - NICOLA CAVALLIERI | G4: 7 - RICCARDO SANTARATO | H4: MATTEO ZAMBERLAN | I4: 5 - MATTEO LONGO | J4: 11 - FILIPPO VENDRAMIN | K4: 4 - AMIN MASSAGHRI (C) | L4: 9 - GIOVANNI VERONESE | M4: 7 - FRANCESCO BERARDI | N4: 7 - OTMAN SOUATI | O4: 4 - STEFANO BRAGHIN | P4: 4 - FRANCESCO CUCCATO | Q4: 4 - ANDREA PAVAN | R4: 3 - GABRIELE BARBIERATO
A5: Astolfi Impianti Elettrici | B5: Validation!$F$2:$F$10 | C5: 7 - NICHOLAS MILAN | D5: NICOLÒ ANDOLFO | E5: FILIPPO SCARANELLO | F5: 7 - ALBAN AHMATI | G5: 9 - RICCARDO STIEVANO | H5: MATTEO DALL'ARA | I5: 7 - MATTIA ZAGO | J5: 14 - MARCO GREGGIO | K5: 5 - PIETRO VIOLATO | L5: 10 - AARON PROVITO | M5: 8 - FRANCESCO MARANGON | N5: 8 - KARL KABASELA | O5: 5 - NICOLA BRESCIANI | P5: 7 - ANGELO REDI | Q5: 5 - TOMMASO PAVAN | R5: 4 - DAVIDE DELLA VOLPE (C)
A6: Totani | B6: Validation!$G$2:$G$10 | C6: 8 - ALESSIO MILAN | D6: AHMED ZOUZAF | E6: LORENZO NOVENTA | F6: 8 - MARCO PREVIATO | G6: 10 - LUCA CHERUBIN (C) | H6: LEONARDO FUSCO | I6: 8 - MATTEO SAVIOLI (C) | J6: 19 - CHRISTIAN ZUCCATO | K6: 6 - MARCO THOMPSON | L6: 15 - LUCA CAVALLARO | M6: 9 - GIMMY MANARI | N6: 10 - ALESSIO GHIRARDELLO (C) | O6: 6 - DAVIDE BEDESCHI | P6: 8 - MATTEO VERZA | Q6: 7 - GIAN MARCO MARANGONI | R6: 5 - LUCA CEDRINO
A7: Vecchie Glorie Rovigo | B7: Validation!$H$2:$H$12 | C7: 10 - LUCA MARINI | D7: YOUSSEF IAICH | E7: MATTIA BORGATO | F7: 9 - LUCA SIMEONE | G7: 12 - FILIPPO CREPALDI | H7: DENIS TIMPANARO | I7: 9 - IGNAZIO BADALÌ | J7: 21 - MATTEO BARTOLOMEI | K7: 8 - GIACOMO BORTOLIERO | L7: 19 - MATTEO CAMPION | M7: 10 - CRISTIAN MICUCCI (C) | N7: 11 - ISMAIL ECHCHARI | O7: 7 - NICHOLAS MOSCHINI | P7: 9 - MARCO NEODO | Q7: 9 - ANDREA GREGGIO | R7: 6 - ALLAL SABIL
A8: AS Bancatore | B8: Validation!$I$2:$I$12 | C8: 11 - DAVIDE GHIRARDI | D8: HAMZA AGRIBI (C) | E8: MARCO CASAROTTI | F8: 10 - ELIA NAGLIERI | G8: 15 - LUCA PAPARELLA | H8: MATTEO TOSETTI | I8: 10 - GIANLUCA FREZZATI | K8: 10 - ANDREA BARZAGHIDEANU | L8: 21 - LEONARDO BEDENDO | M8: 11 - RICCARDO ALESSIO | N8: 19 - LORENZO REZZAGHI | O8: 8 - DAVIDE GIRARDELLO | P8: 10 - ALEX BERTIPAGLIA (C) | Q8: 10 - GIACOMO DOLCE (C) | R8: 8 - MATTIA AYRTON MARIOTTO
A9: Beverton | B9: Validation!$J$2:$J$7 | C9: 23 - NICOLA MARINI (C) | D9: KHALID BENNOUNE | E9: MATTEO NATALI | F9: 11 - FILIPPO ZANINI (C) | G9: 18 - LUCA POLATO | H9: MATTEO AMBROSINI | I9: 11 - FEDERICO MASCELLANI | K9: 14 - VLAD GABRIEL DUMINICA | L9: 29 - LUCA BERNARDINELLO | M9: 14 - EDOARDO CAVALLARI | N9: 22 - TOMMASO CALZAVARINI | O9: 9 - NICOLÒ BERGANTIN | P9: 14 - FABIO FERRARI | Q9: 11 - CRISTIAN CAPUZZO | R9: 9 - ANDREA BALDON
A10: Leoni di Ricky | B10: Validation!$K$2:$K$9 | C10: 69 - LUCA ROSSETTO | D10: YASSINE SOHAYB | E10: FRANCESCO DADDATO | F10: 14 - ALBERTO MUNERATO | G10: 71 - DANIELE SECCO | H10: ANDREA BONIN | I10: 13 - ALBERTO OSTI | L10: 63 - LEONARDO VERONESE (C) | M10: 18 - MATTEO FERRO | N10: 45 - LEONARDO BULGARI | O10: 10 - FILIPPO CLEMENTE | P10: 17 - NICOLA MORIN | Q10: 23 - EMANUELE VERONESE | R10: 10 - RAFFAELE GAROFALO
A11: Pink 5ive | B11: Validation!$L$2:$L$11 | C11: 90 - MANUEL MEDEA | D11: ABDESSAMAD BAGHROUCH | E11: NICHOLAS LANZONI | H11: DOMENICO IACOVINO (C) | I11: 14 - LUCA ROSSI | L11: 95 - MATTIA COLTRO | M11: 20 - ANDREA ANZOLETTI | N11: 67 - RICCARDO TOGNOLO | O11: 11 - ALBERTO LORENZETTI (C) | P11: 21 - LUCA CECCONELLO | Q11: 28 - NICOLA DOBROZI | R11: 11 - ALEX BERGO
A12: Barrio Boys | B12: Validation!$M$2:$M$11 | E12: NICOLÒ POLITI | H12: GIACOMO PROTTI | I12: 20 - NICOLA BARONI | O12: 18 - MATTIA BIOLCATI
A13: Cani | B13: Validation!$N$2:$N$11 | E13: MATTEO SENO
A14: All Blacks | B14: Validation!$O$2:$O$12
A15: Boldò Glimt | B15: Validation!$P$2:$P$11
A16: Coca Juniors | B16: Validation!$Q$2:$Q$11
A17: Piadineria la Salsiccia | B17: Validation!$R$2:$R$11

Sheet Export
A1: EXPORT — dati ordinati per sito
A3: standings | N3: top_scorers
A4: group | B4: position | C4: team | D4: points | E4: played | F4: won | G4: won_pen | H4: lost_pen | I4: lost | J4: gf | K4: ga | L4: gd | N4: position | O4: player | P4: team | Q4: goals
A5: =Standings!A2 -> A | B5: =Standings!B2 -> 1 | C5: =Standings!C2 -> Fatine FC | D5: =Standings!D2 -> 0 | E5: =Standings!E2 -> 0 | F5: =Standings!F2 -> 0 | G5: =Standings!G2 -> 0 | H5: =Standings!H2 -> 0 | ... L5: =Standings!L2 -> 0 | N5: =IF(TopScorers!A2="","",TopScorers!A2) -> 1 | O5: =IF(TopScorers!B2="","",TopScorers!B2) -> STEFANO BRAGHIN | P5: =IF(TopScorers!C2="","",TopScorers!C2) -> All Blacks | Q5: =IF(TopScorers!D2="","",TopScorers!D2) -> 1
A6: =Standings!A3 -> A | B6: =Standings!B3 -> 2 | C6: =Standings!C3 -> FC Internazionale Rovigo | D6: =Standings!D3 -> 0 | E6: =Standings!E3 -> 0 | F6: =Standings!F3 -> 0 | G6: =Standings!G3 -> 0 | H6: =Standings!H3 -> 0 | ... L6: =Standings!L3 -> 0 | N6: =IF(TopScorers!A3="","",TopScorers!A3) | O6: =IF(TopScorers!B3="","",TopScorers!B3) | P6: =IF(TopScorers!C3="","",TopScorers!C3) | Q6: =IF(TopScorers!D3="","",TopScorers!D3)
A7: =Standings!A4 -> A | B7: =Standings!B4 -> 3 | C7: =Standings!C4 -> Moviola Utd | D7: =Standings!D4 -> 0 | E7: =Standings!E4 -> 0 | F7: =Standings!F4 -> 0 | G7: =Standings!G4 -> 0 | H7: =Standings!H4 -> 0 | ... L7: =Standings!L4 -> 0 | N7: =IF(TopScorers!A4="","",TopScorers!A4) | O7: =IF(TopScorers!B4="","",TopScorers!B4) | P7: =IF(TopScorers!C4="","",TopScorers!C4) | Q7: =IF(TopScorers!D4="","",TopScorers!D4)
A8: =Standings!A5 -> A | B8: =Standings!B5 -> 4 | C8: =Standings!C5 -> Astolfi Impianti Elettrici | D8: =Standings!D5 -> 0 | E8: =Standings!E5 -> 0 | F8: =Standings!F5 -> 0 | G8: =Standings!G5 -> 0 | H8: =Standings!H5 -> 0 | ... L8: =Standings!L5 -> 0 | N8: =IF(TopScorers!A5="","",TopScorers!A5) | O8: =IF(TopScorers!B5="","",TopScorers!B5) | P8: =IF(TopScorers!C5="","",TopScorers!C5) | Q8: =IF(TopScorers!D5="","",TopScorers!D5)
A9: =Standings!A6 -> B | B9: =Standings!B6 -> 1 | C9: =Standings!C6 -> Totani | D9: =Standings!D6 -> 0 | E9: =Standings!E6 -> 0 | F9: =Standings!F6 -> 0 | G9: =Standings!G6 -> 0 | H9: =Standings!H6 -> 0 | ... L9: =Standings!L6 -> 0 | N9: =IF(TopScorers!A6="","",TopScorers!A6) | O9: =IF(TopScorers!B6="","",TopScorers!B6) | P9: =IF(TopScorers!C6="","",TopScorers!C6) | Q9: =IF(TopScorers!D6="","",TopScorers!D6)
A10: =Standings!A7 -> B | B10: =Standings!B7 -> 2 | C10: =Standings!C7 -> Vecchie Glorie Rovigo | D10: =Standings!D7 -> 0 | E10: =Standings!E7 -> 0 | F10: =Standings!F7 -> 0 | G10: =Standings!G7 -> 0 | H10: =Standings!H7 -> 0 | ... L10: =Standings!L7 -> 0 | N10: =IF(TopScorers!A7="","",TopScorers!A7) | O10: =IF(TopScorers!B7="","",TopScorers!B7) | P10: =IF(TopScorers!C7="","",TopScorers!C7) | Q10: =IF(TopScorers!D7="","",TopScorers!D7)
A11: =Standings!A8 -> B | B11: =Standings!B8 -> 3 | C11: =Standings!C8 -> AS Bancatore | D11: =Standings!D8 -> 0 | E11: =Standings!E8 -> 0 | F11: =Standings!F8 -> 0 | G11: =Standings!G8 -> 0 | H11: =Standings!H8 -> 0 | ... L11: =Standings!L8 -> 0 | N11: =IF(TopScorers!A8="","",TopScorers!A8) | O11: =IF(TopScorers!B8="","",TopScorers!B8) | P11: =IF(TopScorers!C8="","",TopScorers!C8) | Q11: =IF(TopScorers!D8="","",TopScorers!D8)
A12: =Standings!A9 -> B | B12: =Standings!B9 -> 4 | C12: =Standings!C9 -> Beverton | D12: =Standings!D9 -> 0 | E12: =Standings!E9 -> 0 | F12: =Standings!F9 -> 0 | G12: =Standings!G9 -> 0 | H12: =Standings!H9 -> 0 | ... L12: =Standings!L9 -> 0 | N12: =IF(TopScorers!A9="","",TopScorers!A9) | O12: =IF(TopScorers!B9="","",TopScorers!B9) | P12: =IF(TopScorers!C9="","",TopScorers!C9) | Q12: =IF(TopScorers!D9="","",TopScorers!D9)
A13: =Standings!A10 -> C | B13: =Standings!B10 -> 1 | C13: =Standings!C10 -> Leoni di Ricky | D13: =Standings!D10 -> 0 | E13: =Standings!E10 -> 0 | F13: =Standings!F10 -> 0 | G13: =Standings!G10 -> 0 | H13: =Standings!H10 -> 0 | ... L13: =Standings!L10 -> 0 | N13: =IF(TopScorers!A10="","",TopScorers!A10) | O13: =IF(TopScorers!B10="","",TopScorers!B10) | P13: =IF(TopScorers!C10="","",TopScorers!C10) | Q13: =IF(TopScorers!D10="","",TopScorers!D10)
A14: =Standings!A11 -> C | B14: =Standings!B11 -> 2 | C14: =Standings!C11 -> Pink 5ive | D14: =Standings!D11 -> 0 | E14: =Standings!E11 -> 0 | F14: =Standings!F11 -> 0 | G14: =Standings!G11 -> 0 | H14: =Standings!H11 -> 0 | ... L14: =Standings!L11 -> 0 | N14: =IF(TopScorers!A11="","",TopScorers!A11) | O14: =IF(TopScorers!B11="","",TopScorers!B11) | P14: =IF(TopScorers!C11="","",TopScorers!C11) | Q14: =IF(TopScorers!D11="","",TopScorers!D11)
A15: =Standings!A12 -> C | B15: =Standings!B12 -> 3 | C15: =Standings!C12 -> Barrio Boys | D15: =Standings!D12 -> 0 | E15: =Standings!E12 -> 0 | F15: =Standings!F12 -> 0 | G15: =Standings!G12 -> 0 | H15: =Standings!H12 -> 0 | ... L15: =Standings!L12 -> 0 | N15: =IF(TopScorers!A12="","",TopScorers!A12) | O15: =IF(TopScorers!B12="","",TopScorers!B12) | P15: =IF(TopScorers!C12="","",TopScorers!C12) | Q15: =IF(TopScorers!D12="","",TopScorers!D12)
A16: =Standings!A13 -> C | B16: =Standings!B13 -> 4 | C16: =Standings!C13 -> Cani | D16: =Standings!D13 -> 0 | E16: =Standings!E13 -> 0 | F16: =Standings!F13 -> 0 | G16: =Standings!G13 -> 0 | H16: =Standings!H13 -> 0 | ... L16: =Standings!L13 -> 0 | N16: =IF(TopScorers!A13="","",TopScorers!A13) | O16: =IF(TopScorers!B13="","",TopScorers!B13) | P16: =IF(TopScorers!C13="","",TopScorers!C13) | Q16: =IF(TopScorers!D13="","",TopScorers!D13)
... A20: =Standings!A17 -> D | B20: =Standings!B17 -> 4 | C20: =Standings!C17 -> Boldò Glimt | D20: =Standings!D17 -> 0 | E20: =Standings!E17 -> 1 | F20: =Standings!F17 -> 0 | G20: =Standings!G17 -> 0 | H20: =Standings!H17 -> 0 | ... L20: =Standings!L17 -> -1 | N20: =IF(TopScorers!A17="","",TopScorers!A17) | O20: =IF(TopScorers!B17="","",TopScorers!B17) | P20: =IF(TopScorers!C17="","",TopScorers!C17) | Q20: =IF(TopScorers!D17="","",TopScorers!D17)
N21: =IF(TopScorers!A18="","",TopScorers!A18) | O21: =IF(TopScorers!B18="","",TopScorers!B18) | P21: =IF(TopScorers!C18="","",TopScorers!C18) | Q21: =IF(TopScorers!D18="","",TopScorers!D18)
N22: =IF(TopScorers!A19="","",TopScorers!A19) | O22: =IF(TopScorers!B19="","",TopScorers!B19) | P22: =IF(TopScorers!C19="","",TopScorers!C19) | Q22: =IF(TopScorers!D19="","",TopScorers!D19)
A23: matches | N23: =IF(TopScorers!A20="","",TopScorers!A20) | O23: =IF(TopScorers!B20="","",TopScorers!B20) | P23: =IF(TopScorers!C20="","",TopScorers!C20) | Q23: =IF(TopScorers!D20="","",TopScorers!D20)
A24: match_id | B24: stage | C24: group | D24: round | E24: field | F24: time | G24: home_team | H24: away_team | I24: home_goals | J24: away_goals | K24: penalty_winner | L24: status | M24: home_points | N24: away_points | O24: winner | P24: score_label | Q24: home_scorers | R24: away_scorers | S24: autogoals
A25: =Matches!A2 -> M01 | B25: =Matches!B2 -> Group | C25: =Matches!C2 -> D | D25: =Matches!D2 -> 1 | E25: =Matches!E2 -> 1 | F25: =Matches!F2 -> 14:15 | G25: =Matches!G2 -> All Blacks | H25: =Matches!H2 -> Boldò Glimt | I25: =IF(Matches!I2="","",Matches!I2) -> 1 | J25: =IF(Matches!J2="","",Matches!J2) -> 0 | K25: =IF(Matches!K2="","",Matches!K2) | L25: =Matches!L2 -> Complete | M25: =IF(Matches!M2="","",Matches!M2) -> 3 | N25: =IF(Matches!N2="","",Matches!N2) -> 0 | O25: =IF(Matches!O2="","",Matches!O2) -> All Blacks | P25: =IF(Matches!P2="","",Matches!P2) -> All Blacks 1 - 0 Boldò Glimt
A26: =Matches!A3 -> M02 | B26: =Matches!B3 -> Group | C26: =Matches!C3 -> D | D26: =Matches!D3 -> 1 | E26: =Matches!E3 -> 2 | F26: =Matches!F3 -> 14:15 | G26: =Matches!G3 -> Coca Juniors | H26: =Matches!H3 -> Piadineria la Salsiccia | I26: =IF(Matches!I3="","",Matches!I3) | J26: =IF(Matches!J3="","",Matches!J3) | K26: =IF(Matches!K3="","",Matches!K3) | L26: =Matches!L3 -> Pending | M26: =IF(Matches!M3="","",Matches!M3) | N26: =IF(Matches!N3="","",Matches!N3) | O26: =IF(Matches!O3="","",Matches!O3) | P26: =IF(Matches!P3="","",Matches!P3)
A27: =Matches!A4 -> M03 | B27: =Matches!B4 -> Group | C27: =Matches!C4 -> B | D27: =Matches!D4 -> 1 | E27: =Matches!E4 -> 3 (S) | F27: =Matches!F4 -> 14:15 | G27: =Matches!G4 -> Totani | H27: =Matches!H4 -> Vecchie Glorie Rovigo | I27: =IF(Matches!I4="","",Matches!I4) | J27: =IF(Matches!J4="","",Matches!J4) | K27: =IF(Matches!K4="","",Matches!K4) | L27: =Matches!L4 -> Pending | M27: =IF(Matches!M4="","",Matches!M4) | N27: =IF(Matches!N4="","",Matches!N4) | O27: =IF(Matches!O4="","",Matches!O4) | P27: =IF(Matches!P4="","",Matches!P4)
A28: =Matches!A5 -> M04 | B28: =Matches!B5 -> Group | C28: =Matches!C5 -> C | D28: =Matches!D5 -> 1 | E28: =Matches!E5 -> 1 | F28: =Matches!F5 -> 14:45 | G28: =Matches!G5 -> Leoni di Ricky | H28: =Matches!H5 -> Pink 5ive | I28: =IF(Matches!I5="","",Matches!I5) | J28: =IF(Matches!J5="","",Matches!J5) | K28: =IF(Matches!K5="","",Matches!K5) | L28: =Matches!L5 -> Pending | M28: =IF(Matches!M5="","",Matches!M5) | N28: =IF(Matches!N5="","",Matches!N5) | O28: =IF(Matches!O5="","",Matches!O5) | P28: =IF(Matches!P5="","",Matches!P5)
A29: =Matches!A6 -> M05 | B29: =Matches!B6 -> Group | C29: =Matches!C6 -> C | D29: =Matches!D6 -> 1 | E29: =Matches!E6 -> 2 | F29: =Matches!F6 -> 14:45 | G29: =Matches!G6 -> Barrio Boys | H29: =Matches!H6 -> Cani | I29: =IF(Matches!I6="","",Matches!I6) | J29: =IF(Matches!J6="","",Matches!J6) | K29: =IF(Matches!K6="","",Matches!K6) | L29: =Matches!L6 -> Pending | M29: =IF(Matches!M6="","",Matches!M6) | N29: =IF(Matches!N6="","",Matches!N6) | O29: =IF(Matches!O6="","",Matches!O6) | P29: =IF(Matches!P6="","",Matches!P6)
A30: =Matches!A7 -> M06 | B30: =Matches!B7 -> Group | C30: =Matches!C7 -> B | D30: =Matches!D7 -> 1 | E30: =Matches!E7 -> 3 (S) | F30: =Matches!F7 -> 14:45 | G30: =Matches!G7 -> AS Bancatore | H30: =Matches!H7 -> Beverton | I30: =IF(Matches!I7="","",Matches!I7) | J30: =IF(Matches!J7="","",Matches!J7) | K30: =IF(Matches!K7="","",Matches!K7) | L30: =Matches!L7 -> Pending | M30: =IF(Matches!M7="","",Matches!M7) | N30: =IF(Matches!N7="","",Matches!N7) | O30: =IF(Matches!O7="","",Matches!O7) | P30: =IF(Matches!P7="","",Matches!P7)
A31: =Matches!A8 -> M07 | B31: =Matches!B8 -> Group | C31: =Matches!C8 -> A | D31: =Matches!D8 -> 1 | E31: =Matches!E8 -> 1 | F31: =Matches!F8 -> 15:15 | G31: =Matches!G8 -> Fatine FC | H31: =Matches!H8 -> FC Internazionale Rovigo | I31: =IF(Matches!I8="","",Matches!I8) | J31: =IF(Matches!J8="","",Matches!J8) | K31: =IF(Matches!K8="","",Matches!K8) | L31: =Matches!L8 -> Pending | M31: =IF(Matches!M8="","",Matches!M8) | N31: =IF(Matches!N8="","",Matches!N8) | O31: =IF(Matches!O8="","",Matches!O8) | P31: =IF(Matches!P8="","",Matches!P8)
A32: =Matches!A9 -> M08 | B32: =Matches!B9 -> Group | C32: =Matches!C9 -> A | D32: =Matches!D9 -> 1 | E32: =Matches!E9 -> 2 | F32: =Matches!F9 -> 15:15 | G32: =Matches!G9 -> Moviola Utd | H32: =Matches!H9 -> Astolfi Impianti Elettrici | I32: =IF(Matches!I9="","",Matches!I9) | J32: =IF(Matches!J9="","",Matches!J9) | K32: =IF(Matches!K9="","",Matches!K9) | L32: =Matches!L9 -> Pending | M32: =IF(Matches!M9="","",Matches!M9) | N32: =IF(Matches!N9="","",Matches!N9) | O32: =IF(Matches!O9="","",Matches!O9) | P32: =IF(Matches!P9="","",Matches!P9)
A33: =Matches!A10 -> M09 | B33: =Matches!B10 -> Group | C33: =Matches!C10 -> D | D33: =Matches!D10 -> 2 | E33: =Matches!E10 -> 3 (S) | F33: =Matches!F10 -> 15:15 | G33: =Matches!G10 -> All Blacks | H33: =Matches!H10 -> Coca Juniors | I33: =IF(Matches!I10="","",Matches!I10) | J33: =IF(Matches!J10="","",Matches!J10) | K33: =IF(Matches!K10="","",Matches!K10) | L33: =Matches!L10 -> Pending | M33: =IF(Matches!M10="","",Matches!M10) | N33: =IF(Matches!N10="","",Matches!N10) | O33: =IF(Matches!O10="","",Matches!O10) | P33: =IF(Matches!P10="","",Matches!P10)
A34: =Matches!A11 -> M10 | B34: =Matches!B11 -> Group | C34: =Matches!C11 -> B | D34: =Matches!D11 -> 2 | E34: =Matches!E11 -> 1 | F34: =Matches!F11 -> 15:45 | G34: =Matches!G11 -> Totani | H34: =Matches!H11 -> AS Bancatore | I34: =IF(Matches!I11="","",Matches!I11) | J34: =IF(Matches!J11="","",Matches!J11) | K34: =IF(Matches!K11="","",Matches!K11) | L34: =Matches!L11 -> Pending | M34: =IF(Matches!M11="","",Matches!M11) | N34: =IF(Matches!N11="","",Matches!N11) | O34: =IF(Matches!O11="","",Matches!O11) | P34: =IF(Matches!P11="","",Matches!P11)
A35: =Matches!A12 -> M11 | B35: =Matches!B12 -> Group | C35: =Matches!C12 -> B | D35: =Matches!D12 -> 2 | E35: =Matches!E12 -> 2 | F35: =Matches!F12 -> 15:45 | G35: =Matches!G12 -> Vecchie Glorie Rovigo | H35: =Matches!H12 -> Beverton | I35: =IF(Matches!I12="","",Matches!I12) | J35: =IF(Matches!J12="","",Matches!J12) | K35: =IF(Matches!K12="","",Matches!K12) | L35: =Matches!L12 -> Pending | M35: =IF(Matches!M12="","",Matches!M12) | N35: =IF(Matches!N12="","",Matches!N12) | O35: =IF(Matches!O12="","",Matches!O12) | P35: =IF(Matches!P12="","",Matches!P12)
A36: =Matches!A13 -> M12 | B36: =Matches!B13 -> Group | C36: =Matches!C13 -> D | D36: =Matches!D13 -> 2 | E36: =Matches!E13 -> 3 (S) | F36: =Matches!F13 -> 15:45 | G36: =Matches!G13 -> Boldò Glimt | H36: =Matches!H13 -> Piadineria la Salsiccia | I36: =IF(Matches!I13="","",Matches!I13) | J36: =IF(Matches!J13="","",Matches!J13) | K36: =IF(Matches!K13="","",Matches!K13) | L36: =Matches!L13 -> Pending | M36: =IF(Matches!M13="","",Matches!M13) | N36: =IF(Matches!N13="","",Matches!N13) | O36: =IF(Matches!O13="","",Matches!O13) | P36: =IF(Matches!P13="","",Matches!P13)
... A48: =Matches!A25 -> M24 | B48: =Matches!B25 -> Group | C48: =Matches!C25 -> C | D48: =Matches!D25 -> 3 | E48: =Matches!E25 -> 3 (S) | F48: =Matches!F25 -> 18:00 | G48: =Matches!G25 -> Pink 5ive | H48: =Matches!H25 -> Barrio Boys | I48: =IF(Matches!I25="","",Matches!I25) | J48: =IF(Matches!J25="","",Matches!J25) | K48: =IF(Matches!K25="","",Matches!K25) | L48: =Matches!L25 -> Pending | M48: =IF(Matches!M25="","",Matches!M25) | N48: =IF(Matches!N25="","",Matches!N25) | O48: =IF(Matches!O25="","",Matches!O25) | P48: =IF(Matches!P25="","",Matches!P25)
N49: =IF(TopScorers!A46="","",TopScorers!A46) | O49: =IF(TopScorers!B46="","",TopScorers!B46) | P49: =IF(TopScorers!C46="","",TopScorers!C46) | Q49: =IF(TopScorers!D46="","",TopScorers!D46)
N50: =IF(TopScorers!A47="","",TopScorers!A47) | O50: =IF(TopScorers!B47="","",TopScorers!B47) | P50: =IF(TopScorers!C47="","",TopScorers!C47) | Q50: =IF(TopScorers!D47="","",TopScorers!D47)
A51: match_goals | N51: =IF(TopScorers!A48="","",TopScorers!A48) | O51: =IF(TopScorers!B48="","",TopScorers!B48) | P51: =IF(TopScorers!C48="","",TopScorers!C48) | Q51: =IF(TopScorers!D48="","",TopScorers!D48)
A52: match_id | B52: goal_for_team | C52: goal_number | D52: goal_type | E52: player | F52: scorer_team | N52: =IF(TopScorers!A49="","",TopScorers!A49) | O52: =IF(TopScorers!B49="","",TopScorers!B49) | P52: =IF(TopScorers!C49="","",TopScorers!C49) | Q52: =IF(TopScorers!D49="","",TopScorers!D49)
A53: =IF(Goals!A2="","",Goals!A2) -> M01 | B53: =IF(Goals!A2="","",Goals!B2) -> All Blacks | C53: =IF(Goals!A2="","",Goals!C2) -> 1 | D53: =IF(Goals!A2="","",Goals!D2) -> Goal | E53: =IF(Goals!A2="","",Goals!E2) -> 4 - STEFANO BRAGHIN | F53: =IF(Goals!A2="","",Goals!F2) -> All Blacks | N53: =IF(TopScorers!A50="","",TopScorers!A50) | O53: =IF(TopScorers!B50="","",TopScorers!B50) | P53: =IF(TopScorers!C50="","",TopScorers!C50) | Q53: =IF(TopScorers!D50="","",TopScorers!D50)
A54: =IF(Goals!A3="","",Goals!A3) | B54: =IF(Goals!A3="","",Goals!B3) | C54: =IF(Goals!A3="","",Goals!C3) | D54: =IF(Goals!A3="","",Goals!D3) | E54: =IF(Goals!A3="","",Goals!E3) | F54: =IF(Goals!A3="","",Goals!F3) | N54: =IF(TopScorers!A51="","",TopScorers!A51) | O54: =IF(TopScorers!B51="","",TopScorers!B51) | P54: =IF(TopScorers!C51="","",TopScorers!C51) | Q54: =IF(TopScorers!D51="","",TopScorers!D51)
A55: =IF(Goals!A4="","",Goals!A4) | B55: =IF(Goals!A4="","",Goals!B4) | C55: =IF(Goals!A4="","",Goals!C4) | D55: =IF(Goals!A4="","",Goals!D4) | E55: =IF(Goals!A4="","",Goals!E4) | F55: =IF(Goals!A4="","",Goals!F4) | N55: =IF(TopScorers!A52="","",TopScorers!A52) | O55: =IF(TopScorers!B52="","",TopScorers!B52) | P55: =IF(TopScorers!C52="","",TopScorers!C52) | Q55: =IF(TopScorers!D52="","",TopScorers!D52)
A56: =IF(Goals!A5="","",Goals!A5) | B56: =IF(Goals!A5="","",Goals!B5) | C56: =IF(Goals!A5="","",Goals!C5) | D56: =IF(Goals!A5="","",Goals!D5) | E56: =IF(Goals!A5="","",Goals!E5) | F56: =IF(Goals!A5="","",Goals!F5) | N56: =IF(TopScorers!A53="","",TopScorers!A53) | O56: =IF(TopScorers!B53="","",TopScorers!B53) | P56: =IF(TopScorers!C53="","",TopScorers!C53) | Q56: =IF(TopScorers!D53="","",TopScorers!D53)
A57: =IF(Goals!A6="","",Goals!A6) | B57: =IF(Goals!A6="","",Goals!B6) | C57: =IF(Goals!A6="","",Goals!C6) | D57: =IF(Goals!A6="","",Goals!D6) | E57: =IF(Goals!A6="","",Goals!E6) | F57: =IF(Goals!A6="","",Goals!F6) | N57: =IF(TopScorers!A54="","",TopScorers!A54) | O57: =IF(TopScorers!B54="","",TopScorers!B54) | P57: =IF(TopScorers!C54="","",TopScorers!C54) | Q57: =IF(TopScorers!D54="","",TopScorers!D54)
A58: =IF(Goals!A7="","",Goals!A7) | B58: =IF(Goals!A7="","",Goals!B7) | C58: =IF(Goals!A7="","",Goals!C7) | D58: =IF(Goals!A7="","",Goals!D7) | E58: =IF(Goals!A7="","",Goals!E7) | F58: =IF(Goals!A7="","",Goals!F7) | N58: =IF(TopScorers!A55="","",TopScorers!A55) | O58: =IF(TopScorers!B55="","",TopScorers!B55) | P58: =IF(TopScorers!C55="","",TopScorers!C55) | Q58: =IF(TopScorers!D55="","",TopScorers!D55)
A59: =IF(Goals!A8="","",Goals!A8) | B59: =IF(Goals!A8="","",Goals!B8) | C59: =IF(Goals!A8="","",Goals!C8) | D59: =IF(Goals!A8="","",Goals!D8) | E59: =IF(Goals!A8="","",Goals!E8) | F59: =IF(Goals!A8="","",Goals!F8) | N59: =IF(TopScorers!A56="","",TopScorers!A56) | O59: =IF(TopScorers!B56="","",TopScorers!B56) | P59: =IF(TopScorers!C56="","",TopScorers!C56) | Q59: =IF(TopScorers!D56="","",TopScorers!D56)
A60: =IF(Goals!A9="","",Goals!A9) | B60: =IF(Goals!A9="","",Goals!B9) | C60: =IF(Goals!A9="","",Goals!C9) | D60: =IF(Goals!A9="","",Goals!D9) | E60: =IF(Goals!A9="","",Goals!E9) | F60: =IF(Goals!A9="","",Goals!F9) | N60: =IF(TopScorers!A57="","",TopScorers!A57) | O60: =IF(TopScorers!B57="","",TopScorers!B57) | P60: =IF(TopScorers!C57="","",TopScorers!C57) | Q60: =IF(TopScorers!D57="","",TopScorers!D57)
A61: =IF(Goals!A10="","",Goals!A10) | B61: =IF(Goals!A10="","",Goals!B10) | C61: =IF(Goals!A10="","",Goals!C10) | D61: =IF(Goals!A10="","",Goals!D10) | E61: =IF(Goals!A10="","",Goals!E10) | F61: =IF(Goals!A10="","",Goals!F10) | N61: =IF(TopScorers!A58="","",TopScorers!A58) | O61: =IF(TopScorers!B58="","",TopScorers!B58) | P61: =IF(TopScorers!C58="","",TopScorers!C58) | Q61: =IF(TopScorers!D58="","",TopScorers!D58)
A62: =IF(Goals!A11="","",Goals!A11) | B62: =IF(Goals!A11="","",Goals!B11) | C62: =IF(Goals!A11="","",Goals!C11) | D62: =IF(Goals!A11="","",Goals!D11) | E62: =IF(Goals!A11="","",Goals!E11) | F62: =IF(Goals!A11="","",Goals!F11) | N62: =IF(TopScorers!A59="","",TopScorers!A59) | O62: =IF(TopScorers!B59="","",TopScorers!B59) | P62: =IF(TopScorers!C59="","",TopScorers!C59) | Q62: =IF(TopScorers!D59="","",TopScorers!D59)
A63: =IF(Goals!A12="","",Goals!A12) | B63: =IF(Goals!A12="","",Goals!B12) | C63: =IF(Goals!A12="","",Goals!C12) | D63: =IF(Goals!A12="","",Goals!D12) | E63: =IF(Goals!A12="","",Goals!E12) | F63: =IF(Goals!A12="","",Goals!F12) | N63: =IF(TopScorers!A60="","",TopScorers!A60) | O63: =IF(TopScorers!B60="","",TopScorers!B60) | P63: =IF(TopScorers!C60="","",TopScorers!C60) | Q63: =IF(TopScorers!D60="","",TopScorers!D60)
A64: =IF(Goals!A13="","",Goals!A13) | B64: =IF(Goals!A13="","",Goals!B13) | C64: =IF(Goals!A13="","",Goals!C13) | D64: =IF(Goals!A13="","",Goals!D13) | E64: =IF(Goals!A13="","",Goals!E13) | F64: =IF(Goals!A13="","",Goals!F13) | N64: =IF(TopScorers!A61="","",TopScorers!A61) | O64: =IF(TopScorers!B61="","",TopScorers!B61) | P64: =IF(TopScorers!C61="","",TopScorers!C61) | Q64: =IF(TopScorers!D61="","",TopScorers!D61)
... A84: =IF(Goals!A33="","",Goals!A33) | B84: =IF(Goals!A33="","",Goals!B33) | C84: =IF(Goals!A33="","",Goals!C33) | D84: =IF(Goals!A33="","",Goals!D33) | E84: =IF(Goals!A33="","",Goals!E33) | F84: =IF(Goals!A33="","",Goals!F33) | N84: =IF(TopScorers!A81="","",TopScorers!A81) | O84: =IF(TopScorers!B81="","",TopScorers!B81) | P84: =IF(TopScorers!C81="","",TopScorers!C81) | Q84: =IF(TopScorers!D81="","",TopScorers!D81)
A85: =IF(Goals!A34="","",Goals!A34) | B85: =IF(Goals!A34="","",Goals!B34) | C85: =IF(Goals!A34="","",Goals!C34) | D85: =IF(Goals!A34="","",Goals!D34) | E85: =IF(Goals!A34="","",Goals!E34) | F85: =IF(Goals!A34="","",Goals!F34)
A86: =IF(Goals!A35="","",Goals!A35) | B86: =IF(Goals!A35="","",Goals!B35) | C86: =IF(Goals!A35="","",Goals!C35) | D86: =IF(Goals!A35="","",Goals!D35) | E86: =IF(Goals!A35="","",Goals!E35) | F86: =IF(Goals!A35="","",Goals!F35)
A87: =IF(Goals!A36="","",Goals!A36) | B87: =IF(Goals!A36="","",Goals!B36) | C87: =IF(Goals!A36="","",Goals!C36) | D87: =IF(Goals!A36="","",Goals!D36) | E87: =IF(Goals!A36="","",Goals!E36) | F87: =IF(Goals!A36="","",Goals!F36)
A88: =IF(Goals!A37="","",Goals!A37) | B88: =IF(Goals!A37="","",Goals!B37) | C88: =IF(Goals!A37="","",Goals!C37) | D88: =IF(Goals!A37="","",Goals!D37) | E88: =IF(Goals!A37="","",Goals!E37) | F88: =IF(Goals!A37="","",Goals!F37)
A89: =IF(Goals!A38="","",Goals!A38) | B89: =IF(Goals!A38="","",Goals!B38) | C89: =IF(Goals!A38="","",Goals!C38) | D89: =IF(Goals!A38="","",Goals!D38) | E89: =IF(Goals!A38="","",Goals!E38) | F89: =IF(Goals!A38="","",Goals!F38)
A90: =IF(Goals!A39="","",Goals!A39) | B90: =IF(Goals!A39="","",Goals!B39) | C90: =IF(Goals!A39="","",Goals!C39) | D90: =IF(Goals!A39="","",Goals!D39) | E90: =IF(Goals!A39="","",Goals!E39) | F90: =IF(Goals!A39="","",Goals!F39)
A91: =IF(Goals!A40="","",Goals!A40) | B91: =IF(Goals!A40="","",Goals!B40) | C91: =IF(Goals!A40="","",Goals!C40) | D91: =IF(Goals!A40="","",Goals!D40) | E91: =IF(Goals!A40="","",Goals!E40) | F91: =IF(Goals!A40="","",Goals!F40)
A92: =IF(Goals!A41="","",Goals!A41) | B92: =IF(Goals!A41="","",Goals!B41) | C92: =IF(Goals!A41="","",Goals!C41) | D92: =IF(Goals!A41="","",Goals!D41) | E92: =IF(Goals!A41="","",Goals!E41) | F92: =IF(Goals!A41="","",Goals!F41)
A93: =IF(Goals!A42="","",Goals!A42) | B93: =IF(Goals!A42="","",Goals!B42) | C93: =IF(Goals!A42="","",Goals!C42) | D93: =IF(Goals!A42="","",Goals!D42) | E93: =IF(Goals!A42="","",Goals!E42) | F93: =IF(Goals!A42="","",Goals!F42)
A94: =IF(Goals!A43="","",Goals!A43) | B94: =IF(Goals!A43="","",Goals!B43) | C94: =IF(Goals!A43="","",Goals!C43) | D94: =IF(Goals!A43="","",Goals!D43) | E94: =IF(Goals!A43="","",Goals!E43) | F94: =IF(Goals!A43="","",Goals!F43)
A95: =IF(Goals!A44="","",Goals!A44) | B95: =IF(Goals!A44="","",Goals!B44) | C95: =IF(Goals!A44="","",Goals!C44) | D95: =IF(Goals!A44="","",Goals!D44) | E95: =IF(Goals!A44="","",Goals!E44) | F95: =IF(Goals!A44="","",Goals!F44)
A96: =IF(Goals!A45="","",Goals!A45) | B96: =IF(Goals!A45="","",Goals!B45) | C96: =IF(Goals!A45="","",Goals!C45) | D96: =IF(Goals!A45="","",Goals!D45) | E96: =IF(Goals!A45="","",Goals!E45) | F96: =IF(Goals!A45="","",Goals!F45)
... A412: =IF(Goals!A361="","",Goals!A361) -> #REF! | B412: =IF(Goals!A361="","",Goals!B361) -> #REF! | C412: =IF(Goals!A361="","",Goals!C361) -> #REF! | D412: =IF(Goals!A361="","",Goals!D361) -> #REF! | E412: =IF(Goals!A361="","",Goals!E361) -> #REF! | F412: =IF(Goals!A361="","",Goals!F361) -> #REF!
